STRUCTURE,STRUCTURE_ID,STRUCTURE_NAME,ACTION,FREQ,Frequency of observation,REF_AREA,Reference area,MEASURE,Measure,UNIT_MEASURE,Unit of measure,SECTOR,Institutional sector,EDITION,Edition,CATEGORY,Category,TIME_PERIOD,Time period,OBS_VALUE,Observation value,OBS_STATUS,Observation status,UNIT_MULT,Unit multiplier,PRICE_BASE,Price base,BASE_PER,Base period
DATAFLOW,OECD.GOV.GIP:DSD_GOV@DF_GOV_EMPPS_REP_2023(1.0),"Public employment and representation - Government at a glance indicators, 2023 edition",I,A,Annual,KOR,Korea,EMPWPS,Gender equality in public sector employment,PT_W,Percentage of women,S1ZS,Public sector,2023,2023,EMPPS_REP,Public employment and representation,2020,,47.26,,A,Normal value,0,Units,_Z,Not applicable,,
DATAFLOW,OECD.GOV.GIP:DSD_GOV@DF_GOV_EMPPS_REP_2023(1.0),"Public employment and representation - Government at a glance indicators, 2023 edition",I,A,Annual,KOR,Korea,EMPW_PARL,Gender equality in parliament,PT_W,Percentage of women,_Z,Not applicable,2023,2023,EMPPS_REP,Public employment and representation,2002,,5.9,,A,Normal value,0,Units,_Z,Not applicable,,
DATAFLOW,OECD.GOV.GIP:DSD_GOV@DF_GOV_EMPPS_REP_2023(1.0),"Public employment and representation - Government at a glance indicators, 2023 edition",I,A,Annual,KOR,Korea,EMPW_PARL,Gender equality in parliament,PT_W,Percentage of women,_Z,Not applicable,2023,2023,EMPPS_REP,Public employment and representation,2012,,15.7,,A,Normal value,0,Units,_Z,Not applicable,,
DATAFLOW,OECD.GOV.GIP:DSD_GOV@DF_GOV_EMPPS_REP_2023(1.0),"Public employment and representation - Government at a glance indicators, 2023 edition",I,A,Annual,KOR,Korea,EMPW_PARL,Gender equality in parliament,PT_W,Percentage of women,_Z,Not applicable,2023,2023,EMPPS_REP,Public employment and representation,2015,,16.3,,A,Normal value,0,Units,_Z,Not applicable,,
DATAFLOW,OECD.GOV.GIP:DSD_GOV@DF_GOV_EMPPS_REP_2023(1.0),"Public employment and representation - Government at a glance indicators, 2023 edition",I,A,Annual,KOR,Korea,EMPW_PARL,Gender equality in parliament,PT_W,Percentage of women,_Z,Not applicable,2023,2023,EMPPS_REP,Public employment and representation,2017,,17,,A,Normal value,0,Units,_Z,Not applicable,,
DATAFLOW,OECD.GOV.GIP:DSD_GOV@DF_GOV_EMPPS_REP_2023(1.0),"Public employment and representation - Government at a glance indicators, 2023 edition",I,A,Annual,KOR,Korea,EMPW_PARL,Gender equality in parliament,PT_W,Percentage of women,_Z,Not applicable,2023,2023,EMPPS_REP,Public employment and representation,2019,,17.1,,A,Normal value,0,Units,_Z,Not applicable,,
DATAFLOW,OECD.GOV.GIP:DSD_GOV@DF_GOV_EMPPS_REP_2023(1.0),"Public employment and representation - Government at a glance indicators, 2023 edition",I,A,Annual,KOR,Korea,EMPW_PARL,Gender equality in parliament,PT_W,Percentage of women,_Z,Not applicable,2023,2023,EMPPS_REP,Public employment and representation,2021,,19,,A,Normal value,0,Units,_Z,Not applicable,,
DATAFLOW,OECD.GOV.GIP:DSD_GOV@DF_GOV_EMPPS_REP_2023(1.0),"Public employment and representation - Government at a glance indicators, 2023 edition",I,A,Annual,KOR,Korea,EMPW_PARL,Gender equality in parliament,PT_W,Percentage of women,_Z,Not applicable,2023,2023,EMPPS_REP,Public employment and representation,2023,,19.1,,A,Normal value,0,Units,_Z,Not applicable,,
DATAFLOW,OECD.GOV.GIP:DSD_GOV@DF_GOV_EMPPS_REP_2023(1.0),"Public employment and representation - Government at a glance indicators, 2023 edition",I,A,Annual,SVK,Slovak Republic,EMPW_SMP,Gender equality in senior management positions in national administrations,PT_W,Percentage of women,S1311,Central government,2023,2023,EMPPS_REP,Public employment and representation,2007,,43.8,,A,Normal value,0,Units,_Z,Not applicable,,
DATAFLOW,OECD.GOV.GIP:DSD_GOV@DF_GOV_EMPPS_REP_2023(1.0),"Public employment and representation - Government at a glance indicators, 2023 edition",I,A,Annual,SVK,Slovak Republic,EMPW_SMP,Gender equality in senior management positions in national administrations,PT_W,Percentage of women,S1311,Central government,2023,2023,EMPPS_REP,Public employment and representation,2008,,48.6,,A,Normal value,0,Units,_Z,Not applicable,,
DATAFLOW,OECD.GOV.GIP:DSD_GOV@DF_GOV_EMPPS_REP_2023(1.0),"Public employment and representation - Government at a glance indicators, 2023 edition",I,A,Annual,SVK,Slovak Republic,EMPW_SMP,Gender equality in senior management positions in national administrations,PT_W,Percentage of women,S1311,Central government,2023,2023,EMPPS_REP,Public employment and representation,2009,,44.1,,A,Normal value,0,Units,_Z,Not applicable,,
DATAFLOW,OECD.GOV.GIP:DSD_GOV@DF_GOV_EMPPS_REP_2023(1.0),"Public employment and representation - Government at a glance indicators, 2023 edition",I,A,Annual,SVK,Slovak Republic,EMPW_SMP,Gender equality in senior management positions in national administrations,PT_W,Percentage of women,S1311,Central government,2023,2023,EMPPS_REP,Public employment and representation,2010,,53.3,,A,Normal value,0,Units,_Z,Not applicable,,
DATAFLOW,OECD.GOV.GIP:DSD_GOV@DF_GOV_EMPPS_REP_2023(1.0),"Public employment and representation - Government at a glance indicators, 2023 edition",I,A,Annual,SVK,Slovak Republic,EMPW_SMP,Gender equality in senior management positions in national administrations,PT_W,Percentage of women,S1311,Central government,2023,2023,EMPPS_REP,Public employment and representation,2011,,53.1,,A,Normal value,0,Units,_Z,Not applicable,,
DATAFLOW,OECD.GOV.GIP:DSD_GOV@DF_GOV_EMPPS_REP_2023(1.0),"Public employment and representation - Government at a glance indicators, 2023 edition",I,A,Annual,SVK,Slovak Republic,EMPW_SMP,Gender equality in senior management positions in national administrations,PT_W,Percentage of women,S1311,Central government,2023,2023,EMPPS_REP,Public employment and representation,2012,,57.1,,A,Normal value,0,Units,_Z,Not applicable,,
DATAFLOW,OECD.GOV.GIP:DSD_GOV@DF_GOV_EMPPS_REP_2023(1.0),"Public employment and representation - Government at a glance indicators, 2023 edition",I,A,Annual,SVK,Slovak Republic,EMPW_SMP,Gender equality in senior management positions in national administrations,PT_W,Percentage of women,S1311,Central government,2023,2023,EMPPS_REP,Public employment and representation,2013,,57.7,,A,Normal value,0,Units,_Z,Not applicable,,
DATAFLOW,OECD.GOV.GIP:DSD_GOV@DF_GOV_EMPPS_REP_2023(1.0),"Public employment and representation - Government at a glance indicators, 2023 edition",I,A,Annual,SVK,Slovak Republic,EMPW_SMP,Gender equality in senior management positions in national administrations,PT_W,Percentage of women,S1311,Central government,2023,2023,EMPPS_REP,Public employment and representation,2014,,41,,A,Normal value,0,Units,_Z,Not applicable,,
DATAFLOW,OECD.GOV.GIP:DSD_GOV@DF_GOV_EMPPS_REP_2023(1.0),"Public employment and representation - Government at a glance indicators, 2023 edition",I,A,Annual,SVK,Slovak Republic,EMPW_SMP,Gender equality in senior management positions in national administrations,PT_W,Percentage of women,S1311,Central government,2023,2023,EMPPS_REP,Public employment and representation,2015,,42,,A,Normal value,0,Units,_Z,Not applicable,,
DATAFLOW,OECD.GOV.GIP:DSD_GOV@DF_GOV_EMPPS_REP_2023(1.0),"Public employment and representation - Government at a glance indicators, 2023 edition",I,A,Annual,SVK,Slovak Republic,EMPW_SMP,Gender equality in senior management positions in national administrations,PT_W,Percentage of women,S1311,Central government,2023,2023,EMPPS_REP,Public employment and representation,2016,,47.4,,A,Normal value,0,Units,_Z,Not applicable,,
DATAFLOW,OECD.GOV.GIP:DSD_GOV@DF_GOV_EMPPS_REP_2023(1.0),"Public employment and representation - Government at a glance indicators, 2023 edition",I,A,Annual,SVK,Slovak Republic,EMPW_SMP,Gender equality in senior management positions in national administrations,PT_W,Percentage of women,S1311,Central government,2023,2023,EMPPS_REP,Public employment and representation,2017,,48.3,,A,Normal value,0,Units,_Z,Not applicable,,
DATAFLOW,OECD.GOV.GIP:DSD_GOV@DF_GOV_EMPPS_REP_2023(1.0),"Public employment and representation - Government at a glance indicators, 2023 edition",I,A,Annual,SVK,Slovak Republic,EMPW_SMP,Gender equality in senior management positions in national administrations,PT_W,Percentage of women,S1311,Central government,2023,2023,EMPPS_REP,Public employment and representation,2018,,46.5,,A,Normal value,0,Units,_Z,Not applicable,,
DATAFLOW,OECD.GOV.GIP:DSD_GOV@DF_GOV_EMPPS_REP_2023(1.0),"Public employment and representation - Government at a glance indicators, 2023 edition",I,A,Annual,SVK,Slovak Republic,EMPW_SMP,Gender equality in senior management positions in national administrations,PT_W,Percentage of women,S1311,Central government,2023,2023,EMPPS_REP,Public employment and representation,2019,,47.2,,A,Normal value,0,Units,_Z,Not applicable,,
DATAFLOW,OECD.GOV.GIP:DSD_GOV@DF_GOV_EMPPS_REP_2023(1.0),"Public employment and representation - Government at a glance indicators, 2023 edition",I,A,Annual,SVK,Slovak Republic,EMPW_SMP,Gender equality in senior management positions in national administrations,PT_W,Percentage of women,S1311,Central government,2023,2023,EMPPS_REP,Public employment and representation,2020,,47.2,,A,Normal value,0,Units,_Z,Not applicable,,
DATAFLOW,OECD.GOV.GIP:DSD_GOV@DF_GOV_EMPPS_REP_2023(1.0),"Public employment and representation - Government at a glance indicators, 2023 edition",I,A,Annual,SVK,Slovak Republic,EMPW_SMP,Gender equality in senior management positions in national administrations,PT_W,Percentage of women,S1311,Central government,2023,2023,EMPPS_REP,Public employment and representation,2021,,49.8,,A,Normal value,0,Units,_Z,Not applicable,,
DATAFLOW,OECD.GOV.GIP:DSD_GOV@DF_GOV_EMPPS_REP_2023(1.0),"Public employment and representation - Government at a glance indicators, 2023 edition",I,A,Annual,SVK,Slovak Republic,EMPW_SMP,Gender equality in senior management positions in national administrations,PT_W,Percentage of women,S1311,Central government,2023,2023,EMPPS_REP,Public employment and representation,2022,,47,,A,Normal value,0,Units,_Z,Not applicable,,
DATAFLOW,OECD.GOV.GIP:DSD_GOV@DF_GOV_EMPPS_REP_2023(1.0),"Public employment and representation - Government at a glance indicators, 2023 edition",I,A,Annual,SVK,Slovak Republic,EMPWPS,Gender equality in public sector employment,PT_W,Percentage of women,S1ZS,Public sector,2023,2023,EMPPS_REP,Public employment and representation,2020,,60.32,,A,Normal value,0,Units,_Z,Not applicable,,
DATAFLOW,OECD.GOV.GIP:DSD_GOV@DF_GOV_EMPPS_REP_2023(1.0),"Public employment and representation - Government at a glance indicators, 2023 edition",I,A,Annual,SVK,Slovak Republic,EMPWPS,Gender equality in public sector employment,PT_W,Percentage of women,S1ZS,Public sector,2023,2023,EMPPS_REP,Public employment and representation,2011,,59.83,,A,Normal value,0,Units,_Z,Not applicable,,
DATAFLOW,OECD.GOV.GIP:DSD_GOV@DF_GOV_EMPPS_REP_2023(1.0),"Public employment and representation - Government at a glance indicators, 2023 edition",I,A,Annual,SVK,Slovak Republic,EMPW_PJ,Gender equality in professional judges,PT_W,Percentage of women,_Z,Not applicable,2023,2023,EMPPS_REP,Public employment and representation,2014,,62,,A,Normal value,0,Units,_Z,Not applicable,,
DATAFLOW,OECD.GOV.GIP:DSD_GOV@DF_GOV_EMPPS_REP_2023(1.0),"Public employment and representation - Government at a glance indicators, 2023 edition",I,A,Annual,SVK,Slovak Republic,EMPW_PJ,Gender equality in professional judges,PT_W,Percentage of women,_Z,Not applicable,2023,2023,EMPPS_REP,Public employment and representation,2020,,62,,A,Normal value,0,Units,_Z,Not applicable,,
DATAFLOW,OECD.GOV.GIP:DSD_GOV@DF_GOV_EMPPS_REP_2023(1.0),"Public employment and representation - Government at a glance indicators, 2023 edition",I,A,Annual,SVK,Slovak Republic,EMPW_PARL,Gender equality in parliament,PT_W,Percentage of women,_Z,Not applicable,2023,2023,EMPPS_REP,Public employment and representation,2012,,17.3,,A,Normal value,0,Units,_Z,Not applicable,,
DATAFLOW,OECD.GOV.GIP:DSD_GOV@DF_GOV_EMPPS_REP_2023(1.0),"Public employment and representation - Government at a glance indicators, 2023 edition",I,A,Annual,SVK,Slovak Republic,EMPW_PARL,Gender equality in parliament,PT_W,Percentage of women,_Z,Not applicable,2023,2023,EMPPS_REP,Public employment and representation,2015,,18.7,,A,Normal value,0,Units,_Z,Not applicable,,
DATAFLOW,OECD.GOV.GIP:DSD_GOV@DF_GOV_EMPPS_REP_2023(1.0),"Public employment and representation - Government at a glance indicators, 2023 edition",I,A,Annual,SVK,Slovak Republic,EMPW_PARL,Gender equality in parliament,PT_W,Percentage of women,_Z,Not applicable,2023,2023,EMPPS_REP,Public employment and representation,2017,,20,,A,Normal value,0,Units,_Z,Not applicable,,
DATAFLOW,OECD.GOV.GIP:DSD_GOV@DF_GOV_EMPPS_REP_2023(1.0),"Public employment and representation - Government at a glance indicators, 2023 edition",I,A,Annual,SVK,Slovak Republic,EMPW_PARL,Gender equality in parliament,PT_W,Percentage of women,_Z,Not applicable,2023,2023,EMPPS_REP,Public employment and representation,2019,,20,,A,Normal value,0,Units,_Z,Not applicable,,
DATAFLOW,OECD.GOV.GIP:DSD_GOV@DF_GOV_EMPPS_REP_2023(1.0),"Public employment and representation - Government at a glance indicators, 2023 edition",I,A,Annual,SVK,Slovak Republic,EMPW_PARL,Gender equality in parliament,PT_W,Percentage of women,_Z,Not applicable,2023,2023,EMPPS_REP,Public employment and representation,2021,,22.7,,A,Normal value,0,Units,_Z,Not applicable,,
DATAFLOW,OECD.GOV.GIP:DSD_GOV@DF_GOV_EMPPS_REP_2023(1.0),"Public employment and representation - Government at a glance indicators, 2023 edition",I,A,Annual,SVK,Slovak Republic,EMPW_PARL,Gender equality in parliament,PT_W,Percentage of women,_Z,Not applicable,2023,2023,EMPPS_REP,Public employment and representation,2023,,22,,A,Normal value,0,Units,_Z,Not applicable,,
DATAFLOW,OECD.GOV.GIP:DSD_GOV@DF_GOV_EMPPS_REP_2023(1.0),"Public employment and representation - Government at a glance indicators, 2023 edition",I,A,Annual,SVN,Slovenia,EMPW_SMP,Gender equality in senior management positions in national administrations,PT_W,Percentage of women,S1311,Central government,2023,2023,EMPPS_REP,Public employment and representation,2008,,50.8,,A,Normal value,0,Units,_Z,Not applicable,,
DATAFLOW,OECD.GOV.GIP:DSD_GOV@DF_GOV_EMPPS_REP_2023(1.0),"Public employment and representation - Government at a glance indicators, 2023 edition",I,A,Annual,SVN,Slovenia,EMPW_SMP,Gender equality in senior management positions in national administrations,PT_W,Percentage of women,S1311,Central government,2023,2023,EMPPS_REP,Public employment and representation,2009,,52.7,,A,Normal value,0,Units,_Z,Not applicable,,
DATAFLOW,OECD.GOV.GIP:DSD_GOV@DF_GOV_EMPPS_REP_2023(1.0),"Public employment and representation - Government at a glance indicators, 2023 edition",I,A,Annual,SVN,Slovenia,EMPW_SMP,Gender equality in senior management positions in national administrations,PT_W,Percentage of women,S1311,Central government,2023,2023,EMPPS_REP,Public employment and representation,2010,,54,,A,Normal value,0,Units,_Z,Not applicable,,
DATAFLOW,OECD.GOV.GIP:DSD_GOV@DF_GOV_EMPPS_REP_2023(1.0),"Public employment and representation - Government at a glance indicators, 2023 edition",I,A,Annual,SVN,Slovenia,EMPW_SMP,Gender equality in senior management positions in national administrations,PT_W,Percentage of women,S1311,Central government,2023,2023,EMPPS_REP,Public employment and representation,2011,,55.3,,A,Normal value,0,Units,_Z,Not applicable,,
DATAFLOW,OECD.GOV.GIP:DSD_GOV@DF_GOV_EMPPS_REP_2023(1.0),"Public employment and representation - Government at a glance indicators, 2023 edition",I,A,Annual,SVN,Slovenia,EMPW_SMP,Gender equality in senior management positions in national administrations,PT_W,Percentage of women,S1311,Central government,2023,2023,EMPPS_REP,Public employment and representation,2012,,53.4,,A,Normal value,0,Units,_Z,Not applicable,,
DATAFLOW,OECD.GOV.GIP:DSD_GOV@DF_GOV_EMPPS_REP_2023(1.0),"Public employment and representation - Government at a glance indicators, 2023 edition",I,A,Annual,SVN,Slovenia,EMPW_SMP,Gender equality in senior management positions in national administrations,PT_W,Percentage of women,S1311,Central government,2023,2023,EMPPS_REP,Public employment and representation,2013,,54.1,,A,Normal value,0,Units,_Z,Not applicable,,
DATAFLOW,OECD.GOV.GIP:DSD_GOV@DF_GOV_EMPPS_REP_2023(1.0),"Public employment and representation - Government at a glance indicators, 2023 edition",I,A,Annual,SVN,Slovenia,EMPW_SMP,Gender equality in senior management positions in national administrations,PT_W,Percentage of women,S1311,Central government,2023,2023,EMPPS_REP,Public employment and representation,2014,,56,,A,Normal value,0,Units,_Z,Not applicable,,
DATAFLOW,OECD.GOV.GIP:DSD_GOV@DF_GOV_EMPPS_REP_2023(1.0),"Public employment and representation - Government at a glance indicators, 2023 edition",I,A,Annual,SVN,Slovenia,EMPW_SMP,Gender equality in senior management positions in national administrations,PT_W,Percentage of women,S1311,Central government,2023,2023,EMPPS_REP,Public employment and representation,2015,,58.1,,A,Normal value,0,Units,_Z,Not applicable,,
DATAFLOW,OECD.GOV.GIP:DSD_GOV@DF_GOV_EMPPS_REP_2023(1.0),"Public employment and representation - Government at a glance indicators, 2023 edition",I,A,Annual,SVN,Slovenia,EMPW_SMP,Gender equality in senior management positions in national administrations,PT_W,Percentage of women,S1311,Central government,2023,2023,EMPPS_REP,Public employment and representation,2016,,56.9,,A,Normal value,0,Units,_Z,Not applicable,,
DATAFLOW,OECD.GOV.GIP:DSD_GOV@DF_GOV_EMPPS_REP_2023(1.0),"Public employment and representation - Government at a glance indicators, 2023 edition",I,A,Annual,SVN,Slovenia,EMPW_SMP,Gender equality in senior management positions in national administrations,PT_W,Percentage of women,S1311,Central government,2023,2023,EMPPS_REP,Public employment and representation,2017,,57,,A,Normal value,0,Units,_Z,Not applicable,,
DATAFLOW,OECD.GOV.GIP:DSD_GOV@DF_GOV_EMPPS_REP_2023(1.0),"Public employment and representation - Government at a glance indicators, 2023 edition",I,A,Annual,SVN,Slovenia,EMPW_SMP,Gender equality in senior management positions in national administrations,PT_W,Percentage of women,S1311,Central government,2023,2023,EMPPS_REP,Public employment and representation,2018,,56.1,,A,Normal value,0,Units,_Z,Not applicable,,
DATAFLOW,OECD.GOV.GIP:DSD_GOV@DF_GOV_EMPPS_REP_2023(1.0),"Public employment and representation - Government at a glance indicators, 2023 edition",I,A,Annual,SVN,Slovenia,EMPW_SMP,Gender equality in senior management positions in national administrations,PT_W,Percentage of women,S1311,Central government,2023,2023,EMPPS_REP,Public employment and representation,2019,,57.4,,A,Normal value,0,Units,_Z,Not applicable,,
DATAFLOW,OECD.GOV.GIP:DSD_GOV@DF_GOV_EMPPS_REP_2023(1.0),"Public employment and representation - Government at a glance indicators, 2023 edition",I,A,Annual,SVN,Slovenia,EMPW_SMP,Gender equality in senior management positions in national administrations,PT_W,Percentage of women,S1311,Central government,2023,2023,EMPPS_REP,Public employment and representation,2020,,57.3,,A,Normal value,0,Units,_Z,Not applicable,,
DATAFLOW,OECD.GOV.GIP:DSD_GOV@DF_GOV_EMPPS_REP_2023(1.0),"Public employment and representation - Government at a glance indicators, 2023 edition",I,A,Annual,SVN,Slovenia,EMPW_SMP,Gender equality in senior management positions in national administrations,PT_W,Percentage of women,S1311,Central government,2023,2023,EMPPS_REP,Public employment and representation,2021,,57.1,,A,Normal value,0,Units,_Z,Not applicable,,
DATAFLOW,OECD.GOV.GIP:DSD_GOV@DF_GOV_EMPPS_REP_2023(1.0),"Public employment and representation - Government at a glance indicators, 2023 edition",I,A,Annual,SVN,Slovenia,EMPW_SMP,Gender equality in senior management positions in national administrations,PT_W,Percentage of women,S1311,Central government,2023,2023,EMPPS_REP,Public employment and representation,2022,,60.1,,A,Normal value,0,Units,_Z,Not applicable,,
DATAFLOW,OECD.GOV.GIP:DSD_GOV@DF_GOV_EMPPS_REP_2023(1.0),"Public employment and representation - Government at a glance indicators, 2023 edition",I,A,Annual,SVN,Slovenia,EMPW_PJ,Gender equality in professional judges,PT_W,Percentage of women,_Z,Not applicable,2023,2023,EMPPS_REP,Public employment and representation,2014,,78,,A,Normal value,0,Units,_Z,Not applicable,,
DATAFLOW,OECD.GOV.GIP:DSD_GOV@DF_GOV_EMPPS_REP_2023(1.0),"Public employment and representation - Government at a glance indicators, 2023 edition",I,A,Annual,SVN,Slovenia,EMPW_PJ,Gender equality in professional judges,PT_W,Percentage of women,_Z,Not applicable,2023,2023,EMPPS_REP,Public employment and representation,2020,,80,,A,Normal value,0,Units,_Z,Not applicable,,
DATAFLOW,OECD.GOV.GIP:DSD_GOV@DF_GOV_EMPPS_REP_2023(1.0),"Public employment and representation - Government at a glance indicators, 2023 edition",I,A,Annual,SVN,Slovenia,EMPW_PARL,Gender equality in parliament,PT_W,Percentage of women,_Z,Not applicable,2023,2023,EMPPS_REP,Public employment and representation,2002,,12.2,,A,Normal value,0,Units,_Z,Not applicable,,
DATAFLOW,OECD.GOV.GIP:DSD_GOV@DF_GOV_EMPPS_REP_2023(1.0),"Public employment and representation - Government at a glance indicators, 2023 edition",I,A,Annual,SVN,Slovenia,EMPW_PARL,Gender equality in parliament,PT_W,Percentage of women,_Z,Not applicable,2023,2023,EMPPS_REP,Public employment and representation,2012,,32.2,,A,Normal value,0,Units,_Z,Not applicable,,
DATAFLOW,OECD.GOV.GIP:DSD_GOV@DF_GOV_EMPPS_REP_2023(1.0),"Public employment and representation - Government at a glance indicators, 2023 edition",I,A,Annual,SVN,Slovenia,EMPW_PARL,Gender equality in parliament,PT_W,Percentage of women,_Z,Not applicable,2023,2023,EMPPS_REP,Public employment and representation,2015,,36.7,,A,Normal value,0,Units,_Z,Not applicable,,
DATAFLOW,OECD.GOV.GIP:DSD_GOV@DF_GOV_EMPPS_REP_2023(1.0),"Public employment and representation - Government at a glance indicators, 2023 edition",I,A,Annual,SVN,Slovenia,EMPW_PARL,Gender equality in parliament,PT_W,Percentage of women,_Z,Not applicable,2023,2023,EMPPS_REP,Public employment and representation,2017,,36.7,,A,Normal value,0,Units,_Z,Not applicable,,
DATAFLOW,OECD.GOV.GIP:DSD_GOV@DF_GOV_EMPPS_REP_2023(1.0),"Public employment and representation - Government at a glance indicators, 2023 edition",I,A,Annual,SVN,Slovenia,EMPW_PARL,Gender equality in parliament,PT_W,Percentage of women,_Z,Not applicable,2023,2023,EMPPS_REP,Public employment and representation,2019,,24.4,,A,Normal value,0,Units,_Z,Not applicable,,
DATAFLOW,OECD.GOV.GIP:DSD_GOV@DF_GOV_EMPPS_REP_2023(1.0),"Public employment and representation - Government at a glance indicators, 2023 edition",I,A,Annual,SVN,Slovenia,EMPW_PARL,Gender equality in parliament,PT_W,Percentage of women,_Z,Not applicable,2023,2023,EMPPS_REP,Public employment and representation,2021,,26.7,,A,Normal value,0,Units,_Z,Not applicable,,
DATAFLOW,OECD.GOV.GIP:DSD_GOV@DF_GOV_EMPPS_REP_2023(1.0),"Public employment and representation - Government at a glance indicators, 2023 edition",I,A,Annual,SVN,Slovenia,EMPW_PARL,Gender equality in parliament,PT_W,Percentage of women,_Z,Not applicable,2023,2023,EMPPS_REP,Public employment and representation,2023,,37.8,,A,Normal value,0,Units,_Z,Not applicable,,
DATAFLOW,OECD.GOV.GIP:DSD_GOV@DF_GOV_EMPPS_REP_2023(1.0),"Public employment and representation - Government at a glance indicators, 2023 edition",I,A,Annual,SVN,Slovenia,EMPW_SMP,Gender equality in senior management positions in national administrations,PT_W,Percentage of women,S1311,Central government,2023,2023,EMPPS_REP,Public employment and representation,2007,,48.3,,A,Normal value,0,Units,_Z,Not applicable,,
DATAFLOW,OECD.GOV.GIP:DSD_GOV@DF_GOV_EMPPS_REP_2023(1.0),"Public employment and representation - Government at a glance indicators, 2023 edition",I,A,Annual,LTU,Lithuania,EMPW_PARL,Gender equality in parliament,PT_W,Percentage of women,_Z,Not applicable,2023,2023,EMPPS_REP,Public employment and representation,2023,,28.4,,A,Normal value,0,Units,_Z,Not applicable,,
DATAFLOW,OECD.GOV.GIP:DSD_GOV@DF_GOV_EMPPS_REP_2023(1.0),"Public employment and representation - Government at a glance indicators, 2023 edition",I,A,Annual,LTU,Lithuania,EMPW_SMP,Gender equality in senior management positions in national administrations,PT_W,Percentage of women,S1311,Central government,2023,2023,EMPPS_REP,Public employment and representation,2007,,25,,A,Normal value,0,Units,_Z,Not applicable,,
DATAFLOW,OECD.GOV.GIP:DSD_GOV@DF_GOV_EMPPS_REP_2023(1.0),"Public employment and representation - Government at a glance indicators, 2023 edition",I,A,Annual,LTU,Lithuania,EMPW_SMP,Gender equality in senior management positions in national administrations,PT_W,Percentage of women,S1311,Central government,2023,2023,EMPPS_REP,Public employment and representation,2008,,24.2,,A,Normal value,0,Units,_Z,Not applicable,,
DATAFLOW,OECD.GOV.GIP:DSD_GOV@DF_GOV_EMPPS_REP_2023(1.0),"Public employment and representation - Government at a glance indicators, 2023 edition",I,A,Annual,LTU,Lithuania,EMPW_SMP,Gender equality in senior management positions in national administrations,PT_W,Percentage of women,S1311,Central government,2023,2023,EMPPS_REP,Public employment and representation,2009,,36,,A,Normal value,0,Units,_Z,Not applicable,,
DATAFLOW,OECD.GOV.GIP:DSD_GOV@DF_GOV_EMPPS_REP_2023(1.0),"Public employment and representation - Government at a glance indicators, 2023 edition",I,A,Annual,LTU,Lithuania,EMPW_SMP,Gender equality in senior management positions in national administrations,PT_W,Percentage of women,S1311,Central government,2023,2023,EMPPS_REP,Public employment and representation,2010,,48.3,,A,Normal value,0,Units,_Z,Not applicable,,
DATAFLOW,OECD.GOV.GIP:DSD_GOV@DF_GOV_EMPPS_REP_2023(1.0),"Public employment and representation - Government at a glance indicators, 2023 edition",I,A,Annual,LTU,Lithuania,EMPW_SMP,Gender equality in senior management positions in national administrations,PT_W,Percentage of women,S1311,Central government,2023,2023,EMPPS_REP,Public employment and representation,2011,,45.4,,A,Normal value,0,Units,_Z,Not applicable,,
DATAFLOW,OECD.GOV.GIP:DSD_GOV@DF_GOV_EMPPS_REP_2023(1.0),"Public employment and representation - Government at a glance indicators, 2023 edition",I,A,Annual,LTU,Lithuania,EMPW_SMP,Gender equality in senior management positions in national administrations,PT_W,Percentage of women,S1311,Central government,2023,2023,EMPPS_REP,Public employment and representation,2012,,43.9,,A,Normal value,0,Units,_Z,Not applicable,,
DATAFLOW,OECD.GOV.GIP:DSD_GOV@DF_GOV_EMPPS_REP_2023(1.0),"Public employment and representation - Government at a glance indicators, 2023 edition",I,A,Annual,LTU,Lithuania,EMPW_SMP,Gender equality in senior management positions in national administrations,PT_W,Percentage of women,S1311,Central government,2023,2023,EMPPS_REP,Public employment and representation,2013,,45.6,,A,Normal value,0,Units,_Z,Not applicable,,
DATAFLOW,OECD.GOV.GIP:DSD_GOV@DF_GOV_EMPPS_REP_2023(1.0),"Public employment and representation - Government at a glance indicators, 2023 edition",I,A,Annual,LTU,Lithuania,EMPW_SMP,Gender equality in senior management positions in national administrations,PT_W,Percentage of women,S1311,Central government,2023,2023,EMPPS_REP,Public employment and representation,2014,,50,,A,Normal value,0,Units,_Z,Not applicable,,
DATAFLOW,OECD.GOV.GIP:DSD_GOV@DF_GOV_EMPPS_REP_2023(1.0),"Public employment and representation - Government at a glance indicators, 2023 edition",I,A,Annual,LTU,Lithuania,EMPW_SMP,Gender equality in senior management positions in national administrations,PT_W,Percentage of women,S1311,Central government,2023,2023,EMPPS_REP,Public employment and representation,2015,,48.4,,A,Normal value,0,Units,_Z,Not applicable,,
DATAFLOW,OECD.GOV.GIP:DSD_GOV@DF_GOV_EMPPS_REP_2023(1.0),"Public employment and representation - Government at a glance indicators, 2023 edition",I,A,Annual,LTU,Lithuania,EMPW_SMP,Gender equality in senior management positions in national administrations,PT_W,Percentage of women,S1311,Central government,2023,2023,EMPPS_REP,Public employment and representation,2016,,48.4,,A,Normal value,0,Units,_Z,Not applicable,,
DATAFLOW,OECD.GOV.GIP:DSD_GOV@DF_GOV_EMPPS_REP_2023(1.0),"Public employment and representation - Government at a glance indicators, 2023 edition",I,A,Annual,LTU,Lithuania,EMPW_SMP,Gender equality in senior management positions in national administrations,PT_W,Percentage of women,S1311,Central government,2023,2023,EMPPS_REP,Public employment and representation,2017,,50.5,,A,Normal value,0,Units,_Z,Not applicable,,
DATAFLOW,OECD.GOV.GIP:DSD_GOV@DF_GOV_EMPPS_REP_2023(1.0),"Public employment and representation - Government at a glance indicators, 2023 edition",I,A,Annual,LTU,Lithuania,EMPW_SMP,Gender equality in senior management positions in national administrations,PT_W,Percentage of women,S1311,Central government,2023,2023,EMPPS_REP,Public employment and representation,2018,,47.2,,A,Normal value,0,Units,_Z,Not applicable,,
DATAFLOW,OECD.GOV.GIP:DSD_GOV@DF_GOV_EMPPS_REP_2023(1.0),"Public employment and representation - Government at a glance indicators, 2023 edition",I,A,Annual,LTU,Lithuania,EMPW_SMP,Gender equality in senior management positions in national administrations,PT_W,Percentage of women,S1311,Central government,2023,2023,EMPPS_REP,Public employment and representation,2019,,50.4,,A,Normal value,0,Units,_Z,Not applicable,,
DATAFLOW,OECD.GOV.GIP:DSD_GOV@DF_GOV_EMPPS_REP_2023(1.0),"Public employment and representation - Government at a glance indicators, 2023 edition",I,A,Annual,LTU,Lithuania,EMPW_SMP,Gender equality in senior management positions in national administrations,PT_W,Percentage of women,S1311,Central government,2023,2023,EMPPS_REP,Public employment and representation,2020,,48.8,,A,Normal value,0,Units,_Z,Not applicable,,
DATAFLOW,OECD.GOV.GIP:DSD_GOV@DF_GOV_EMPPS_REP_2023(1.0),"Public employment and representation - Government at a glance indicators, 2023 edition",I,A,Annual,LTU,Lithuania,EMPW_SMP,Gender equality in senior management positions in national administrations,PT_W,Percentage of women,S1311,Central government,2023,2023,EMPPS_REP,Public employment and representation,2021,,52.2,,A,Normal value,0,Units,_Z,Not applicable,,
DATAFLOW,OECD.GOV.GIP:DSD_GOV@DF_GOV_EMPPS_REP_2023(1.0),"Public employment and representation - Government at a glance indicators, 2023 edition",I,A,Annual,LTU,Lithuania,EMPW_SMP,Gender equality in senior management positions in national administrations,PT_W,Percentage of women,S1311,Central government,2023,2023,EMPPS_REP,Public employment and representation,2022,,53.7,,A,Normal value,0,Units,_Z,Not applicable,,
DATAFLOW,OECD.GOV.GIP:DSD_GOV@DF_GOV_EMPPS_REP_2023(1.0),"Public employment and representation - Government at a glance indicators, 2023 edition",I,A,Annual,LTU,Lithuania,EMPWPS,Gender equality in public sector employment,PT_W,Percentage of women,S1ZS,Public sector,2023,2023,EMPPS_REP,Public employment and representation,2020,,66.23,,A,Normal value,0,Units,_Z,Not applicable,,
DATAFLOW,OECD.GOV.GIP:DSD_GOV@DF_GOV_EMPPS_REP_2023(1.0),"Public employment and representation - Government at a glance indicators, 2023 edition",I,A,Annual,LTU,Lithuania,EMPWPS,Gender equality in public sector employment,PT_W,Percentage of women,S1ZS,Public sector,2023,2023,EMPPS_REP,Public employment and representation,2011,,67.3,,A,Normal value,0,Units,_Z,Not applicable,,
DATAFLOW,OECD.GOV.GIP:DSD_GOV@DF_GOV_EMPPS_REP_2023(1.0),"Public employment and representation - Government at a glance indicators, 2023 edition",I,A,Annual,LTU,Lithuania,EMPW_PJ,Gender equality in professional judges,PT_W,Percentage of women,_Z,Not applicable,2023,2023,EMPPS_REP,Public employment and representation,2014,,61,,A,Normal value,0,Units,_Z,Not applicable,,
DATAFLOW,OECD.GOV.GIP:DSD_GOV@DF_GOV_EMPPS_REP_2023(1.0),"Public employment and representation - Government at a glance indicators, 2023 edition",I,A,Annual,LTU,Lithuania,EMPW_PJ,Gender equality in professional judges,PT_W,Percentage of women,_Z,Not applicable,2023,2023,EMPPS_REP,Public employment and representation,2020,,65,,A,Normal value,0,Units,_Z,Not applicable,,
DATAFLOW,OECD.GOV.GIP:DSD_GOV@DF_GOV_EMPPS_REP_2023(1.0),"Public employment and representation - Government at a glance indicators, 2023 edition",I,A,Annual,LTU,Lithuania,EMPW_PARL,Gender equality in parliament,PT_W,Percentage of women,_Z,Not applicable,2023,2023,EMPPS_REP,Public employment and representation,2002,,10.6,,A,Normal value,0,Units,_Z,Not applicable,,
DATAFLOW,OECD.GOV.GIP:DSD_GOV@DF_GOV_EMPPS_REP_2023(1.0),"Public employment and representation - Government at a glance indicators, 2023 edition",I,A,Annual,LTU,Lithuania,EMPW_PARL,Gender equality in parliament,PT_W,Percentage of women,_Z,Not applicable,2023,2023,EMPPS_REP,Public employment and representation,2012,,24.5,,A,Normal value,0,Units,_Z,Not applicable,,
DATAFLOW,OECD.GOV.GIP:DSD_GOV@DF_GOV_EMPPS_REP_2023(1.0),"Public employment and representation - Government at a glance indicators, 2023 edition",I,A,Annual,LTU,Lithuania,EMPW_PARL,Gender equality in parliament,PT_W,Percentage of women,_Z,Not applicable,2023,2023,EMPPS_REP,Public employment and representation,2015,,23.4,,A,Normal value,0,Units,_Z,Not applicable,,
DATAFLOW,OECD.GOV.GIP:DSD_GOV@DF_GOV_EMPPS_REP_2023(1.0),"Public employment and representation - Government at a glance indicators, 2023 edition",I,A,Annual,LTU,Lithuania,EMPW_PARL,Gender equality in parliament,PT_W,Percentage of women,_Z,Not applicable,2023,2023,EMPPS_REP,Public employment and representation,2017,,21.3,,A,Normal value,0,Units,_Z,Not applicable,,
DATAFLOW,OECD.GOV.GIP:DSD_GOV@DF_GOV_EMPPS_REP_2023(1.0),"Public employment and representation - Government at a glance indicators, 2023 edition",I,A,Annual,LTU,Lithuania,EMPW_PARL,Gender equality in parliament,PT_W,Percentage of women,_Z,Not applicable,2023,2023,EMPPS_REP,Public employment and representation,2019,,21.3,,A,Normal value,0,Units,_Z,Not applicable,,
DATAFLOW,OECD.GOV.GIP:DSD_GOV@DF_GOV_EMPPS_REP_2023(1.0),"Public employment and representation - Government at a glance indicators, 2023 edition",I,A,Annual,LTU,Lithuania,EMPW_PARL,Gender equality in parliament,PT_W,Percentage of women,_Z,Not applicable,2023,2023,EMPPS_REP,Public employment and representation,2021,,27.7,,A,Normal value,0,Units,_Z,Not applicable,,
DATAFLOW,OECD.GOV.GIP:DSD_GOV@DF_GOV_EMPPS_REP_2023(1.0),"Public employment and representation - Government at a glance indicators, 2023 edition",I,A,Annual,EST,Estonia,EMPW_PARL,Gender equality in parliament,PT_W,Percentage of women,_Z,Not applicable,2023,2023,EMPPS_REP,Public employment and representation,2023,,27.7,,A,Normal value,0,Units,_Z,Not applicable,,
DATAFLOW,OECD.GOV.GIP:DSD_GOV@DF_GOV_EMPPS_REP_2023(1.0),"Public employment and representation - Government at a glance indicators, 2023 edition",I,A,Annual,EST,Estonia,EMPW_SMP,Gender equality in senior management positions in national administrations,PT_W,Percentage of women,S1311,Central government,2023,2023,EMPPS_REP,Public employment and representation,2007,,26.9,,A,Normal value,0,Units,_Z,Not applicable,,
DATAFLOW,OECD.GOV.GIP:DSD_GOV@DF_GOV_EMPPS_REP_2023(1.0),"Public employment and representation - Government at a glance indicators, 2023 edition",I,A,Annual,EST,Estonia,EMPW_SMP,Gender equality in senior management positions in national administrations,PT_W,Percentage of women,S1311,Central government,2023,2023,EMPPS_REP,Public employment and representation,2008,,22.6,,A,Normal value,0,Units,_Z,Not applicable,,
DATAFLOW,OECD.GOV.GIP:DSD_GOV@DF_GOV_EMPPS_REP_2023(1.0),"Public employment and representation - Government at a glance indicators, 2023 edition",I,A,Annual,EST,Estonia,EMPW_SMP,Gender equality in senior management positions in national administrations,PT_W,Percentage of women,S1311,Central government,2023,2023,EMPPS_REP,Public employment and representation,2009,,38.1,,A,Normal value,0,Units,_Z,Not applicable,,
DATAFLOW,OECD.GOV.GIP:DSD_GOV@DF_GOV_EMPPS_REP_2023(1.0),"Public employment and representation - Government at a glance indicators, 2023 edition",I,A,Annual,EST,Estonia,EMPW_SMP,Gender equality in senior management positions in national administrations,PT_W,Percentage of women,S1311,Central government,2023,2023,EMPPS_REP,Public employment and representation,2010,,42.9,,A,Normal value,0,Units,_Z,Not applicable,,
DATAFLOW,OECD.GOV.GIP:DSD_GOV@DF_GOV_EMPPS_REP_2023(1.0),"Public employment and representation - Government at a glance indicators, 2023 edition",I,A,Annual,EST,Estonia,EMPW_SMP,Gender equality in senior management positions in national administrations,PT_W,Percentage of women,S1311,Central government,2023,2023,EMPPS_REP,Public employment and representation,2011,,41.9,,A,Normal value,0,Units,_Z,Not applicable,,
DATAFLOW,OECD.GOV.GIP:DSD_GOV@DF_GOV_EMPPS_REP_2023(1.0),"Public employment and representation - Government at a glance indicators, 2023 edition",I,A,Annual,EST,Estonia,EMPW_SMP,Gender equality in senior management positions in national administrations,PT_W,Percentage of women,S1311,Central government,2023,2023,EMPPS_REP,Public employment and representation,2012,,45.7,,A,Normal value,0,Units,_Z,Not applicable,,
DATAFLOW,OECD.GOV.GIP:DSD_GOV@DF_GOV_EMPPS_REP_2023(1.0),"Public employment and representation - Government at a glance indicators, 2023 edition",I,A,Annual,EST,Estonia,EMPW_SMP,Gender equality in senior management positions in national administrations,PT_W,Percentage of women,S1311,Central government,2023,2023,EMPPS_REP,Public employment and representation,2013,,46,,A,Normal value,0,Units,_Z,Not applicable,,
DATAFLOW,OECD.GOV.GIP:DSD_GOV@DF_GOV_EMPPS_REP_2023(1.0),"Public employment and representation - Government at a glance indicators, 2023 edition",I,A,Annual,EST,Estonia,EMPW_SMP,Gender equality in senior management positions in national administrations,PT_W,Percentage of women,S1311,Central government,2023,2023,EMPPS_REP,Public employment and representation,2014,,48.4,,A,Normal value,0,Units,_Z,Not applicable,,
DATAFLOW,OECD.GOV.GIP:DSD_GOV@DF_GOV_EMPPS_REP_2023(1.0),"Public employment and representation - Government at a glance indicators, 2023 edition",I,A,Annual,EST,Estonia,EMPW_SMP,Gender equality in senior management positions in national administrations,PT_W,Percentage of women,S1311,Central government,2023,2023,EMPPS_REP,Public employment and representation,2015,,48.8,,A,Normal value,0,Units,_Z,Not applicable,,
DATAFLOW,OECD.GOV.GIP:DSD_GOV@DF_GOV_EMPPS_REP_2023(1.0),"Public employment and representation - Government at a glance indicators, 2023 edition",I,A,Annual,EST,Estonia,EMPW_SMP,Gender equality in senior management positions in national administrations,PT_W,Percentage of women,S1311,Central government,2023,2023,EMPPS_REP,Public employment and representation,2016,,45.7,,A,Normal value,0,Units,_Z,Not applicable,,
DATAFLOW,OECD.GOV.GIP:DSD_GOV@DF_GOV_EMPPS_REP_2023(1.0),"Public employment and representation - Government at a glance indicators, 2023 edition",I,A,Annual,EST,Estonia,EMPW_SMP,Gender equality in senior management positions in national administrations,PT_W,Percentage of women,S1311,Central government,2023,2023,EMPPS_REP,Public employment and representation,2017,,46,,A,Normal value,0,Units,_Z,Not applicable,,
DATAFLOW,OECD.GOV.GIP:DSD_GOV@DF_GOV_EMPPS_REP_2023(1.0),"Public employment and representation - Government at a glance indicators, 2023 edition",I,A,Annual,EST,Estonia,EMPW_SMP,Gender equality in senior management positions in national administrations,PT_W,Percentage of women,S1311,Central government,2023,2023,EMPPS_REP,Public employment and representation,2018,,45.3,,A,Normal value,0,Units,_Z,Not applicable,,
DATAFLOW,OECD.GOV.GIP:DSD_GOV@DF_GOV_EMPPS_REP_2023(1.0),"Public employment and representation - Government at a glance indicators, 2023 edition",I,A,Annual,EST,Estonia,EMPW_SMP,Gender equality in senior management positions in national administrations,PT_W,Percentage of women,S1311,Central government,2023,2023,EMPPS_REP,Public employment and representation,2019,,47.8,,A,Normal value,0,Units,_Z,Not applicable,,
DATAFLOW,OECD.GOV.GIP:DSD_GOV@DF_GOV_EMPPS_REP_2023(1.0),"Public employment and representation - Government at a glance indicators, 2023 edition",I,A,Annual,EST,Estonia,EMPW_SMP,Gender equality in senior management positions in national administrations,PT_W,Percentage of women,S1311,Central government,2023,2023,EMPPS_REP,Public employment and representation,2020,,49.5,,A,Normal value,0,Units,_Z,Not applicable,,
DATAFLOW,OECD.GOV.GIP:DSD_GOV@DF_GOV_EMPPS_REP_2023(1.0),"Public employment and representation - Government at a glance indicators, 2023 edition",I,A,Annual,EST,Estonia,EMPW_SMP,Gender equality in senior management positions in national administrations,PT_W,Percentage of women,S1311,Central government,2023,2023,EMPPS_REP,Public employment and representation,2021,,48.5,,A,Normal value,0,Units,_Z,Not applicable,,
DATAFLOW,OECD.GOV.GIP:DSD_GOV@DF_GOV_EMPPS_REP_2023(1.0),"Public employment and representation - Government at a glance indicators, 2023 edition",I,A,Annual,EST,Estonia,EMPW_SMP,Gender equality in senior management positions in national administrations,PT_W,Percentage of women,S1311,Central government,2023,2023,EMPPS_REP,Public employment and representation,2022,,51.7,,A,Normal value,0,Units,_Z,Not applicable,,
DATAFLOW,OECD.GOV.GIP:DSD_GOV@DF_GOV_EMPPS_REP_2023(1.0),"Public employment and representation - Government at a glance indicators, 2023 edition",I,A,Annual,EST,Estonia,EMPWPS,Gender equality in public sector employment,PT_W,Percentage of women,S1ZS,Public sector,2023,2023,EMPPS_REP,Public employment and representation,2020,,66.58,,A,Normal value,0,Units,_Z,Not applicable,,
DATAFLOW,OECD.GOV.GIP:DSD_GOV@DF_GOV_EMPPS_REP_2023(1.0),"Public employment and representation - Government at a glance indicators, 2023 edition",I,A,Annual,EST,Estonia,EMPWPS,Gender equality in public sector employment,PT_W,Percentage of women,S1ZS,Public sector,2023,2023,EMPPS_REP,Public employment and representation,2011,,68.86,,A,Normal value,0,Units,_Z,Not applicable,,
DATAFLOW,OECD.GOV.GIP:DSD_GOV@DF_GOV_EMPPS_REP_2023(1.0),"Public employment and representation - Government at a glance indicators, 2023 edition",I,A,Annual,EST,Estonia,EMPW_PJ,Gender equality in professional judges,PT_W,Percentage of women,_Z,Not applicable,2023,2023,EMPPS_REP,Public employment and representation,2014,,63,,A,Normal value,0,Units,_Z,Not applicable,,
DATAFLOW,OECD.GOV.GIP:DSD_GOV@DF_GOV_EMPPS_REP_2023(1.0),"Public employment and representation - Government at a glance indicators, 2023 edition",I,A,Annual,EST,Estonia,EMPW_PJ,Gender equality in professional judges,PT_W,Percentage of women,_Z,Not applicable,2023,2023,EMPPS_REP,Public employment and representation,2020,,64,,A,Normal value,0,Units,_Z,Not applicable,,
DATAFLOW,OECD.GOV.GIP:DSD_GOV@DF_GOV_EMPPS_REP_2023(1.0),"Public employment and representation - Government at a glance indicators, 2023 edition",I,A,Annual,EST,Estonia,EMPW_PARL,Gender equality in parliament,PT_W,Percentage of women,_Z,Not applicable,2023,2023,EMPPS_REP,Public employment and representation,2002,,17.8,,A,Normal value,0,Units,_Z,Not applicable,,
DATAFLOW,OECD.GOV.GIP:DSD_GOV@DF_GOV_EMPPS_REP_2023(1.0),"Public employment and representation - Government at a glance indicators, 2023 edition",I,A,Annual,EST,Estonia,EMPW_PARL,Gender equality in parliament,PT_W,Percentage of women,_Z,Not applicable,2023,2023,EMPPS_REP,Public employment and representation,2012,,19.8,,A,Normal value,0,Units,_Z,Not applicable,,
DATAFLOW,OECD.GOV.GIP:DSD_GOV@DF_GOV_EMPPS_REP_2023(1.0),"Public employment and representation - Government at a glance indicators, 2023 edition",I,A,Annual,EST,Estonia,EMPW_PARL,Gender equality in parliament,PT_W,Percentage of women,_Z,Not applicable,2023,2023,EMPPS_REP,Public employment and representation,2015,,23.8,,A,Normal value,0,Units,_Z,Not applicable,,
DATAFLOW,OECD.GOV.GIP:DSD_GOV@DF_GOV_EMPPS_REP_2023(1.0),"Public employment and representation - Government at a glance indicators, 2023 edition",I,A,Annual,EST,Estonia,EMPW_PARL,Gender equality in parliament,PT_W,Percentage of women,_Z,Not applicable,2023,2023,EMPPS_REP,Public employment and representation,2017,,26.7,,A,Normal value,0,Units,_Z,Not applicable,,
DATAFLOW,OECD.GOV.GIP:DSD_GOV@DF_GOV_EMPPS_REP_2023(1.0),"Public employment and representation - Government at a glance indicators, 2023 edition",I,A,Annual,EST,Estonia,EMPW_PARL,Gender equality in parliament,PT_W,Percentage of women,_Z,Not applicable,2023,2023,EMPPS_REP,Public employment and representation,2019,,28.7,,A,Normal value,0,Units,_Z,Not applicable,,
DATAFLOW,OECD.GOV.GIP:DSD_GOV@DF_GOV_EMPPS_REP_2023(1.0),"Public employment and representation - Government at a glance indicators, 2023 edition",I,A,Annual,EST,Estonia,EMPW_PARL,Gender equality in parliament,PT_W,Percentage of women,_Z,Not applicable,2023,2023,EMPPS_REP,Public employment and representation,2021,,27.7,,A,Normal value,0,Units,_Z,Not applicable,,
DATAFLOW,OECD.GOV.GIP:DSD_GOV@DF_GOV_EMPPS_REP_2023(1.0),"Public employment and representation - Government at a glance indicators, 2023 edition",I,A,Annual,EUOECD,European Union countries in OECD,EMPW_SMP,Gender equality in senior management positions in national administrations,PT_W,Percentage of women,S1311,Central government,2023,2023,EMPPS_REP,Public employment and representation,2017,,38.77,,A,Normal value,0,Units,_Z,Not applicable,,
DATAFLOW,OECD.GOV.GIP:DSD_GOV@DF_GOV_EMPPS_REP_2023(1.0),"Public employment and representation - Government at a glance indicators, 2023 edition",I,A,Annual,EUOECD,European Union countries in OECD,EMPW_SMP,Gender equality in senior management positions in national administrations,PT_W,Percentage of women,S1311,Central government,2023,2023,EMPPS_REP,Public employment and representation,2018,,39.12,,A,Normal value,0,Units,_Z,Not applicable,,
DATAFLOW,OECD.GOV.GIP:DSD_GOV@DF_GOV_EMPPS_REP_2023(1.0),"Public employment and representation - Government at a glance indicators, 2023 edition",I,A,Annual,EUOECD,European Union countries in OECD,EMPW_SMP,Gender equality in senior management positions in national administrations,PT_W,Percentage of women,S1311,Central government,2023,2023,EMPPS_REP,Public employment and representation,2019,,39.8,,A,Normal value,0,Units,_Z,Not applicable,,
DATAFLOW,OECD.GOV.GIP:DSD_GOV@DF_GOV_EMPPS_REP_2023(1.0),"Public employment and representation - Government at a glance indicators, 2023 edition",I,A,Annual,EUOECD,European Union countries in OECD,EMPW_SMP,Gender equality in senior management positions in national administrations,PT_W,Percentage of women,S1311,Central government,2023,2023,EMPPS_REP,Public employment and representation,2020,,40.55,,A,Normal value,0,Units,_Z,Not applicable,,
DATAFLOW,OECD.GOV.GIP:DSD_GOV@DF_GOV_EMPPS_REP_2023(1.0),"Public employment and representation - Government at a glance indicators, 2023 edition",I,A,Annual,EUOECD,European Union countries in OECD,EMPW_SMP,Gender equality in senior management positions in national administrations,PT_W,Percentage of women,S1311,Central government,2023,2023,EMPPS_REP,Public employment and representation,2021,,40.78,,A,Normal value,0,Units,_Z,Not applicable,,
DATAFLOW,OECD.GOV.GIP:DSD_GOV@DF_GOV_EMPPS_REP_2023(1.0),"Public employment and representation - Government at a glance indicators, 2023 edition",I,A,Annual,EUOECD,European Union countries in OECD,EMPW_SMP,Gender equality in senior management positions in national administrations,PT_W,Percentage of women,S1311,Central government,2023,2023,EMPPS_REP,Public employment and representation,2022,,41.9,,A,Normal value,0,Units,_Z,Not applicable,,
DATAFLOW,OECD.GOV.GIP:DSD_GOV@DF_GOV_EMPPS_REP_2023(1.0),"Public employment and representation - Government at a glance indicators, 2023 edition",I,A,Annual,EUOECD,European Union countries in OECD,EMPW_SMP,Gender equality in senior management positions in national administrations,PT_W,Percentage of women,S1311,Central government,2023,2023,EMPPS_REP,Public employment and representation,2007,,29.58,,A,Normal value,0,Units,_Z,Not applicable,,
DATAFLOW,OECD.GOV.GIP:DSD_GOV@DF_GOV_EMPPS_REP_2023(1.0),"Public employment and representation - Government at a glance indicators, 2023 edition",I,A,Annual,EUOECD,European Union countries in OECD,EMPW_SMP,Gender equality in senior management positions in national administrations,PT_W,Percentage of women,S1311,Central government,2023,2023,EMPPS_REP,Public employment and representation,2008,,30.07,,A,Normal value,0,Units,_Z,Not applicable,,
DATAFLOW,OECD.GOV.GIP:DSD_GOV@DF_GOV_EMPPS_REP_2023(1.0),"Public employment and representation - Government at a glance indicators, 2023 edition",I,A,Annual,EUOECD,European Union countries in OECD,EMPW_SMP,Gender equality in senior management positions in national administrations,PT_W,Percentage of women,S1311,Central government,2023,2023,EMPPS_REP,Public employment and representation,2009,,30.17,,A,Normal value,0,Units,_Z,Not applicable,,
DATAFLOW,OECD.GOV.GIP:DSD_GOV@DF_GOV_EMPPS_REP_2023(1.0),"Public employment and representation - Government at a glance indicators, 2023 edition",I,A,Annual,EUOECD,European Union countries in OECD,EMPW_SMP,Gender equality in senior management positions in national administrations,PT_W,Percentage of women,S1311,Central government,2023,2023,EMPPS_REP,Public employment and representation,2010,,32.65,,A,Normal value,0,Units,_Z,Not applicable,,
DATAFLOW,OECD.GOV.GIP:DSD_GOV@DF_GOV_EMPPS_REP_2023(1.0),"Public employment and representation - Government at a glance indicators, 2023 edition",I,A,Annual,EUOECD,European Union countries in OECD,EMPW_SMP,Gender equality in senior management positions in national administrations,PT_W,Percentage of women,S1311,Central government,2023,2023,EMPPS_REP,Public employment and representation,2011,,33.45,,A,Normal value,0,Units,_Z,Not applicable,,
DATAFLOW,OECD.GOV.GIP:DSD_GOV@DF_GOV_EMPPS_REP_2023(1.0),"Public employment and representation - Government at a glance indicators, 2023 edition",I,A,Annual,EUOECD,European Union countries in OECD,EMPW_SMP,Gender equality in senior management positions in national administrations,PT_W,Percentage of women,S1311,Central government,2023,2023,EMPPS_REP,Public employment and representation,2012,,34.26,,A,Normal value,0,Units,_Z,Not applicable,,
DATAFLOW,OECD.GOV.GIP:DSD_GOV@DF_GOV_EMPPS_REP_2023(1.0),"Public employment and representation - Government at a glance indicators, 2023 edition",I,A,Annual,EUOECD,European Union countries in OECD,EMPW_SMP,Gender equality in senior management positions in national administrations,PT_W,Percentage of women,S1311,Central government,2023,2023,EMPPS_REP,Public employment and representation,2013,,35.15,,A,Normal value,0,Units,_Z,Not applicable,,
DATAFLOW,OECD.GOV.GIP:DSD_GOV@DF_GOV_EMPPS_REP_2023(1.0),"Public employment and representation - Government at a glance indicators, 2023 edition",I,A,Annual,EUOECD,European Union countries in OECD,EMPW_SMP,Gender equality in senior management positions in national administrations,PT_W,Percentage of women,S1311,Central government,2023,2023,EMPPS_REP,Public employment and representation,2014,,35.25,,A,Normal value,0,Units,_Z,Not applicable,,
DATAFLOW,OECD.GOV.GIP:DSD_GOV@DF_GOV_EMPPS_REP_2023(1.0),"Public employment and representation - Government at a glance indicators, 2023 edition",I,A,Annual,EUOECD,European Union countries in OECD,EMPW_SMP,Gender equality in senior management positions in national administrations,PT_W,Percentage of women,S1311,Central government,2023,2023,EMPPS_REP,Public employment and representation,2015,,36.15,,A,Normal value,0,Units,_Z,Not applicable,,
DATAFLOW,OECD.GOV.GIP:DSD_GOV@DF_GOV_EMPPS_REP_2023(1.0),"Public employment and representation - Government at a glance indicators, 2023 edition",I,A,Annual,EUOECD,European Union countries in OECD,EMPW_SMP,Gender equality in senior management positions in national administrations,PT_W,Percentage of women,S1311,Central government,2023,2023,EMPPS_REP,Public employment and representation,2016,,37.62,,A,Normal value,0,Units,_Z,Not applicable,,
DATAFLOW,OECD.GOV.GIP:DSD_GOV@DF_GOV_EMPPS_REP_2023(1.0),"Public employment and representation - Government at a glance indicators, 2023 edition",I,A,Annual,AUS,Australia,EMPWPS,Gender equality in public sector employment,PT_W,Percentage of women,S1ZS,Public sector,2023,2023,EMPPS_REP,Public employment and representation,2020,,63.76,,A,Normal value,0,Units,_Z,Not applicable,,
DATAFLOW,OECD.GOV.GIP:DSD_GOV@DF_GOV_EMPPS_REP_2023(1.0),"Public employment and representation - Government at a glance indicators, 2023 edition",I,A,Annual,AUS,Australia,EMPWPS,Gender equality in public sector employment,PT_W,Percentage of women,S1ZS,Public sector,2023,2023,EMPPS_REP,Public employment and representation,2011,,61.12,,A,Normal value,0,Units,_Z,Not applicable,,
DATAFLOW,OECD.GOV.GIP:DSD_GOV@DF_GOV_EMPPS_REP_2023(1.0),"Public employment and representation - Government at a glance indicators, 2023 edition",I,A,Annual,AUS,Australia,EMPW_PARL,Gender equality in parliament,PT_W,Percentage of women,_Z,Not applicable,2023,2023,EMPPS_REP,Public employment and representation,2002,,25.3,,A,Normal value,0,Units,_Z,Not applicable,,
DATAFLOW,OECD.GOV.GIP:DSD_GOV@DF_GOV_EMPPS_REP_2023(1.0),"Public employment and representation - Government at a glance indicators, 2023 edition",I,A,Annual,AUS,Australia,EMPW_PARL,Gender equality in parliament,PT_W,Percentage of women,_Z,Not applicable,2023,2023,EMPPS_REP,Public employment and representation,2012,,24.7,,A,Normal value,0,Units,_Z,Not applicable,,
DATAFLOW,OECD.GOV.GIP:DSD_GOV@DF_GOV_EMPPS_REP_2023(1.0),"Public employment and representation - Government at a glance indicators, 2023 edition",I,A,Annual,AUS,Australia,EMPW_PARL,Gender equality in parliament,PT_W,Percentage of women,_Z,Not applicable,2023,2023,EMPPS_REP,Public employment and representation,2015,,26.7,,A,Normal value,0,Units,_Z,Not applicable,,
DATAFLOW,OECD.GOV.GIP:DSD_GOV@DF_GOV_EMPPS_REP_2023(1.0),"Public employment and representation - Government at a glance indicators, 2023 edition",I,A,Annual,AUS,Australia,EMPW_PARL,Gender equality in parliament,PT_W,Percentage of women,_Z,Not applicable,2023,2023,EMPPS_REP,Public employment and representation,2017,,28.7,,A,Normal value,0,Units,_Z,Not applicable,,
DATAFLOW,OECD.GOV.GIP:DSD_GOV@DF_GOV_EMPPS_REP_2023(1.0),"Public employment and representation - Government at a glance indicators, 2023 edition",I,A,Annual,AUS,Australia,EMPW_PARL,Gender equality in parliament,PT_W,Percentage of women,_Z,Not applicable,2023,2023,EMPPS_REP,Public employment and representation,2019,,30,,A,Normal value,0,Units,_Z,Not applicable,,
DATAFLOW,OECD.GOV.GIP:DSD_GOV@DF_GOV_EMPPS_REP_2023(1.0),"Public employment and representation - Government at a glance indicators, 2023 edition",I,A,Annual,AUS,Australia,EMPW_PARL,Gender equality in parliament,PT_W,Percentage of women,_Z,Not applicable,2023,2023,EMPPS_REP,Public employment and representation,2021,,31.1,,A,Normal value,0,Units,_Z,Not applicable,,
DATAFLOW,OECD.GOV.GIP:DSD_GOV@DF_GOV_EMPPS_REP_2023(1.0),"Public employment and representation - Government at a glance indicators, 2023 edition",I,A,Annual,AUS,Australia,EMPW_PARL,Gender equality in parliament,PT_W,Percentage of women,_Z,Not applicable,2023,2023,EMPPS_REP,Public employment and representation,2023,,38.4,,A,Normal value,0,Units,_Z,Not applicable,,
DATAFLOW,OECD.GOV.GIP:DSD_GOV@DF_GOV_EMPPS_REP_2023(1.0),"Public employment and representation - Government at a glance indicators, 2023 edition",I,A,Annual,BGR,Bulgaria,EMPW_SMP,Gender equality in senior management positions in national administrations,PT_W,Percentage of women,S1311,Central government,2023,2023,EMPPS_REP,Public employment and representation,2011,,46,,A,Normal value,0,Units,_Z,Not applicable,,
DATAFLOW,OECD.GOV.GIP:DSD_GOV@DF_GOV_EMPPS_REP_2023(1.0),"Public employment and representation - Government at a glance indicators, 2023 edition",I,A,Annual,BGR,Bulgaria,EMPW_SMP,Gender equality in senior management positions in national administrations,PT_W,Percentage of women,S1311,Central government,2023,2023,EMPPS_REP,Public employment and representation,2012,,51.7,,A,Normal value,0,Units,_Z,Not applicable,,
DATAFLOW,OECD.GOV.GIP:DSD_GOV@DF_GOV_EMPPS_REP_2023(1.0),"Public employment and representation - Government at a glance indicators, 2023 edition",I,A,Annual,BGR,Bulgaria,EMPW_SMP,Gender equality in senior management positions in national administrations,PT_W,Percentage of women,S1311,Central government,2023,2023,EMPPS_REP,Public employment and representation,2013,,51.1,,A,Normal value,0,Units,_Z,Not applicable,,
DATAFLOW,OECD.GOV.GIP:DSD_GOV@DF_GOV_EMPPS_REP_2023(1.0),"Public employment and representation - Government at a glance indicators, 2023 edition",I,A,Annual,BGR,Bulgaria,EMPW_SMP,Gender equality in senior management positions in national administrations,PT_W,Percentage of women,S1311,Central government,2023,2023,EMPPS_REP,Public employment and representation,2014,,51.3,,A,Normal value,0,Units,_Z,Not applicable,,
DATAFLOW,OECD.GOV.GIP:DSD_GOV@DF_GOV_EMPPS_REP_2023(1.0),"Public employment and representation - Government at a glance indicators, 2023 edition",I,A,Annual,BGR,Bulgaria,EMPW_SMP,Gender equality in senior management positions in national administrations,PT_W,Percentage of women,S1311,Central government,2023,2023,EMPPS_REP,Public employment and representation,2015,,52.4,,A,Normal value,0,Units,_Z,Not applicable,,
DATAFLOW,OECD.GOV.GIP:DSD_GOV@DF_GOV_EMPPS_REP_2023(1.0),"Public employment and representation - Government at a glance indicators, 2023 edition",I,A,Annual,BGR,Bulgaria,EMPW_SMP,Gender equality in senior management positions in national administrations,PT_W,Percentage of women,S1311,Central government,2023,2023,EMPPS_REP,Public employment and representation,2016,,50.8,,A,Normal value,0,Units,_Z,Not applicable,,
DATAFLOW,OECD.GOV.GIP:DSD_GOV@DF_GOV_EMPPS_REP_2023(1.0),"Public employment and representation - Government at a glance indicators, 2023 edition",I,A,Annual,BGR,Bulgaria,EMPW_SMP,Gender equality in senior management positions in national administrations,PT_W,Percentage of women,S1311,Central government,2023,2023,EMPPS_REP,Public employment and representation,2017,,49.8,,A,Normal value,0,Units,_Z,Not applicable,,
DATAFLOW,OECD.GOV.GIP:DSD_GOV@DF_GOV_EMPPS_REP_2023(1.0),"Public employment and representation - Government at a glance indicators, 2023 edition",I,A,Annual,BGR,Bulgaria,EMPW_SMP,Gender equality in senior management positions in national administrations,PT_W,Percentage of women,S1311,Central government,2023,2023,EMPPS_REP,Public employment and representation,2018,,51.7,,A,Normal value,0,Units,_Z,Not applicable,,
DATAFLOW,OECD.GOV.GIP:DSD_GOV@DF_GOV_EMPPS_REP_2023(1.0),"Public employment and representation - Government at a glance indicators, 2023 edition",I,A,Annual,BGR,Bulgaria,EMPW_SMP,Gender equality in senior management positions in national administrations,PT_W,Percentage of women,S1311,Central government,2023,2023,EMPPS_REP,Public employment and representation,2019,,54.1,,A,Normal value,0,Units,_Z,Not applicable,,
DATAFLOW,OECD.GOV.GIP:DSD_GOV@DF_GOV_EMPPS_REP_2023(1.0),"Public employment and representation - Government at a glance indicators, 2023 edition",I,A,Annual,BGR,Bulgaria,EMPW_SMP,Gender equality in senior management positions in national administrations,PT_W,Percentage of women,S1311,Central government,2023,2023,EMPPS_REP,Public employment and representation,2020,,54.4,,A,Normal value,0,Units,_Z,Not applicable,,
DATAFLOW,OECD.GOV.GIP:DSD_GOV@DF_GOV_EMPPS_REP_2023(1.0),"Public employment and representation - Government at a glance indicators, 2023 edition",I,A,Annual,BGR,Bulgaria,EMPW_SMP,Gender equality in senior management positions in national administrations,PT_W,Percentage of women,S1311,Central government,2023,2023,EMPPS_REP,Public employment and representation,2021,,59.5,,A,Normal value,0,Units,_Z,Not applicable,,
DATAFLOW,OECD.GOV.GIP:DSD_GOV@DF_GOV_EMPPS_REP_2023(1.0),"Public employment and representation - Government at a glance indicators, 2023 edition",I,A,Annual,BGR,Bulgaria,EMPW_SMP,Gender equality in senior management positions in national administrations,PT_W,Percentage of women,S1311,Central government,2023,2023,EMPPS_REP,Public employment and representation,2022,,55.5,,A,Normal value,0,Units,_Z,Not applicable,,
DATAFLOW,OECD.GOV.GIP:DSD_GOV@DF_GOV_EMPPS_REP_2023(1.0),"Public employment and representation - Government at a glance indicators, 2023 edition",I,A,Annual,BGR,Bulgaria,EMPWPS,Gender equality in public sector employment,PT_W,Percentage of women,S1ZS,Public sector,2023,2023,EMPPS_REP,Public employment and representation,2020,,58.09,,A,Normal value,0,Units,_Z,Not applicable,,
DATAFLOW,OECD.GOV.GIP:DSD_GOV@DF_GOV_EMPPS_REP_2023(1.0),"Public employment and representation - Government at a glance indicators, 2023 edition",I,A,Annual,BGR,Bulgaria,EMPWPS,Gender equality in public sector employment,PT_W,Percentage of women,S1ZS,Public sector,2023,2023,EMPPS_REP,Public employment and representation,2011,,57.42,,A,Normal value,0,Units,_Z,Not applicable,,
DATAFLOW,OECD.GOV.GIP:DSD_GOV@DF_GOV_EMPPS_REP_2023(1.0),"Public employment and representation - Government at a glance indicators, 2023 edition",I,A,Annual,BGR,Bulgaria,EMPW_PARL,Gender equality in parliament,PT_W,Percentage of women,_Z,Not applicable,2023,2023,EMPPS_REP,Public employment and representation,2012,,22.9,,A,Normal value,0,Units,_Z,Not applicable,,
DATAFLOW,OECD.GOV.GIP:DSD_GOV@DF_GOV_EMPPS_REP_2023(1.0),"Public employment and representation - Government at a glance indicators, 2023 edition",I,A,Annual,BGR,Bulgaria,EMPW_PARL,Gender equality in parliament,PT_W,Percentage of women,_Z,Not applicable,2023,2023,EMPPS_REP,Public employment and representation,2017,,19.2,,A,Normal value,0,Units,_Z,Not applicable,,
DATAFLOW,OECD.GOV.GIP:DSD_GOV@DF_GOV_EMPPS_REP_2023(1.0),"Public employment and representation - Government at a glance indicators, 2023 edition",I,A,Annual,BGR,Bulgaria,EMPW_PARL,Gender equality in parliament,PT_W,Percentage of women,_Z,Not applicable,2023,2023,EMPPS_REP,Public employment and representation,2021,,27.1,,A,Normal value,0,Units,_Z,Not applicable,,
DATAFLOW,OECD.GOV.GIP:DSD_GOV@DF_GOV_EMPPS_REP_2023(1.0),"Public employment and representation - Government at a glance indicators, 2023 edition",I,A,Annual,BGR,Bulgaria,EMPW_PARL,Gender equality in parliament,PT_W,Percentage of women,_Z,Not applicable,2023,2023,EMPPS_REP,Public employment and representation,2023,,24.2,,A,Normal value,0,Units,_Z,Not applicable,,
DATAFLOW,OECD.GOV.GIP:DSD_GOV@DF_GOV_EMPPS_REP_2023(1.0),"Public employment and representation - Government at a glance indicators, 2023 edition",I,A,Annual,BGR,Bulgaria,EMPW_SMP,Gender equality in senior management positions in national administrations,PT_W,Percentage of women,S1311,Central government,2023,2023,EMPPS_REP,Public employment and representation,2007,,51.5,,A,Normal value,0,Units,_Z,Not applicable,,
DATAFLOW,OECD.GOV.GIP:DSD_GOV@DF_GOV_EMPPS_REP_2023(1.0),"Public employment and representation - Government at a glance indicators, 2023 edition",I,A,Annual,BGR,Bulgaria,EMPW_SMP,Gender equality in senior management positions in national administrations,PT_W,Percentage of women,S1311,Central government,2023,2023,EMPPS_REP,Public employment and representation,2008,,52.4,,A,Normal value,0,Units,_Z,Not applicable,,
DATAFLOW,OECD.GOV.GIP:DSD_GOV@DF_GOV_EMPPS_REP_2023(1.0),"Public employment and representation - Government at a glance indicators, 2023 edition",I,A,Annual,BGR,Bulgaria,EMPW_SMP,Gender equality in senior management positions in national administrations,PT_W,Percentage of women,S1311,Central government,2023,2023,EMPPS_REP,Public employment and representation,2009,,51.1,,A,Normal value,0,Units,_Z,Not applicable,,
DATAFLOW,OECD.GOV.GIP:DSD_GOV@DF_GOV_EMPPS_REP_2023(1.0),"Public employment and representation - Government at a glance indicators, 2023 edition",I,A,Annual,BGR,Bulgaria,EMPW_SMP,Gender equality in senior management positions in national administrations,PT_W,Percentage of women,S1311,Central government,2023,2023,EMPPS_REP,Public employment and representation,2010,,48,,A,Normal value,0,Units,_Z,Not applicable,,
DATAFLOW,OECD.GOV.GIP:DSD_GOV@DF_GOV_EMPPS_REP_2023(1.0),"Public employment and representation - Government at a glance indicators, 2023 edition",I,A,Annual,FRA,France,EMPW_PARL,Gender equality in parliament,PT_W,Percentage of women,_Z,Not applicable,2023,2023,EMPPS_REP,Public employment and representation,2023,,37.8,,A,Normal value,0,Units,_Z,Not applicable,,
DATAFLOW,OECD.GOV.GIP:DSD_GOV@DF_GOV_EMPPS_REP_2023(1.0),"Public employment and representation - Government at a glance indicators, 2023 edition",I,A,Annual,FRA,France,EMPW_SMP,Gender equality in senior management positions in national administrations,PT_W,Percentage of women,S1311,Central government,2023,2023,EMPPS_REP,Public employment and representation,2007,,24.2,,A,Normal value,0,Units,_Z,Not applicable,,
DATAFLOW,OECD.GOV.GIP:DSD_GOV@DF_GOV_EMPPS_REP_2023(1.0),"Public employment and representation - Government at a glance indicators, 2023 edition",I,A,Annual,FRA,France,EMPW_SMP,Gender equality in senior management positions in national administrations,PT_W,Percentage of women,S1311,Central government,2023,2023,EMPPS_REP,Public employment and representation,2008,,23.3,,A,Normal value,0,Units,_Z,Not applicable,,
DATAFLOW,OECD.GOV.GIP:DSD_GOV@DF_GOV_EMPPS_REP_2023(1.0),"Public employment and representation - Government at a glance indicators, 2023 edition",I,A,Annual,FRA,France,EMPW_SMP,Gender equality in senior management positions in national administrations,PT_W,Percentage of women,S1311,Central government,2023,2023,EMPPS_REP,Public employment and representation,2009,,29.9,,A,Normal value,0,Units,_Z,Not applicable,,
DATAFLOW,OECD.GOV.GIP:DSD_GOV@DF_GOV_EMPPS_REP_2023(1.0),"Public employment and representation - Government at a glance indicators, 2023 edition",I,A,Annual,FRA,France,EMPW_SMP,Gender equality in senior management positions in national administrations,PT_W,Percentage of women,S1311,Central government,2023,2023,EMPPS_REP,Public employment and representation,2010,,29.9,,A,Normal value,0,Units,_Z,Not applicable,,
DATAFLOW,OECD.GOV.GIP:DSD_GOV@DF_GOV_EMPPS_REP_2023(1.0),"Public employment and representation - Government at a glance indicators, 2023 edition",I,A,Annual,FRA,France,EMPW_SMP,Gender equality in senior management positions in national administrations,PT_W,Percentage of women,S1311,Central government,2023,2023,EMPPS_REP,Public employment and representation,2011,,30.1,,A,Normal value,0,Units,_Z,Not applicable,,
DATAFLOW,OECD.GOV.GIP:DSD_GOV@DF_GOV_EMPPS_REP_2023(1.0),"Public employment and representation - Government at a glance indicators, 2023 edition",I,A,Annual,FRA,France,EMPW_SMP,Gender equality in senior management positions in national administrations,PT_W,Percentage of women,S1311,Central government,2023,2023,EMPPS_REP,Public employment and representation,2012,,28.3,,A,Normal value,0,Units,_Z,Not applicable,,
DATAFLOW,OECD.GOV.GIP:DSD_GOV@DF_GOV_EMPPS_REP_2023(1.0),"Public employment and representation - Government at a glance indicators, 2023 edition",I,A,Annual,FRA,France,EMPW_SMP,Gender equality in senior management positions in national administrations,PT_W,Percentage of women,S1311,Central government,2023,2023,EMPPS_REP,Public employment and representation,2013,,27.4,,A,Normal value,0,Units,_Z,Not applicable,,
DATAFLOW,OECD.GOV.GIP:DSD_GOV@DF_GOV_EMPPS_REP_2023(1.0),"Public employment and representation - Government at a glance indicators, 2023 edition",I,A,Annual,FRA,France,EMPW_SMP,Gender equality in senior management positions in national administrations,PT_W,Percentage of women,S1311,Central government,2023,2023,EMPPS_REP,Public employment and representation,2014,,27.7,,A,Normal value,0,Units,_Z,Not applicable,,
DATAFLOW,OECD.GOV.GIP:DSD_GOV@DF_GOV_EMPPS_REP_2023(1.0),"Public employment and representation - Government at a glance indicators, 2023 edition",I,A,Annual,FRA,France,EMPW_SMP,Gender equality in senior management positions in national administrations,PT_W,Percentage of women,S1311,Central government,2023,2023,EMPPS_REP,Public employment and representation,2015,,29.8,,A,Normal value,0,Units,_Z,Not applicable,,
DATAFLOW,OECD.GOV.GIP:DSD_GOV@DF_GOV_EMPPS_REP_2023(1.0),"Public employment and representation - Government at a glance indicators, 2023 edition",I,A,Annual,FRA,France,EMPW_SMP,Gender equality in senior management positions in national administrations,PT_W,Percentage of women,S1311,Central government,2023,2023,EMPPS_REP,Public employment and representation,2016,,32,,A,Normal value,0,Units,_Z,Not applicable,,
DATAFLOW,OECD.GOV.GIP:DSD_GOV@DF_GOV_EMPPS_REP_2023(1.0),"Public employment and representation - Government at a glance indicators, 2023 edition",I,A,Annual,FRA,France,EMPW_SMP,Gender equality in senior management positions in national administrations,PT_W,Percentage of women,S1311,Central government,2023,2023,EMPPS_REP,Public employment and representation,2017,,31.5,,A,Normal value,0,Units,_Z,Not applicable,,
DATAFLOW,OECD.GOV.GIP:DSD_GOV@DF_GOV_EMPPS_REP_2023(1.0),"Public employment and representation - Government at a glance indicators, 2023 edition",I,A,Annual,FRA,France,EMPW_SMP,Gender equality in senior management positions in national administrations,PT_W,Percentage of women,S1311,Central government,2023,2023,EMPPS_REP,Public employment and representation,2018,,29.8,,A,Normal value,0,Units,_Z,Not applicable,,
DATAFLOW,OECD.GOV.GIP:DSD_GOV@DF_GOV_EMPPS_REP_2023(1.0),"Public employment and representation - Government at a glance indicators, 2023 edition",I,A,Annual,FRA,France,EMPW_SMP,Gender equality in senior management positions in national administrations,PT_W,Percentage of women,S1311,Central government,2023,2023,EMPPS_REP,Public employment and representation,2019,,28.6,,A,Normal value,0,Units,_Z,Not applicable,,
DATAFLOW,OECD.GOV.GIP:DSD_GOV@DF_GOV_EMPPS_REP_2023(1.0),"Public employment and representation - Government at a glance indicators, 2023 edition",I,A,Annual,FRA,France,EMPW_SMP,Gender equality in senior management positions in national administrations,PT_W,Percentage of women,S1311,Central government,2023,2023,EMPPS_REP,Public employment and representation,2020,,30.7,,A,Normal value,0,Units,_Z,Not applicable,,
DATAFLOW,OECD.GOV.GIP:DSD_GOV@DF_GOV_EMPPS_REP_2023(1.0),"Public employment and representation - Government at a glance indicators, 2023 edition",I,A,Annual,FRA,France,EMPW_SMP,Gender equality in senior management positions in national administrations,PT_W,Percentage of women,S1311,Central government,2023,2023,EMPPS_REP,Public employment and representation,2021,,31.1,,A,Normal value,0,Units,_Z,Not applicable,,
DATAFLOW,OECD.GOV.GIP:DSD_GOV@DF_GOV_EMPPS_REP_2023(1.0),"Public employment and representation - Government at a glance indicators, 2023 edition",I,A,Annual,FRA,France,EMPW_SMP,Gender equality in senior management positions in national administrations,PT_W,Percentage of women,S1311,Central government,2023,2023,EMPPS_REP,Public employment and representation,2022,,31.1,,A,Normal value,0,Units,_Z,Not applicable,,
DATAFLOW,OECD.GOV.GIP:DSD_GOV@DF_GOV_EMPPS_REP_2023(1.0),"Public employment and representation - Government at a glance indicators, 2023 edition",I,A,Annual,FRA,France,EMPWPS,Gender equality in public sector employment,PT_W,Percentage of women,S1ZS,Public sector,2023,2023,EMPPS_REP,Public employment and representation,2020,,64.62,,A,Normal value,0,Units,_Z,Not applicable,,
DATAFLOW,OECD.GOV.GIP:DSD_GOV@DF_GOV_EMPPS_REP_2023(1.0),"Public employment and representation - Government at a glance indicators, 2023 edition",I,A,Annual,FRA,France,EMPWPS,Gender equality in public sector employment,PT_W,Percentage of women,S1ZS,Public sector,2023,2023,EMPPS_REP,Public employment and representation,2011,,61.5,,A,Normal value,0,Units,_Z,Not applicable,,
DATAFLOW,OECD.GOV.GIP:DSD_GOV@DF_GOV_EMPPS_REP_2023(1.0),"Public employment and representation - Government at a glance indicators, 2023 edition",I,A,Annual,FRA,France,EMPW_PJ,Gender equality in professional judges,PT_W,Percentage of women,_Z,Not applicable,2023,2023,EMPPS_REP,Public employment and representation,2014,,62,,A,Normal value,0,Units,_Z,Not applicable,,
DATAFLOW,OECD.GOV.GIP:DSD_GOV@DF_GOV_EMPPS_REP_2023(1.0),"Public employment and representation - Government at a glance indicators, 2023 edition",I,A,Annual,FRA,France,EMPW_PJ,Gender equality in professional judges,PT_W,Percentage of women,_Z,Not applicable,2023,2023,EMPPS_REP,Public employment and representation,2020,,67,,A,Normal value,0,Units,_Z,Not applicable,,
DATAFLOW,OECD.GOV.GIP:DSD_GOV@DF_GOV_EMPPS_REP_2023(1.0),"Public employment and representation - Government at a glance indicators, 2023 edition",I,A,Annual,FRA,France,EMPW_PARL,Gender equality in parliament,PT_W,Percentage of women,_Z,Not applicable,2023,2023,EMPPS_REP,Public employment and representation,2002,,12.1,,A,Normal value,0,Units,_Z,Not applicable,,
DATAFLOW,OECD.GOV.GIP:DSD_GOV@DF_GOV_EMPPS_REP_2023(1.0),"Public employment and representation - Government at a glance indicators, 2023 edition",I,A,Annual,FRA,France,EMPW_PARL,Gender equality in parliament,PT_W,Percentage of women,_Z,Not applicable,2023,2023,EMPPS_REP,Public employment and representation,2012,,26.9,,A,Normal value,0,Units,_Z,Not applicable,,
DATAFLOW,OECD.GOV.GIP:DSD_GOV@DF_GOV_EMPPS_REP_2023(1.0),"Public employment and representation - Government at a glance indicators, 2023 edition",I,A,Annual,FRA,France,EMPW_PARL,Gender equality in parliament,PT_W,Percentage of women,_Z,Not applicable,2023,2023,EMPPS_REP,Public employment and representation,2015,,26.2,,A,Normal value,0,Units,_Z,Not applicable,,
DATAFLOW,OECD.GOV.GIP:DSD_GOV@DF_GOV_EMPPS_REP_2023(1.0),"Public employment and representation - Government at a glance indicators, 2023 edition",I,A,Annual,FRA,France,EMPW_PARL,Gender equality in parliament,PT_W,Percentage of women,_Z,Not applicable,2023,2023,EMPPS_REP,Public employment and representation,2017,,25.8,,A,Normal value,0,Units,_Z,Not applicable,,
DATAFLOW,OECD.GOV.GIP:DSD_GOV@DF_GOV_EMPPS_REP_2023(1.0),"Public employment and representation - Government at a glance indicators, 2023 edition",I,A,Annual,FRA,France,EMPW_PARL,Gender equality in parliament,PT_W,Percentage of women,_Z,Not applicable,2023,2023,EMPPS_REP,Public employment and representation,2019,,39.7,,A,Normal value,0,Units,_Z,Not applicable,,
DATAFLOW,OECD.GOV.GIP:DSD_GOV@DF_GOV_EMPPS_REP_2023(1.0),"Public employment and representation - Government at a glance indicators, 2023 edition",I,A,Annual,FRA,France,EMPW_PARL,Gender equality in parliament,PT_W,Percentage of women,_Z,Not applicable,2023,2023,EMPPS_REP,Public employment and representation,2021,,39.5,,A,Normal value,0,Units,_Z,Not applicable,,
DATAFLOW,OECD.GOV.GIP:DSD_GOV@DF_GOV_EMPPS_REP_2023(1.0),"Public employment and representation - Government at a glance indicators, 2023 edition",I,A,Annual,DEU,Germany,EMPW_SMP,Gender equality in senior management positions in national administrations,PT_W,Percentage of women,S1311,Central government,2023,2023,EMPPS_REP,Public employment and representation,2008,,11.3,,A,Normal value,0,Units,_Z,Not applicable,,
DATAFLOW,OECD.GOV.GIP:DSD_GOV@DF_GOV_EMPPS_REP_2023(1.0),"Public employment and representation - Government at a glance indicators, 2023 edition",I,A,Annual,DEU,Germany,EMPW_SMP,Gender equality in senior management positions in national administrations,PT_W,Percentage of women,S1311,Central government,2023,2023,EMPPS_REP,Public employment and representation,2009,,13.1,,A,Normal value,0,Units,_Z,Not applicable,,
DATAFLOW,OECD.GOV.GIP:DSD_GOV@DF_GOV_EMPPS_REP_2023(1.0),"Public employment and representation - Government at a glance indicators, 2023 edition",I,A,Annual,DEU,Germany,EMPW_SMP,Gender equality in senior management positions in national administrations,PT_W,Percentage of women,S1311,Central government,2023,2023,EMPPS_REP,Public employment and representation,2010,,15.7,,A,Normal value,0,Units,_Z,Not applicable,,
DATAFLOW,OECD.GOV.GIP:DSD_GOV@DF_GOV_EMPPS_REP_2023(1.0),"Public employment and representation - Government at a glance indicators, 2023 edition",I,A,Annual,DEU,Germany,EMPW_SMP,Gender equality in senior management positions in national administrations,PT_W,Percentage of women,S1311,Central government,2023,2023,EMPPS_REP,Public employment and representation,2011,,15.6,,A,Normal value,0,Units,_Z,Not applicable,,
DATAFLOW,OECD.GOV.GIP:DSD_GOV@DF_GOV_EMPPS_REP_2023(1.0),"Public employment and representation - Government at a glance indicators, 2023 edition",I,A,Annual,DEU,Germany,EMPW_SMP,Gender equality in senior management positions in national administrations,PT_W,Percentage of women,S1311,Central government,2023,2023,EMPPS_REP,Public employment and representation,2012,,17.1,,A,Normal value,0,Units,_Z,Not applicable,,
DATAFLOW,OECD.GOV.GIP:DSD_GOV@DF_GOV_EMPPS_REP_2023(1.0),"Public employment and representation - Government at a glance indicators, 2023 edition",I,A,Annual,DEU,Germany,EMPW_SMP,Gender equality in senior management positions in national administrations,PT_W,Percentage of women,S1311,Central government,2023,2023,EMPPS_REP,Public employment and representation,2013,,20.3,,A,Normal value,0,Units,_Z,Not applicable,,
DATAFLOW,OECD.GOV.GIP:DSD_GOV@DF_GOV_EMPPS_REP_2023(1.0),"Public employment and representation - Government at a glance indicators, 2023 edition",I,A,Annual,DEU,Germany,EMPW_SMP,Gender equality in senior management positions in national administrations,PT_W,Percentage of women,S1311,Central government,2023,2023,EMPPS_REP,Public employment and representation,2014,,20.9,,A,Normal value,0,Units,_Z,Not applicable,,
DATAFLOW,OECD.GOV.GIP:DSD_GOV@DF_GOV_EMPPS_REP_2023(1.0),"Public employment and representation - Government at a glance indicators, 2023 edition",I,A,Annual,DEU,Germany,EMPW_SMP,Gender equality in senior management positions in national administrations,PT_W,Percentage of women,S1311,Central government,2023,2023,EMPPS_REP,Public employment and representation,2015,,22.2,,A,Normal value,0,Units,_Z,Not applicable,,
DATAFLOW,OECD.GOV.GIP:DSD_GOV@DF_GOV_EMPPS_REP_2023(1.0),"Public employment and representation - Government at a glance indicators, 2023 edition",I,A,Annual,DEU,Germany,EMPW_SMP,Gender equality in senior management positions in national administrations,PT_W,Percentage of women,S1311,Central government,2023,2023,EMPPS_REP,Public employment and representation,2016,,26.4,,A,Normal value,0,Units,_Z,Not applicable,,
DATAFLOW,OECD.GOV.GIP:DSD_GOV@DF_GOV_EMPPS_REP_2023(1.0),"Public employment and representation - Government at a glance indicators, 2023 edition",I,A,Annual,DEU,Germany,EMPW_SMP,Gender equality in senior management positions in national administrations,PT_W,Percentage of women,S1311,Central government,2023,2023,EMPPS_REP,Public employment and representation,2017,,26.4,,A,Normal value,0,Units,_Z,Not applicable,,
DATAFLOW,OECD.GOV.GIP:DSD_GOV@DF_GOV_EMPPS_REP_2023(1.0),"Public employment and representation - Government at a glance indicators, 2023 edition",I,A,Annual,DEU,Germany,EMPW_SMP,Gender equality in senior management positions in national administrations,PT_W,Percentage of women,S1311,Central government,2023,2023,EMPPS_REP,Public employment and representation,2018,,27.5,,A,Normal value,0,Units,_Z,Not applicable,,
DATAFLOW,OECD.GOV.GIP:DSD_GOV@DF_GOV_EMPPS_REP_2023(1.0),"Public employment and representation - Government at a glance indicators, 2023 edition",I,A,Annual,DEU,Germany,EMPW_SMP,Gender equality in senior management positions in national administrations,PT_W,Percentage of women,S1311,Central government,2023,2023,EMPPS_REP,Public employment and representation,2019,,31.7,,A,Normal value,0,Units,_Z,Not applicable,,
DATAFLOW,OECD.GOV.GIP:DSD_GOV@DF_GOV_EMPPS_REP_2023(1.0),"Public employment and representation - Government at a glance indicators, 2023 edition",I,A,Annual,DEU,Germany,EMPW_SMP,Gender equality in senior management positions in national administrations,PT_W,Percentage of women,S1311,Central government,2023,2023,EMPPS_REP,Public employment and representation,2020,,30.5,,A,Normal value,0,Units,_Z,Not applicable,,
DATAFLOW,OECD.GOV.GIP:DSD_GOV@DF_GOV_EMPPS_REP_2023(1.0),"Public employment and representation - Government at a glance indicators, 2023 edition",I,A,Annual,DEU,Germany,EMPW_SMP,Gender equality in senior management positions in national administrations,PT_W,Percentage of women,S1311,Central government,2023,2023,EMPPS_REP,Public employment and representation,2021,,30.2,,A,Normal value,0,Units,_Z,Not applicable,,
DATAFLOW,OECD.GOV.GIP:DSD_GOV@DF_GOV_EMPPS_REP_2023(1.0),"Public employment and representation - Government at a glance indicators, 2023 edition",I,A,Annual,DEU,Germany,EMPW_SMP,Gender equality in senior management positions in national administrations,PT_W,Percentage of women,S1311,Central government,2023,2023,EMPPS_REP,Public employment and representation,2022,,30.9,,A,Normal value,0,Units,_Z,Not applicable,,
DATAFLOW,OECD.GOV.GIP:DSD_GOV@DF_GOV_EMPPS_REP_2023(1.0),"Public employment and representation - Government at a glance indicators, 2023 edition",I,A,Annual,DEU,Germany,EMPWPS,Gender equality in public sector employment,PT_W,Percentage of women,S1ZS,Public sector,2023,2023,EMPPS_REP,Public employment and representation,2020,,55.46,,A,Normal value,0,Units,_Z,Not applicable,,
DATAFLOW,OECD.GOV.GIP:DSD_GOV@DF_GOV_EMPPS_REP_2023(1.0),"Public employment and representation - Government at a glance indicators, 2023 edition",I,A,Annual,DEU,Germany,EMPWPS,Gender equality in public sector employment,PT_W,Percentage of women,S1ZS,Public sector,2023,2023,EMPPS_REP,Public employment and representation,2011,,52.84,,A,Normal value,0,Units,_Z,Not applicable,,
DATAFLOW,OECD.GOV.GIP:DSD_GOV@DF_GOV_EMPPS_REP_2023(1.0),"Public employment and representation - Government at a glance indicators, 2023 edition",I,A,Annual,DEU,Germany,EMPW_PARL,Gender equality in parliament,PT_W,Percentage of women,_Z,Not applicable,2023,2023,EMPPS_REP,Public employment and representation,2002,,32.2,,A,Normal value,0,Units,_Z,Not applicable,,
DATAFLOW,OECD.GOV.GIP:DSD_GOV@DF_GOV_EMPPS_REP_2023(1.0),"Public employment and representation - Government at a glance indicators, 2023 edition",I,A,Annual,DEU,Germany,EMPW_PARL,Gender equality in parliament,PT_W,Percentage of women,_Z,Not applicable,2023,2023,EMPPS_REP,Public employment and representation,2012,,32.9,,A,Normal value,0,Units,_Z,Not applicable,,
DATAFLOW,OECD.GOV.GIP:DSD_GOV@DF_GOV_EMPPS_REP_2023(1.0),"Public employment and representation - Government at a glance indicators, 2023 edition",I,A,Annual,DEU,Germany,EMPW_PARL,Gender equality in parliament,PT_W,Percentage of women,_Z,Not applicable,2023,2023,EMPPS_REP,Public employment and representation,2015,,36.5,,A,Normal value,0,Units,_Z,Not applicable,,
DATAFLOW,OECD.GOV.GIP:DSD_GOV@DF_GOV_EMPPS_REP_2023(1.0),"Public employment and representation - Government at a glance indicators, 2023 edition",I,A,Annual,DEU,Germany,EMPW_PARL,Gender equality in parliament,PT_W,Percentage of women,_Z,Not applicable,2023,2023,EMPPS_REP,Public employment and representation,2017,,37,,A,Normal value,0,Units,_Z,Not applicable,,
DATAFLOW,OECD.GOV.GIP:DSD_GOV@DF_GOV_EMPPS_REP_2023(1.0),"Public employment and representation - Government at a glance indicators, 2023 edition",I,A,Annual,DEU,Germany,EMPW_PARL,Gender equality in parliament,PT_W,Percentage of women,_Z,Not applicable,2023,2023,EMPPS_REP,Public employment and representation,2019,,30.9,,A,Normal value,0,Units,_Z,Not applicable,,
DATAFLOW,OECD.GOV.GIP:DSD_GOV@DF_GOV_EMPPS_REP_2023(1.0),"Public employment and representation - Government at a glance indicators, 2023 edition",I,A,Annual,DEU,Germany,EMPW_PARL,Gender equality in parliament,PT_W,Percentage of women,_Z,Not applicable,2023,2023,EMPPS_REP,Public employment and representation,2021,,31.5,,A,Normal value,0,Units,_Z,Not applicable,,
DATAFLOW,OECD.GOV.GIP:DSD_GOV@DF_GOV_EMPPS_REP_2023(1.0),"Public employment and representation - Government at a glance indicators, 2023 edition",I,A,Annual,DEU,Germany,EMPW_PARL,Gender equality in parliament,PT_W,Percentage of women,_Z,Not applicable,2023,2023,EMPPS_REP,Public employment and representation,2023,,35.1,,A,Normal value,0,Units,_Z,Not applicable,,
DATAFLOW,OECD.GOV.GIP:DSD_GOV@DF_GOV_EMPPS_REP_2023(1.0),"Public employment and representation - Government at a glance indicators, 2023 edition",I,A,Annual,DEU,Germany,EMPW_SMP,Gender equality in senior management positions in national administrations,PT_W,Percentage of women,S1311,Central government,2023,2023,EMPPS_REP,Public employment and representation,2007,,13.8,,A,Normal value,0,Units,_Z,Not applicable,,
DATAFLOW,OECD.GOV.GIP:DSD_GOV@DF_GOV_EMPPS_REP_2023(1.0),"Public employment and representation - Government at a glance indicators, 2023 edition",I,A,Annual,NOR,Norway,EMPW_PARL,Gender equality in parliament,PT_W,Percentage of women,_Z,Not applicable,2023,2023,EMPPS_REP,Public employment and representation,2023,,46.2,,A,Normal value,0,Units,_Z,Not applicable,,
DATAFLOW,OECD.GOV.GIP:DSD_GOV@DF_GOV_EMPPS_REP_2023(1.0),"Public employment and representation - Government at a glance indicators, 2023 edition",I,A,Annual,NOR,Norway,EMPW_SMP,Gender equality in senior management positions in national administrations,PT_W,Percentage of women,S1311,Central government,2023,2023,EMPPS_REP,Public employment and representation,2007,,35,,A,Normal value,0,Units,_Z,Not applicable,,
DATAFLOW,OECD.GOV.GIP:DSD_GOV@DF_GOV_EMPPS_REP_2023(1.0),"Public employment and representation - Government at a glance indicators, 2023 edition",I,A,Annual,NOR,Norway,EMPW_SMP,Gender equality in senior management positions in national administrations,PT_W,Percentage of women,S1311,Central government,2023,2023,EMPPS_REP,Public employment and representation,2008,,32.6,,A,Normal value,0,Units,_Z,Not applicable,,
DATAFLOW,OECD.GOV.GIP:DSD_GOV@DF_GOV_EMPPS_REP_2023(1.0),"Public employment and representation - Government at a glance indicators, 2023 edition",I,A,Annual,NOR,Norway,EMPW_SMP,Gender equality in senior management positions in national administrations,PT_W,Percentage of women,S1311,Central government,2023,2023,EMPPS_REP,Public employment and representation,2009,,34.6,,A,Normal value,0,Units,_Z,Not applicable,,
DATAFLOW,OECD.GOV.GIP:DSD_GOV@DF_GOV_EMPPS_REP_2023(1.0),"Public employment and representation - Government at a glance indicators, 2023 edition",I,A,Annual,NOR,Norway,EMPW_SMP,Gender equality in senior management positions in national administrations,PT_W,Percentage of women,S1311,Central government,2023,2023,EMPPS_REP,Public employment and representation,2010,,35.3,,A,Normal value,0,Units,_Z,Not applicable,,
DATAFLOW,OECD.GOV.GIP:DSD_GOV@DF_GOV_EMPPS_REP_2023(1.0),"Public employment and representation - Government at a glance indicators, 2023 edition",I,A,Annual,NOR,Norway,EMPW_SMP,Gender equality in senior management positions in national administrations,PT_W,Percentage of women,S1311,Central government,2023,2023,EMPPS_REP,Public employment and representation,2011,,35,,A,Normal value,0,Units,_Z,Not applicable,,
DATAFLOW,OECD.GOV.GIP:DSD_GOV@DF_GOV_EMPPS_REP_2023(1.0),"Public employment and representation - Government at a glance indicators, 2023 edition",I,A,Annual,NOR,Norway,EMPW_SMP,Gender equality in senior management positions in national administrations,PT_W,Percentage of women,S1311,Central government,2023,2023,EMPPS_REP,Public employment and representation,2012,,38.7,,A,Normal value,0,Units,_Z,Not applicable,,
DATAFLOW,OECD.GOV.GIP:DSD_GOV@DF_GOV_EMPPS_REP_2023(1.0),"Public employment and representation - Government at a glance indicators, 2023 edition",I,A,Annual,NOR,Norway,EMPW_SMP,Gender equality in senior management positions in national administrations,PT_W,Percentage of women,S1311,Central government,2023,2023,EMPPS_REP,Public employment and representation,2013,,39.4,,A,Normal value,0,Units,_Z,Not applicable,,
DATAFLOW,OECD.GOV.GIP:DSD_GOV@DF_GOV_EMPPS_REP_2023(1.0),"Public employment and representation - Government at a glance indicators, 2023 edition",I,A,Annual,NOR,Norway,EMPW_SMP,Gender equality in senior management positions in national administrations,PT_W,Percentage of women,S1311,Central government,2023,2023,EMPPS_REP,Public employment and representation,2014,,39.5,,A,Normal value,0,Units,_Z,Not applicable,,
DATAFLOW,OECD.GOV.GIP:DSD_GOV@DF_GOV_EMPPS_REP_2023(1.0),"Public employment and representation - Government at a glance indicators, 2023 edition",I,A,Annual,NOR,Norway,EMPW_SMP,Gender equality in senior management positions in national administrations,PT_W,Percentage of women,S1311,Central government,2023,2023,EMPPS_REP,Public employment and representation,2015,,33.6,,A,Normal value,0,Units,_Z,Not applicable,,
DATAFLOW,OECD.GOV.GIP:DSD_GOV@DF_GOV_EMPPS_REP_2023(1.0),"Public employment and representation - Government at a glance indicators, 2023 edition",I,A,Annual,NOR,Norway,EMPW_SMP,Gender equality in senior management positions in national administrations,PT_W,Percentage of women,S1311,Central government,2023,2023,EMPPS_REP,Public employment and representation,2016,,33.6,,A,Normal value,0,Units,_Z,Not applicable,,
DATAFLOW,OECD.GOV.GIP:DSD_GOV@DF_GOV_EMPPS_REP_2023(1.0),"Public employment and representation - Government at a glance indicators, 2023 edition",I,A,Annual,NOR,Norway,EMPW_SMP,Gender equality in senior management positions in national administrations,PT_W,Percentage of women,S1311,Central government,2023,2023,EMPPS_REP,Public employment and representation,2017,,33.6,,A,Normal value,0,Units,_Z,Not applicable,,
DATAFLOW,OECD.GOV.GIP:DSD_GOV@DF_GOV_EMPPS_REP_2023(1.0),"Public employment and representation - Government at a glance indicators, 2023 edition",I,A,Annual,NOR,Norway,EMPW_SMP,Gender equality in senior management positions in national administrations,PT_W,Percentage of women,S1311,Central government,2023,2023,EMPPS_REP,Public employment and representation,2018,,36,,A,Normal value,0,Units,_Z,Not applicable,,
DATAFLOW,OECD.GOV.GIP:DSD_GOV@DF_GOV_EMPPS_REP_2023(1.0),"Public employment and representation - Government at a glance indicators, 2023 edition",I,A,Annual,NOR,Norway,EMPW_SMP,Gender equality in senior management positions in national administrations,PT_W,Percentage of women,S1311,Central government,2023,2023,EMPPS_REP,Public employment and representation,2019,,35.8,,A,Normal value,0,Units,_Z,Not applicable,,
DATAFLOW,OECD.GOV.GIP:DSD_GOV@DF_GOV_EMPPS_REP_2023(1.0),"Public employment and representation - Government at a glance indicators, 2023 edition",I,A,Annual,NOR,Norway,EMPW_SMP,Gender equality in senior management positions in national administrations,PT_W,Percentage of women,S1311,Central government,2023,2023,EMPPS_REP,Public employment and representation,2020,,34.7,,A,Normal value,0,Units,_Z,Not applicable,,
DATAFLOW,OECD.GOV.GIP:DSD_GOV@DF_GOV_EMPPS_REP_2023(1.0),"Public employment and representation - Government at a glance indicators, 2023 edition",I,A,Annual,NOR,Norway,EMPW_SMP,Gender equality in senior management positions in national administrations,PT_W,Percentage of women,S1311,Central government,2023,2023,EMPPS_REP,Public employment and representation,2021,,39.7,,A,Normal value,0,Units,_Z,Not applicable,,
DATAFLOW,OECD.GOV.GIP:DSD_GOV@DF_GOV_EMPPS_REP_2023(1.0),"Public employment and representation - Government at a glance indicators, 2023 edition",I,A,Annual,NOR,Norway,EMPW_SMP,Gender equality in senior management positions in national administrations,PT_W,Percentage of women,S1311,Central government,2023,2023,EMPPS_REP,Public employment and representation,2022,,41.4,,A,Normal value,0,Units,_Z,Not applicable,,
DATAFLOW,OECD.GOV.GIP:DSD_GOV@DF_GOV_EMPPS_REP_2023(1.0),"Public employment and representation - Government at a glance indicators, 2023 edition",I,A,Annual,NOR,Norway,EMPWPS,Gender equality in public sector employment,PT_W,Percentage of women,S1ZS,Public sector,2023,2023,EMPPS_REP,Public employment and representation,2020,,69.99,,A,Normal value,0,Units,_Z,Not applicable,,
DATAFLOW,OECD.GOV.GIP:DSD_GOV@DF_GOV_EMPPS_REP_2023(1.0),"Public employment and representation - Government at a glance indicators, 2023 edition",I,A,Annual,NOR,Norway,EMPWPS,Gender equality in public sector employment,PT_W,Percentage of women,S1ZS,Public sector,2023,2023,EMPPS_REP,Public employment and representation,2011,,69.25,,A,Normal value,0,Units,_Z,Not applicable,,
DATAFLOW,OECD.GOV.GIP:DSD_GOV@DF_GOV_EMPPS_REP_2023(1.0),"Public employment and representation - Government at a glance indicators, 2023 edition",I,A,Annual,NOR,Norway,EMPW_PJ,Gender equality in professional judges,PT_W,Percentage of women,_Z,Not applicable,2023,2023,EMPPS_REP,Public employment and representation,2014,,40,,A,Normal value,0,Units,_Z,Not applicable,,
DATAFLOW,OECD.GOV.GIP:DSD_GOV@DF_GOV_EMPPS_REP_2023(1.0),"Public employment and representation - Government at a glance indicators, 2023 edition",I,A,Annual,NOR,Norway,EMPW_PJ,Gender equality in professional judges,PT_W,Percentage of women,_Z,Not applicable,2023,2023,EMPPS_REP,Public employment and representation,2020,,45,,A,Normal value,0,Units,_Z,Not applicable,,
DATAFLOW,OECD.GOV.GIP:DSD_GOV@DF_GOV_EMPPS_REP_2023(1.0),"Public employment and representation - Government at a glance indicators, 2023 edition",I,A,Annual,NOR,Norway,EMPW_PARL,Gender equality in parliament,PT_W,Percentage of women,_Z,Not applicable,2023,2023,EMPPS_REP,Public employment and representation,2002,,36.4,,A,Normal value,0,Units,_Z,Not applicable,,
DATAFLOW,OECD.GOV.GIP:DSD_GOV@DF_GOV_EMPPS_REP_2023(1.0),"Public employment and representation - Government at a glance indicators, 2023 edition",I,A,Annual,NOR,Norway,EMPW_PARL,Gender equality in parliament,PT_W,Percentage of women,_Z,Not applicable,2023,2023,EMPPS_REP,Public employment and representation,2012,,39.6,,A,Normal value,0,Units,_Z,Not applicable,,
DATAFLOW,OECD.GOV.GIP:DSD_GOV@DF_GOV_EMPPS_REP_2023(1.0),"Public employment and representation - Government at a glance indicators, 2023 edition",I,A,Annual,NOR,Norway,EMPW_PARL,Gender equality in parliament,PT_W,Percentage of women,_Z,Not applicable,2023,2023,EMPPS_REP,Public employment and representation,2015,,39.6,,A,Normal value,0,Units,_Z,Not applicable,,
DATAFLOW,OECD.GOV.GIP:DSD_GOV@DF_GOV_EMPPS_REP_2023(1.0),"Public employment and representation - Government at a glance indicators, 2023 edition",I,A,Annual,NOR,Norway,EMPW_PARL,Gender equality in parliament,PT_W,Percentage of women,_Z,Not applicable,2023,2023,EMPPS_REP,Public employment and representation,2017,,39.6,,A,Normal value,0,Units,_Z,Not applicable,,
DATAFLOW,OECD.GOV.GIP:DSD_GOV@DF_GOV_EMPPS_REP_2023(1.0),"Public employment and representation - Government at a glance indicators, 2023 edition",I,A,Annual,NOR,Norway,EMPW_PARL,Gender equality in parliament,PT_W,Percentage of women,_Z,Not applicable,2023,2023,EMPPS_REP,Public employment and representation,2019,,40.8,,A,Normal value,0,Units,_Z,Not applicable,,
DATAFLOW,OECD.GOV.GIP:DSD_GOV@DF_GOV_EMPPS_REP_2023(1.0),"Public employment and representation - Government at a glance indicators, 2023 edition",I,A,Annual,NOR,Norway,EMPW_PARL,Gender equality in parliament,PT_W,Percentage of women,_Z,Not applicable,2023,2023,EMPPS_REP,Public employment and representation,2021,,44.4,,A,Normal value,0,Units,_Z,Not applicable,,
DATAFLOW,OECD.GOV.GIP:DSD_GOV@DF_GOV_EMPPS_REP_2023(1.0),"Public employment and representation - Government at a glance indicators, 2023 edition",I,A,Annual,IRL,Ireland,EMPW_SMP,Gender equality in senior management positions in national administrations,PT_W,Percentage of women,S1311,Central government,2023,2023,EMPPS_REP,Public employment and representation,2008,,16,,A,Normal value,0,Units,_Z,Not applicable,,
DATAFLOW,OECD.GOV.GIP:DSD_GOV@DF_GOV_EMPPS_REP_2023(1.0),"Public employment and representation - Government at a glance indicators, 2023 edition",I,A,Annual,IRL,Ireland,EMPW_SMP,Gender equality in senior management positions in national administrations,PT_W,Percentage of women,S1311,Central government,2023,2023,EMPPS_REP,Public employment and representation,2009,,13.8,,A,Normal value,0,Units,_Z,Not applicable,,
DATAFLOW,OECD.GOV.GIP:DSD_GOV@DF_GOV_EMPPS_REP_2023(1.0),"Public employment and representation - Government at a glance indicators, 2023 edition",I,A,Annual,IRL,Ireland,EMPW_SMP,Gender equality in senior management positions in national administrations,PT_W,Percentage of women,S1311,Central government,2023,2023,EMPPS_REP,Public employment and representation,2010,,16.4,,A,Normal value,0,Units,_Z,Not applicable,,
DATAFLOW,OECD.GOV.GIP:DSD_GOV@DF_GOV_EMPPS_REP_2023(1.0),"Public employment and representation - Government at a glance indicators, 2023 edition",I,A,Annual,IRL,Ireland,EMPW_SMP,Gender equality in senior management positions in national administrations,PT_W,Percentage of women,S1311,Central government,2023,2023,EMPPS_REP,Public employment and representation,2011,,22.1,,A,Normal value,0,Units,_Z,Not applicable,,
DATAFLOW,OECD.GOV.GIP:DSD_GOV@DF_GOV_EMPPS_REP_2023(1.0),"Public employment and representation - Government at a glance indicators, 2023 edition",I,A,Annual,IRL,Ireland,EMPW_SMP,Gender equality in senior management positions in national administrations,PT_W,Percentage of women,S1311,Central government,2023,2023,EMPPS_REP,Public employment and representation,2012,,24,,A,Normal value,0,Units,_Z,Not applicable,,
DATAFLOW,OECD.GOV.GIP:DSD_GOV@DF_GOV_EMPPS_REP_2023(1.0),"Public employment and representation - Government at a glance indicators, 2023 edition",I,A,Annual,IRL,Ireland,EMPW_SMP,Gender equality in senior management positions in national administrations,PT_W,Percentage of women,S1311,Central government,2023,2023,EMPPS_REP,Public employment and representation,2013,,20.8,,A,Normal value,0,Units,_Z,Not applicable,,
DATAFLOW,OECD.GOV.GIP:DSD_GOV@DF_GOV_EMPPS_REP_2023(1.0),"Public employment and representation - Government at a glance indicators, 2023 edition",I,A,Annual,IRL,Ireland,EMPW_SMP,Gender equality in senior management positions in national administrations,PT_W,Percentage of women,S1311,Central government,2023,2023,EMPPS_REP,Public employment and representation,2014,,21.5,,A,Normal value,0,Units,_Z,Not applicable,,
DATAFLOW,OECD.GOV.GIP:DSD_GOV@DF_GOV_EMPPS_REP_2023(1.0),"Public employment and representation - Government at a glance indicators, 2023 edition",I,A,Annual,IRL,Ireland,EMPW_SMP,Gender equality in senior management positions in national administrations,PT_W,Percentage of women,S1311,Central government,2023,2023,EMPPS_REP,Public employment and representation,2015,,26.2,,A,Normal value,0,Units,_Z,Not applicable,,
DATAFLOW,OECD.GOV.GIP:DSD_GOV@DF_GOV_EMPPS_REP_2023(1.0),"Public employment and representation - Government at a glance indicators, 2023 edition",I,A,Annual,IRL,Ireland,EMPW_SMP,Gender equality in senior management positions in national administrations,PT_W,Percentage of women,S1311,Central government,2023,2023,EMPPS_REP,Public employment and representation,2016,,26.9,,A,Normal value,0,Units,_Z,Not applicable,,
DATAFLOW,OECD.GOV.GIP:DSD_GOV@DF_GOV_EMPPS_REP_2023(1.0),"Public employment and representation - Government at a glance indicators, 2023 edition",I,A,Annual,IRL,Ireland,EMPW_SMP,Gender equality in senior management positions in national administrations,PT_W,Percentage of women,S1311,Central government,2023,2023,EMPPS_REP,Public employment and representation,2017,,30,,A,Normal value,0,Units,_Z,Not applicable,,
DATAFLOW,OECD.GOV.GIP:DSD_GOV@DF_GOV_EMPPS_REP_2023(1.0),"Public employment and representation - Government at a glance indicators, 2023 edition",I,A,Annual,IRL,Ireland,EMPW_SMP,Gender equality in senior management positions in national administrations,PT_W,Percentage of women,S1311,Central government,2023,2023,EMPPS_REP,Public employment and representation,2018,,31.3,,A,Normal value,0,Units,_Z,Not applicable,,
DATAFLOW,OECD.GOV.GIP:DSD_GOV@DF_GOV_EMPPS_REP_2023(1.0),"Public employment and representation - Government at a glance indicators, 2023 edition",I,A,Annual,IRL,Ireland,EMPW_SMP,Gender equality in senior management positions in national administrations,PT_W,Percentage of women,S1311,Central government,2023,2023,EMPPS_REP,Public employment and representation,2019,,32.3,,A,Normal value,0,Units,_Z,Not applicable,,
DATAFLOW,OECD.GOV.GIP:DSD_GOV@DF_GOV_EMPPS_REP_2023(1.0),"Public employment and representation - Government at a glance indicators, 2023 edition",I,A,Annual,IRL,Ireland,EMPW_SMP,Gender equality in senior management positions in national administrations,PT_W,Percentage of women,S1311,Central government,2023,2023,EMPPS_REP,Public employment and representation,2020,,33.1,,A,Normal value,0,Units,_Z,Not applicable,,
DATAFLOW,OECD.GOV.GIP:DSD_GOV@DF_GOV_EMPPS_REP_2023(1.0),"Public employment and representation - Government at a glance indicators, 2023 edition",I,A,Annual,IRL,Ireland,EMPW_SMP,Gender equality in senior management positions in national administrations,PT_W,Percentage of women,S1311,Central government,2023,2023,EMPPS_REP,Public employment and representation,2021,,33.3,,A,Normal value,0,Units,_Z,Not applicable,,
DATAFLOW,OECD.GOV.GIP:DSD_GOV@DF_GOV_EMPPS_REP_2023(1.0),"Public employment and representation - Government at a glance indicators, 2023 edition",I,A,Annual,IRL,Ireland,EMPW_SMP,Gender equality in senior management positions in national administrations,PT_W,Percentage of women,S1311,Central government,2023,2023,EMPPS_REP,Public employment and representation,2022,,39.7,,A,Normal value,0,Units,_Z,Not applicable,,
DATAFLOW,OECD.GOV.GIP:DSD_GOV@DF_GOV_EMPPS_REP_2023(1.0),"Public employment and representation - Government at a glance indicators, 2023 edition",I,A,Annual,IRL,Ireland,EMPW_PJ,Gender equality in professional judges,PT_W,Percentage of women,_Z,Not applicable,2023,2023,EMPPS_REP,Public employment and representation,2014,,33,,A,Normal value,0,Units,_Z,Not applicable,,
DATAFLOW,OECD.GOV.GIP:DSD_GOV@DF_GOV_EMPPS_REP_2023(1.0),"Public employment and representation - Government at a glance indicators, 2023 edition",I,A,Annual,IRL,Ireland,EMPW_PJ,Gender equality in professional judges,PT_W,Percentage of women,_Z,Not applicable,2023,2023,EMPPS_REP,Public employment and representation,2020,,39,,A,Normal value,0,Units,_Z,Not applicable,,
DATAFLOW,OECD.GOV.GIP:DSD_GOV@DF_GOV_EMPPS_REP_2023(1.0),"Public employment and representation - Government at a glance indicators, 2023 edition",I,A,Annual,IRL,Ireland,EMPW_PARL,Gender equality in parliament,PT_W,Percentage of women,_Z,Not applicable,2023,2023,EMPPS_REP,Public employment and representation,2002,,13.3,,A,Normal value,0,Units,_Z,Not applicable,,
DATAFLOW,OECD.GOV.GIP:DSD_GOV@DF_GOV_EMPPS_REP_2023(1.0),"Public employment and representation - Government at a glance indicators, 2023 edition",I,A,Annual,IRL,Ireland,EMPW_PARL,Gender equality in parliament,PT_W,Percentage of women,_Z,Not applicable,2023,2023,EMPPS_REP,Public employment and representation,2012,,15.1,,A,Normal value,0,Units,_Z,Not applicable,,
DATAFLOW,OECD.GOV.GIP:DSD_GOV@DF_GOV_EMPPS_REP_2023(1.0),"Public employment and representation - Government at a glance indicators, 2023 edition",I,A,Annual,IRL,Ireland,EMPW_PARL,Gender equality in parliament,PT_W,Percentage of women,_Z,Not applicable,2023,2023,EMPPS_REP,Public employment and representation,2015,,16.3,,A,Normal value,0,Units,_Z,Not applicable,,
DATAFLOW,OECD.GOV.GIP:DSD_GOV@DF_GOV_EMPPS_REP_2023(1.0),"Public employment and representation - Government at a glance indicators, 2023 edition",I,A,Annual,IRL,Ireland,EMPW_PARL,Gender equality in parliament,PT_W,Percentage of women,_Z,Not applicable,2023,2023,EMPPS_REP,Public employment and representation,2017,,22.2,,A,Normal value,0,Units,_Z,Not applicable,,
DATAFLOW,OECD.GOV.GIP:DSD_GOV@DF_GOV_EMPPS_REP_2023(1.0),"Public employment and representation - Government at a glance indicators, 2023 edition",I,A,Annual,IRL,Ireland,EMPW_PARL,Gender equality in parliament,PT_W,Percentage of women,_Z,Not applicable,2023,2023,EMPPS_REP,Public employment and representation,2019,,22.2,,A,Normal value,0,Units,_Z,Not applicable,,
DATAFLOW,OECD.GOV.GIP:DSD_GOV@DF_GOV_EMPPS_REP_2023(1.0),"Public employment and representation - Government at a glance indicators, 2023 edition",I,A,Annual,IRL,Ireland,EMPW_PARL,Gender equality in parliament,PT_W,Percentage of women,_Z,Not applicable,2023,2023,EMPPS_REP,Public employment and representation,2021,,22.5,,A,Normal value,0,Units,_Z,Not applicable,,
DATAFLOW,OECD.GOV.GIP:DSD_GOV@DF_GOV_EMPPS_REP_2023(1.0),"Public employment and representation - Government at a glance indicators, 2023 edition",I,A,Annual,IRL,Ireland,EMPW_PARL,Gender equality in parliament,PT_W,Percentage of women,_Z,Not applicable,2023,2023,EMPPS_REP,Public employment and representation,2023,,23.1,,A,Normal value,0,Units,_Z,Not applicable,,
DATAFLOW,OECD.GOV.GIP:DSD_GOV@DF_GOV_EMPPS_REP_2023(1.0),"Public employment and representation - Government at a glance indicators, 2023 edition",I,A,Annual,IRL,Ireland,EMPW_SMP,Gender equality in senior management positions in national administrations,PT_W,Percentage of women,S1311,Central government,2023,2023,EMPPS_REP,Public employment and representation,2007,,13.6,,A,Normal value,0,Units,_Z,Not applicable,,
DATAFLOW,OECD.GOV.GIP:DSD_GOV@DF_GOV_EMPPS_REP_2023(1.0),"Public employment and representation - Government at a glance indicators, 2023 edition",I,A,Annual,JPN,Japan,EMPWPS,Gender equality in public sector employment,PT_W,Percentage of women,S1ZS,Public sector,2023,2023,EMPPS_REP,Public employment and representation,2020,,45.14,,A,Normal value,0,Units,_Z,Not applicable,,
DATAFLOW,OECD.GOV.GIP:DSD_GOV@DF_GOV_EMPPS_REP_2023(1.0),"Public employment and representation - Government at a glance indicators, 2023 edition",I,A,Annual,JPN,Japan,EMPWPS,Gender equality in public sector employment,PT_W,Percentage of women,S1ZS,Public sector,2023,2023,EMPPS_REP,Public employment and representation,2011,,41.62,,A,Normal value,0,Units,_Z,Not applicable,,
DATAFLOW,OECD.GOV.GIP:DSD_GOV@DF_GOV_EMPPS_REP_2023(1.0),"Public employment and representation - Government at a glance indicators, 2023 edition",I,A,Annual,JPN,Japan,EMPW_PARL,Gender equality in parliament,PT_W,Percentage of women,_Z,Not applicable,2023,2023,EMPPS_REP,Public employment and representation,2002,,7.3,,A,Normal value,0,Units,_Z,Not applicable,,
DATAFLOW,OECD.GOV.GIP:DSD_GOV@DF_GOV_EMPPS_REP_2023(1.0),"Public employment and representation - Government at a glance indicators, 2023 edition",I,A,Annual,JPN,Japan,EMPW_PARL,Gender equality in parliament,PT_W,Percentage of women,_Z,Not applicable,2023,2023,EMPPS_REP,Public employment and representation,2012,,10.6,,A,Normal value,0,Units,_Z,Not applicable,,
DATAFLOW,OECD.GOV.GIP:DSD_GOV@DF_GOV_EMPPS_REP_2023(1.0),"Public employment and representation - Government at a glance indicators, 2023 edition",I,A,Annual,JPN,Japan,EMPW_PARL,Gender equality in parliament,PT_W,Percentage of women,_Z,Not applicable,2023,2023,EMPPS_REP,Public employment and representation,2015,,9.5,,A,Normal value,0,Units,_Z,Not applicable,,
DATAFLOW,OECD.GOV.GIP:DSD_GOV@DF_GOV_EMPPS_REP_2023(1.0),"Public employment and representation - Government at a glance indicators, 2023 edition",I,A,Annual,JPN,Japan,EMPW_PARL,Gender equality in parliament,PT_W,Percentage of women,_Z,Not applicable,2023,2023,EMPPS_REP,Public employment and representation,2017,,9.3,,A,Normal value,0,Units,_Z,Not applicable,,
DATAFLOW,OECD.GOV.GIP:DSD_GOV@DF_GOV_EMPPS_REP_2023(1.0),"Public employment and representation - Government at a glance indicators, 2023 edition",I,A,Annual,JPN,Japan,EMPW_PARL,Gender equality in parliament,PT_W,Percentage of women,_Z,Not applicable,2023,2023,EMPPS_REP,Public employment and representation,2019,,10.2,,A,Normal value,0,Units,_Z,Not applicable,,
DATAFLOW,OECD.GOV.GIP:DSD_GOV@DF_GOV_EMPPS_REP_2023(1.0),"Public employment and representation - Government at a glance indicators, 2023 edition",I,A,Annual,JPN,Japan,EMPW_PARL,Gender equality in parliament,PT_W,Percentage of women,_Z,Not applicable,2023,2023,EMPPS_REP,Public employment and representation,2021,,9.9,,A,Normal value,0,Units,_Z,Not applicable,,
DATAFLOW,OECD.GOV.GIP:DSD_GOV@DF_GOV_EMPPS_REP_2023(1.0),"Public employment and representation - Government at a glance indicators, 2023 edition",I,A,Annual,JPN,Japan,EMPW_PARL,Gender equality in parliament,PT_W,Percentage of women,_Z,Not applicable,2023,2023,EMPPS_REP,Public employment and representation,2023,,10,,A,Normal value,0,Units,_Z,Not applicable,,
DATAFLOW,OECD.GOV.GIP:DSD_GOV@DF_GOV_EMPPS_REP_2023(1.0),"Public employment and representation - Government at a glance indicators, 2023 edition",I,A,Annual,DNK,Denmark,EMPW_SMP,Gender equality in senior management positions in national administrations,PT_W,Percentage of women,S1311,Central government,2023,2023,EMPPS_REP,Public employment and representation,2008,,17.2,,A,Normal value,0,Units,_Z,Not applicable,,
DATAFLOW,OECD.GOV.GIP:DSD_GOV@DF_GOV_EMPPS_REP_2023(1.0),"Public employment and representation - Government at a glance indicators, 2023 edition",I,A,Annual,DNK,Denmark,EMPW_SMP,Gender equality in senior management positions in national administrations,PT_W,Percentage of women,S1311,Central government,2023,2023,EMPPS_REP,Public employment and representation,2009,,20.8,,A,Normal value,0,Units,_Z,Not applicable,,
DATAFLOW,OECD.GOV.GIP:DSD_GOV@DF_GOV_EMPPS_REP_2023(1.0),"Public employment and representation - Government at a glance indicators, 2023 edition",I,A,Annual,DNK,Denmark,EMPW_SMP,Gender equality in senior management positions in national administrations,PT_W,Percentage of women,S1311,Central government,2023,2023,EMPPS_REP,Public employment and representation,2010,,23.1,,A,Normal value,0,Units,_Z,Not applicable,,
DATAFLOW,OECD.GOV.GIP:DSD_GOV@DF_GOV_EMPPS_REP_2023(1.0),"Public employment and representation - Government at a glance indicators, 2023 edition",I,A,Annual,DNK,Denmark,EMPW_SMP,Gender equality in senior management positions in national administrations,PT_W,Percentage of women,S1311,Central government,2023,2023,EMPPS_REP,Public employment and representation,2011,,22.2,,A,Normal value,0,Units,_Z,Not applicable,,
DATAFLOW,OECD.GOV.GIP:DSD_GOV@DF_GOV_EMPPS_REP_2023(1.0),"Public employment and representation - Government at a glance indicators, 2023 edition",I,A,Annual,DNK,Denmark,EMPW_SMP,Gender equality in senior management positions in national administrations,PT_W,Percentage of women,S1311,Central government,2023,2023,EMPPS_REP,Public employment and representation,2012,,23.1,,A,Normal value,0,Units,_Z,Not applicable,,
DATAFLOW,OECD.GOV.GIP:DSD_GOV@DF_GOV_EMPPS_REP_2023(1.0),"Public employment and representation - Government at a glance indicators, 2023 edition",I,A,Annual,DNK,Denmark,EMPW_SMP,Gender equality in senior management positions in national administrations,PT_W,Percentage of women,S1311,Central government,2023,2023,EMPPS_REP,Public employment and representation,2013,,19.2,,A,Normal value,0,Units,_Z,Not applicable,,
DATAFLOW,OECD.GOV.GIP:DSD_GOV@DF_GOV_EMPPS_REP_2023(1.0),"Public employment and representation - Government at a glance indicators, 2023 edition",I,A,Annual,DNK,Denmark,EMPW_SMP,Gender equality in senior management positions in national administrations,PT_W,Percentage of women,S1311,Central government,2023,2023,EMPPS_REP,Public employment and representation,2014,,23.3,,A,Normal value,0,Units,_Z,Not applicable,,
DATAFLOW,OECD.GOV.GIP:DSD_GOV@DF_GOV_EMPPS_REP_2023(1.0),"Public employment and representation - Government at a glance indicators, 2023 edition",I,A,Annual,DNK,Denmark,EMPW_SMP,Gender equality in senior management positions in national administrations,PT_W,Percentage of women,S1311,Central government,2023,2023,EMPPS_REP,Public employment and representation,2015,,24.8,,A,Normal value,0,Units,_Z,Not applicable,,
DATAFLOW,OECD.GOV.GIP:DSD_GOV@DF_GOV_EMPPS_REP_2023(1.0),"Public employment and representation - Government at a glance indicators, 2023 edition",I,A,Annual,DNK,Denmark,EMPW_SMP,Gender equality in senior management positions in national administrations,PT_W,Percentage of women,S1311,Central government,2023,2023,EMPPS_REP,Public employment and representation,2016,,23.5,,A,Normal value,0,Units,_Z,Not applicable,,
DATAFLOW,OECD.GOV.GIP:DSD_GOV@DF_GOV_EMPPS_REP_2023(1.0),"Public employment and representation - Government at a glance indicators, 2023 edition",I,A,Annual,DNK,Denmark,EMPW_SMP,Gender equality in senior management positions in national administrations,PT_W,Percentage of women,S1311,Central government,2023,2023,EMPPS_REP,Public employment and representation,2017,,24.7,,A,Normal value,0,Units,_Z,Not applicable,,
DATAFLOW,OECD.GOV.GIP:DSD_GOV@DF_GOV_EMPPS_REP_2023(1.0),"Public employment and representation - Government at a glance indicators, 2023 edition",I,A,Annual,DNK,Denmark,EMPW_SMP,Gender equality in senior management positions in national administrations,PT_W,Percentage of women,S1311,Central government,2023,2023,EMPPS_REP,Public employment and representation,2018,,23.7,,A,Normal value,0,Units,_Z,Not applicable,,
DATAFLOW,OECD.GOV.GIP:DSD_GOV@DF_GOV_EMPPS_REP_2023(1.0),"Public employment and representation - Government at a glance indicators, 2023 edition",I,A,Annual,DNK,Denmark,EMPW_SMP,Gender equality in senior management positions in national administrations,PT_W,Percentage of women,S1311,Central government,2023,2023,EMPPS_REP,Public employment and representation,2019,,30.2,,A,Normal value,0,Units,_Z,Not applicable,,
DATAFLOW,OECD.GOV.GIP:DSD_GOV@DF_GOV_EMPPS_REP_2023(1.0),"Public employment and representation - Government at a glance indicators, 2023 edition",I,A,Annual,DNK,Denmark,EMPW_SMP,Gender equality in senior management positions in national administrations,PT_W,Percentage of women,S1311,Central government,2023,2023,EMPPS_REP,Public employment and representation,2020,,30,,A,Normal value,0,Units,_Z,Not applicable,,
DATAFLOW,OECD.GOV.GIP:DSD_GOV@DF_GOV_EMPPS_REP_2023(1.0),"Public employment and representation - Government at a glance indicators, 2023 edition",I,A,Annual,DNK,Denmark,EMPW_SMP,Gender equality in senior management positions in national administrations,PT_W,Percentage of women,S1311,Central government,2023,2023,EMPPS_REP,Public employment and representation,2021,,26.4,,A,Normal value,0,Units,_Z,Not applicable,,
DATAFLOW,OECD.GOV.GIP:DSD_GOV@DF_GOV_EMPPS_REP_2023(1.0),"Public employment and representation - Government at a glance indicators, 2023 edition",I,A,Annual,DNK,Denmark,EMPW_SMP,Gender equality in senior management positions in national administrations,PT_W,Percentage of women,S1311,Central government,2023,2023,EMPPS_REP,Public employment and representation,2022,,30.3,,A,Normal value,0,Units,_Z,Not applicable,,
DATAFLOW,OECD.GOV.GIP:DSD_GOV@DF_GOV_EMPPS_REP_2023(1.0),"Public employment and representation - Government at a glance indicators, 2023 edition",I,A,Annual,DNK,Denmark,EMPWPS,Gender equality in public sector employment,PT_W,Percentage of women,S1ZS,Public sector,2023,2023,EMPPS_REP,Public employment and representation,2020,,69.49,,A,Normal value,0,Units,_Z,Not applicable,,
DATAFLOW,OECD.GOV.GIP:DSD_GOV@DF_GOV_EMPPS_REP_2023(1.0),"Public employment and representation - Government at a glance indicators, 2023 edition",I,A,Annual,DNK,Denmark,EMPWPS,Gender equality in public sector employment,PT_W,Percentage of women,S1ZS,Public sector,2023,2023,EMPPS_REP,Public employment and representation,2011,,67.95,,A,Normal value,0,Units,_Z,Not applicable,,
DATAFLOW,OECD.GOV.GIP:DSD_GOV@DF_GOV_EMPPS_REP_2023(1.0),"Public employment and representation - Government at a glance indicators, 2023 edition",I,A,Annual,DNK,Denmark,EMPW_PARL,Gender equality in parliament,PT_W,Percentage of women,_Z,Not applicable,2023,2023,EMPPS_REP,Public employment and representation,2002,,38,,A,Normal value,0,Units,_Z,Not applicable,,
DATAFLOW,OECD.GOV.GIP:DSD_GOV@DF_GOV_EMPPS_REP_2023(1.0),"Public employment and representation - Government at a glance indicators, 2023 edition",I,A,Annual,DNK,Denmark,EMPW_PARL,Gender equality in parliament,PT_W,Percentage of women,_Z,Not applicable,2023,2023,EMPPS_REP,Public employment and representation,2012,,39.1,,A,Normal value,0,Units,_Z,Not applicable,,
DATAFLOW,OECD.GOV.GIP:DSD_GOV@DF_GOV_EMPPS_REP_2023(1.0),"Public employment and representation - Government at a glance indicators, 2023 edition",I,A,Annual,DNK,Denmark,EMPW_PARL,Gender equality in parliament,PT_W,Percentage of women,_Z,Not applicable,2023,2023,EMPPS_REP,Public employment and representation,2015,,37.4,,A,Normal value,0,Units,_Z,Not applicable,,
DATAFLOW,OECD.GOV.GIP:DSD_GOV@DF_GOV_EMPPS_REP_2023(1.0),"Public employment and representation - Government at a glance indicators, 2023 edition",I,A,Annual,DNK,Denmark,EMPW_PARL,Gender equality in parliament,PT_W,Percentage of women,_Z,Not applicable,2023,2023,EMPPS_REP,Public employment and representation,2017,,37.4,,A,Normal value,0,Units,_Z,Not applicable,,
DATAFLOW,OECD.GOV.GIP:DSD_GOV@DF_GOV_EMPPS_REP_2023(1.0),"Public employment and representation - Government at a glance indicators, 2023 edition",I,A,Annual,DNK,Denmark,EMPW_PARL,Gender equality in parliament,PT_W,Percentage of women,_Z,Not applicable,2023,2023,EMPPS_REP,Public employment and representation,2019,,37.4,,A,Normal value,0,Units,_Z,Not applicable,,
DATAFLOW,OECD.GOV.GIP:DSD_GOV@DF_GOV_EMPPS_REP_2023(1.0),"Public employment and representation - Government at a glance indicators, 2023 edition",I,A,Annual,DNK,Denmark,EMPW_PARL,Gender equality in parliament,PT_W,Percentage of women,_Z,Not applicable,2023,2023,EMPPS_REP,Public employment and representation,2021,,39.7,,A,Normal value,0,Units,_Z,Not applicable,,
DATAFLOW,OECD.GOV.GIP:DSD_GOV@DF_GOV_EMPPS_REP_2023(1.0),"Public employment and representation - Government at a glance indicators, 2023 edition",I,A,Annual,DNK,Denmark,EMPW_PARL,Gender equality in parliament,PT_W,Percentage of women,_Z,Not applicable,2023,2023,EMPPS_REP,Public employment and representation,2023,,43.6,,A,Normal value,0,Units,_Z,Not applicable,,
DATAFLOW,OECD.GOV.GIP:DSD_GOV@DF_GOV_EMPPS_REP_2023(1.0),"Public employment and representation - Government at a glance indicators, 2023 edition",I,A,Annual,DNK,Denmark,EMPW_SMP,Gender equality in senior management positions in national administrations,PT_W,Percentage of women,S1311,Central government,2023,2023,EMPPS_REP,Public employment and representation,2007,,20.9,,A,Normal value,0,Units,_Z,Not applicable,,
DATAFLOW,OECD.GOV.GIP:DSD_GOV@DF_GOV_EMPPS_REP_2023(1.0),"Public employment and representation - Government at a glance indicators, 2023 edition",I,A,Annual,AUT,Austria,EMPW_PARL,Gender equality in parliament,PT_W,Percentage of women,_Z,Not applicable,2023,2023,EMPPS_REP,Public employment and representation,2023,,40.4,,A,Normal value,0,Units,_Z,Not applicable,,
DATAFLOW,OECD.GOV.GIP:DSD_GOV@DF_GOV_EMPPS_REP_2023(1.0),"Public employment and representation - Government at a glance indicators, 2023 edition",I,A,Annual,AUT,Austria,EMPW_SMP,Gender equality in senior management positions in national administrations,PT_W,Percentage of women,S1311,Central government,2023,2023,EMPPS_REP,Public employment and representation,2007,,26.1,,A,Normal value,0,Units,_Z,Not applicable,,
DATAFLOW,OECD.GOV.GIP:DSD_GOV@DF_GOV_EMPPS_REP_2023(1.0),"Public employment and representation - Government at a glance indicators, 2023 edition",I,A,Annual,AUT,Austria,EMPW_SMP,Gender equality in senior management positions in national administrations,PT_W,Percentage of women,S1311,Central government,2023,2023,EMPPS_REP,Public employment and representation,2008,,26.9,,A,Normal value,0,Units,_Z,Not applicable,,
DATAFLOW,OECD.GOV.GIP:DSD_GOV@DF_GOV_EMPPS_REP_2023(1.0),"Public employment and representation - Government at a glance indicators, 2023 edition",I,A,Annual,AUT,Austria,EMPW_SMP,Gender equality in senior management positions in national administrations,PT_W,Percentage of women,S1311,Central government,2023,2023,EMPPS_REP,Public employment and representation,2009,,28.3,,A,Normal value,0,Units,_Z,Not applicable,,
DATAFLOW,OECD.GOV.GIP:DSD_GOV@DF_GOV_EMPPS_REP_2023(1.0),"Public employment and representation - Government at a glance indicators, 2023 edition",I,A,Annual,AUT,Austria,EMPW_SMP,Gender equality in senior management positions in national administrations,PT_W,Percentage of women,S1311,Central government,2023,2023,EMPPS_REP,Public employment and representation,2010,,29.9,,A,Normal value,0,Units,_Z,Not applicable,,
DATAFLOW,OECD.GOV.GIP:DSD_GOV@DF_GOV_EMPPS_REP_2023(1.0),"Public employment and representation - Government at a glance indicators, 2023 edition",I,A,Annual,AUT,Austria,EMPW_SMP,Gender equality in senior management positions in national administrations,PT_W,Percentage of women,S1311,Central government,2023,2023,EMPPS_REP,Public employment and representation,2011,,31.2,,A,Normal value,0,Units,_Z,Not applicable,,
DATAFLOW,OECD.GOV.GIP:DSD_GOV@DF_GOV_EMPPS_REP_2023(1.0),"Public employment and representation - Government at a glance indicators, 2023 edition",I,A,Annual,AUT,Austria,EMPW_SMP,Gender equality in senior management positions in national administrations,PT_W,Percentage of women,S1311,Central government,2023,2023,EMPPS_REP,Public employment and representation,2012,,31.4,,A,Normal value,0,Units,_Z,Not applicable,,
DATAFLOW,OECD.GOV.GIP:DSD_GOV@DF_GOV_EMPPS_REP_2023(1.0),"Public employment and representation - Government at a glance indicators, 2023 edition",I,A,Annual,AUT,Austria,EMPW_SMP,Gender equality in senior management positions in national administrations,PT_W,Percentage of women,S1311,Central government,2023,2023,EMPPS_REP,Public employment and representation,2013,,32.9,,A,Normal value,0,Units,_Z,Not applicable,,
DATAFLOW,OECD.GOV.GIP:DSD_GOV@DF_GOV_EMPPS_REP_2023(1.0),"Public employment and representation - Government at a glance indicators, 2023 edition",I,A,Annual,AUT,Austria,EMPW_SMP,Gender equality in senior management positions in national administrations,PT_W,Percentage of women,S1311,Central government,2023,2023,EMPPS_REP,Public employment and representation,2014,,34.2,,A,Normal value,0,Units,_Z,Not applicable,,
DATAFLOW,OECD.GOV.GIP:DSD_GOV@DF_GOV_EMPPS_REP_2023(1.0),"Public employment and representation - Government at a glance indicators, 2023 edition",I,A,Annual,AUT,Austria,EMPW_SMP,Gender equality in senior management positions in national administrations,PT_W,Percentage of women,S1311,Central government,2023,2023,EMPPS_REP,Public employment and representation,2015,,35.4,,A,Normal value,0,Units,_Z,Not applicable,,
DATAFLOW,OECD.GOV.GIP:DSD_GOV@DF_GOV_EMPPS_REP_2023(1.0),"Public employment and representation - Government at a glance indicators, 2023 edition",I,A,Annual,AUT,Austria,EMPW_SMP,Gender equality in senior management positions in national administrations,PT_W,Percentage of women,S1311,Central government,2023,2023,EMPPS_REP,Public employment and representation,2016,,36.7,,A,Normal value,0,Units,_Z,Not applicable,,
DATAFLOW,OECD.GOV.GIP:DSD_GOV@DF_GOV_EMPPS_REP_2023(1.0),"Public employment and representation - Government at a glance indicators, 2023 edition",I,A,Annual,AUT,Austria,EMPW_SMP,Gender equality in senior management positions in national administrations,PT_W,Percentage of women,S1311,Central government,2023,2023,EMPPS_REP,Public employment and representation,2017,,37.3,,A,Normal value,0,Units,_Z,Not applicable,,
DATAFLOW,OECD.GOV.GIP:DSD_GOV@DF_GOV_EMPPS_REP_2023(1.0),"Public employment and representation - Government at a glance indicators, 2023 edition",I,A,Annual,AUT,Austria,EMPW_SMP,Gender equality in senior management positions in national administrations,PT_W,Percentage of women,S1311,Central government,2023,2023,EMPPS_REP,Public employment and representation,2018,,37.7,,A,Normal value,0,Units,_Z,Not applicable,,
DATAFLOW,OECD.GOV.GIP:DSD_GOV@DF_GOV_EMPPS_REP_2023(1.0),"Public employment and representation - Government at a glance indicators, 2023 edition",I,A,Annual,AUT,Austria,EMPW_SMP,Gender equality in senior management positions in national administrations,PT_W,Percentage of women,S1311,Central government,2023,2023,EMPPS_REP,Public employment and representation,2019,,39.7,,A,Normal value,0,Units,_Z,Not applicable,,
DATAFLOW,OECD.GOV.GIP:DSD_GOV@DF_GOV_EMPPS_REP_2023(1.0),"Public employment and representation - Government at a glance indicators, 2023 edition",I,A,Annual,AUT,Austria,EMPW_SMP,Gender equality in senior management positions in national administrations,PT_W,Percentage of women,S1311,Central government,2023,2023,EMPPS_REP,Public employment and representation,2020,,39,,A,Normal value,0,Units,_Z,Not applicable,,
DATAFLOW,OECD.GOV.GIP:DSD_GOV@DF_GOV_EMPPS_REP_2023(1.0),"Public employment and representation - Government at a glance indicators, 2023 edition",I,A,Annual,AUT,Austria,EMPW_SMP,Gender equality in senior management positions in national administrations,PT_W,Percentage of women,S1311,Central government,2023,2023,EMPPS_REP,Public employment and representation,2021,,40.5,,A,Normal value,0,Units,_Z,Not applicable,,
DATAFLOW,OECD.GOV.GIP:DSD_GOV@DF_GOV_EMPPS_REP_2023(1.0),"Public employment and representation - Government at a glance indicators, 2023 edition",I,A,Annual,AUT,Austria,EMPW_SMP,Gender equality in senior management positions in national administrations,PT_W,Percentage of women,S1311,Central government,2023,2023,EMPPS_REP,Public employment and representation,2022,,41.8,,A,Normal value,0,Units,_Z,Not applicable,,
DATAFLOW,OECD.GOV.GIP:DSD_GOV@DF_GOV_EMPPS_REP_2023(1.0),"Public employment and representation - Government at a glance indicators, 2023 edition",I,A,Annual,AUT,Austria,EMPWPS,Gender equality in public sector employment,PT_W,Percentage of women,S1ZS,Public sector,2023,2023,EMPPS_REP,Public employment and representation,2020,,41.77,,A,Normal value,0,Units,_Z,Not applicable,,
DATAFLOW,OECD.GOV.GIP:DSD_GOV@DF_GOV_EMPPS_REP_2023(1.0),"Public employment and representation - Government at a glance indicators, 2023 edition",I,A,Annual,AUT,Austria,EMPWPS,Gender equality in public sector employment,PT_W,Percentage of women,S1ZS,Public sector,2023,2023,EMPPS_REP,Public employment and representation,2011,,38.93,,A,Normal value,0,Units,_Z,Not applicable,,
DATAFLOW,OECD.GOV.GIP:DSD_GOV@DF_GOV_EMPPS_REP_2023(1.0),"Public employment and representation - Government at a glance indicators, 2023 edition",I,A,Annual,AUT,Austria,EMPW_PJ,Gender equality in professional judges,PT_W,Percentage of women,_Z,Not applicable,2023,2023,EMPPS_REP,Public employment and representation,2014,,51,,A,Normal value,0,Units,_Z,Not applicable,,
DATAFLOW,OECD.GOV.GIP:DSD_GOV@DF_GOV_EMPPS_REP_2023(1.0),"Public employment and representation - Government at a glance indicators, 2023 edition",I,A,Annual,AUT,Austria,EMPW_PJ,Gender equality in professional judges,PT_W,Percentage of women,_Z,Not applicable,2023,2023,EMPPS_REP,Public employment and representation,2020,,51,,A,Normal value,0,Units,_Z,Not applicable,,
DATAFLOW,OECD.GOV.GIP:DSD_GOV@DF_GOV_EMPPS_REP_2023(1.0),"Public employment and representation - Government at a glance indicators, 2023 edition",I,A,Annual,AUT,Austria,EMPW_PARL,Gender equality in parliament,PT_W,Percentage of women,_Z,Not applicable,2023,2023,EMPPS_REP,Public employment and representation,2002,,26.8,,A,Normal value,0,Units,_Z,Not applicable,,
DATAFLOW,OECD.GOV.GIP:DSD_GOV@DF_GOV_EMPPS_REP_2023(1.0),"Public employment and representation - Government at a glance indicators, 2023 edition",I,A,Annual,AUT,Austria,EMPW_PARL,Gender equality in parliament,PT_W,Percentage of women,_Z,Not applicable,2023,2023,EMPPS_REP,Public employment and representation,2012,,27.9,,A,Normal value,0,Units,_Z,Not applicable,,
DATAFLOW,OECD.GOV.GIP:DSD_GOV@DF_GOV_EMPPS_REP_2023(1.0),"Public employment and representation - Government at a glance indicators, 2023 edition",I,A,Annual,AUT,Austria,EMPW_PARL,Gender equality in parliament,PT_W,Percentage of women,_Z,Not applicable,2023,2023,EMPPS_REP,Public employment and representation,2015,,30.6,,A,Normal value,0,Units,_Z,Not applicable,,
DATAFLOW,OECD.GOV.GIP:DSD_GOV@DF_GOV_EMPPS_REP_2023(1.0),"Public employment and representation - Government at a glance indicators, 2023 edition",I,A,Annual,AUT,Austria,EMPW_PARL,Gender equality in parliament,PT_W,Percentage of women,_Z,Not applicable,2023,2023,EMPPS_REP,Public employment and representation,2017,,30.6,,A,Normal value,0,Units,_Z,Not applicable,,
DATAFLOW,OECD.GOV.GIP:DSD_GOV@DF_GOV_EMPPS_REP_2023(1.0),"Public employment and representation - Government at a glance indicators, 2023 edition",I,A,Annual,AUT,Austria,EMPW_PARL,Gender equality in parliament,PT_W,Percentage of women,_Z,Not applicable,2023,2023,EMPPS_REP,Public employment and representation,2019,,37.2,,A,Normal value,0,Units,_Z,Not applicable,,
DATAFLOW,OECD.GOV.GIP:DSD_GOV@DF_GOV_EMPPS_REP_2023(1.0),"Public employment and representation - Government at a glance indicators, 2023 edition",I,A,Annual,AUT,Austria,EMPW_PARL,Gender equality in parliament,PT_W,Percentage of women,_Z,Not applicable,2023,2023,EMPPS_REP,Public employment and representation,2021,,39.9,,A,Normal value,0,Units,_Z,Not applicable,,
DATAFLOW,OECD.GOV.GIP:DSD_GOV@DF_GOV_EMPPS_REP_2023(1.0),"Public employment and representation - Government at a glance indicators, 2023 edition",I,A,Annual,LUX,Luxembourg,EMPW_SMP,Gender equality in senior management positions in national administrations,PT_W,Percentage of women,S1311,Central government,2023,2023,EMPPS_REP,Public employment and representation,2007,,5.9,,A,Normal value,0,Units,_Z,Not applicable,,
DATAFLOW,OECD.GOV.GIP:DSD_GOV@DF_GOV_EMPPS_REP_2023(1.0),"Public employment and representation - Government at a glance indicators, 2023 edition",I,A,Annual,LUX,Luxembourg,EMPW_SMP,Gender equality in senior management positions in national administrations,PT_W,Percentage of women,S1311,Central government,2023,2023,EMPPS_REP,Public employment and representation,2008,,6.9,,A,Normal value,0,Units,_Z,Not applicable,,
DATAFLOW,OECD.GOV.GIP:DSD_GOV@DF_GOV_EMPPS_REP_2023(1.0),"Public employment and representation - Government at a glance indicators, 2023 edition",I,A,Annual,LUX,Luxembourg,EMPW_SMP,Gender equality in senior management positions in national administrations,PT_W,Percentage of women,S1311,Central government,2023,2023,EMPPS_REP,Public employment and representation,2009,,6.5,,A,Normal value,0,Units,_Z,Not applicable,,
DATAFLOW,OECD.GOV.GIP:DSD_GOV@DF_GOV_EMPPS_REP_2023(1.0),"Public employment and representation - Government at a glance indicators, 2023 edition",I,A,Annual,LUX,Luxembourg,EMPW_SMP,Gender equality in senior management positions in national administrations,PT_W,Percentage of women,S1311,Central government,2023,2023,EMPPS_REP,Public employment and representation,2010,,14.3,,A,Normal value,0,Units,_Z,Not applicable,,
DATAFLOW,OECD.GOV.GIP:DSD_GOV@DF_GOV_EMPPS_REP_2023(1.0),"Public employment and representation - Government at a glance indicators, 2023 edition",I,A,Annual,LUX,Luxembourg,EMPW_SMP,Gender equality in senior management positions in national administrations,PT_W,Percentage of women,S1311,Central government,2023,2023,EMPPS_REP,Public employment and representation,2011,,15,,A,Normal value,0,Units,_Z,Not applicable,,
DATAFLOW,OECD.GOV.GIP:DSD_GOV@DF_GOV_EMPPS_REP_2023(1.0),"Public employment and representation - Government at a glance indicators, 2023 edition",I,A,Annual,LUX,Luxembourg,EMPW_SMP,Gender equality in senior management positions in national administrations,PT_W,Percentage of women,S1311,Central government,2023,2023,EMPPS_REP,Public employment and representation,2012,,13.2,,A,Normal value,0,Units,_Z,Not applicable,,
DATAFLOW,OECD.GOV.GIP:DSD_GOV@DF_GOV_EMPPS_REP_2023(1.0),"Public employment and representation - Government at a glance indicators, 2023 edition",I,A,Annual,LUX,Luxembourg,EMPW_SMP,Gender equality in senior management positions in national administrations,PT_W,Percentage of women,S1311,Central government,2023,2023,EMPPS_REP,Public employment and representation,2013,,20.5,,A,Normal value,0,Units,_Z,Not applicable,,
DATAFLOW,OECD.GOV.GIP:DSD_GOV@DF_GOV_EMPPS_REP_2023(1.0),"Public employment and representation - Government at a glance indicators, 2023 edition",I,A,Annual,LUX,Luxembourg,EMPW_SMP,Gender equality in senior management positions in national administrations,PT_W,Percentage of women,S1311,Central government,2023,2023,EMPPS_REP,Public employment and representation,2014,,23.3,,A,Normal value,0,Units,_Z,Not applicable,,
DATAFLOW,OECD.GOV.GIP:DSD_GOV@DF_GOV_EMPPS_REP_2023(1.0),"Public employment and representation - Government at a glance indicators, 2023 edition",I,A,Annual,LUX,Luxembourg,EMPW_SMP,Gender equality in senior management positions in national administrations,PT_W,Percentage of women,S1311,Central government,2023,2023,EMPPS_REP,Public employment and representation,2015,,30,,A,Normal value,0,Units,_Z,Not applicable,,
DATAFLOW,OECD.GOV.GIP:DSD_GOV@DF_GOV_EMPPS_REP_2023(1.0),"Public employment and representation - Government at a glance indicators, 2023 edition",I,A,Annual,LUX,Luxembourg,EMPW_SMP,Gender equality in senior management positions in national administrations,PT_W,Percentage of women,S1311,Central government,2023,2023,EMPPS_REP,Public employment and representation,2016,,32.7,,A,Normal value,0,Units,_Z,Not applicable,,
DATAFLOW,OECD.GOV.GIP:DSD_GOV@DF_GOV_EMPPS_REP_2023(1.0),"Public employment and representation - Government at a glance indicators, 2023 edition",I,A,Annual,LUX,Luxembourg,EMPW_SMP,Gender equality in senior management positions in national administrations,PT_W,Percentage of women,S1311,Central government,2023,2023,EMPPS_REP,Public employment and representation,2017,,35.1,,A,Normal value,0,Units,_Z,Not applicable,,
DATAFLOW,OECD.GOV.GIP:DSD_GOV@DF_GOV_EMPPS_REP_2023(1.0),"Public employment and representation - Government at a glance indicators, 2023 edition",I,A,Annual,LUX,Luxembourg,EMPW_SMP,Gender equality in senior management positions in national administrations,PT_W,Percentage of women,S1311,Central government,2023,2023,EMPPS_REP,Public employment and representation,2018,,31.4,,A,Normal value,0,Units,_Z,Not applicable,,
DATAFLOW,OECD.GOV.GIP:DSD_GOV@DF_GOV_EMPPS_REP_2023(1.0),"Public employment and representation - Government at a glance indicators, 2023 edition",I,A,Annual,LUX,Luxembourg,EMPW_SMP,Gender equality in senior management positions in national administrations,PT_W,Percentage of women,S1311,Central government,2023,2023,EMPPS_REP,Public employment and representation,2019,,28.6,,A,Normal value,0,Units,_Z,Not applicable,,
DATAFLOW,OECD.GOV.GIP:DSD_GOV@DF_GOV_EMPPS_REP_2023(1.0),"Public employment and representation - Government at a glance indicators, 2023 edition",I,A,Annual,LUX,Luxembourg,EMPW_SMP,Gender equality in senior management positions in national administrations,PT_W,Percentage of women,S1311,Central government,2023,2023,EMPPS_REP,Public employment and representation,2020,,25.8,,A,Normal value,0,Units,_Z,Not applicable,,
DATAFLOW,OECD.GOV.GIP:DSD_GOV@DF_GOV_EMPPS_REP_2023(1.0),"Public employment and representation - Government at a glance indicators, 2023 edition",I,A,Annual,LUX,Luxembourg,EMPW_SMP,Gender equality in senior management positions in national administrations,PT_W,Percentage of women,S1311,Central government,2023,2023,EMPPS_REP,Public employment and representation,2021,,28.1,,A,Normal value,0,Units,_Z,Not applicable,,
DATAFLOW,OECD.GOV.GIP:DSD_GOV@DF_GOV_EMPPS_REP_2023(1.0),"Public employment and representation - Government at a glance indicators, 2023 edition",I,A,Annual,LUX,Luxembourg,EMPW_SMP,Gender equality in senior management positions in national administrations,PT_W,Percentage of women,S1311,Central government,2023,2023,EMPPS_REP,Public employment and representation,2022,,23.3,,A,Normal value,0,Units,_Z,Not applicable,,
DATAFLOW,OECD.GOV.GIP:DSD_GOV@DF_GOV_EMPPS_REP_2023(1.0),"Public employment and representation - Government at a glance indicators, 2023 edition",I,A,Annual,LUX,Luxembourg,EMPWPS,Gender equality in public sector employment,PT_W,Percentage of women,S1ZS,Public sector,2023,2023,EMPPS_REP,Public employment and representation,2020,,39.56,,A,Normal value,0,Units,_Z,Not applicable,,
DATAFLOW,OECD.GOV.GIP:DSD_GOV@DF_GOV_EMPPS_REP_2023(1.0),"Public employment and representation - Government at a glance indicators, 2023 edition",I,A,Annual,LUX,Luxembourg,EMPW_PJ,Gender equality in professional judges,PT_W,Percentage of women,_Z,Not applicable,2023,2023,EMPPS_REP,Public employment and representation,2014,,65,,A,Normal value,0,Units,_Z,Not applicable,,
DATAFLOW,OECD.GOV.GIP:DSD_GOV@DF_GOV_EMPPS_REP_2023(1.0),"Public employment and representation - Government at a glance indicators, 2023 edition",I,A,Annual,LUX,Luxembourg,EMPW_PJ,Gender equality in professional judges,PT_W,Percentage of women,_Z,Not applicable,2023,2023,EMPPS_REP,Public employment and representation,2020,,69,,A,Normal value,0,Units,_Z,Not applicable,,
DATAFLOW,OECD.GOV.GIP:DSD_GOV@DF_GOV_EMPPS_REP_2023(1.0),"Public employment and representation - Government at a glance indicators, 2023 edition",I,A,Annual,LUX,Luxembourg,EMPW_PARL,Gender equality in parliament,PT_W,Percentage of women,_Z,Not applicable,2023,2023,EMPPS_REP,Public employment and representation,2002,,16.7,,A,Normal value,0,Units,_Z,Not applicable,,
DATAFLOW,OECD.GOV.GIP:DSD_GOV@DF_GOV_EMPPS_REP_2023(1.0),"Public employment and representation - Government at a glance indicators, 2023 edition",I,A,Annual,LUX,Luxembourg,EMPW_PARL,Gender equality in parliament,PT_W,Percentage of women,_Z,Not applicable,2023,2023,EMPPS_REP,Public employment and representation,2012,,25,,A,Normal value,0,Units,_Z,Not applicable,,
DATAFLOW,OECD.GOV.GIP:DSD_GOV@DF_GOV_EMPPS_REP_2023(1.0),"Public employment and representation - Government at a glance indicators, 2023 edition",I,A,Annual,LUX,Luxembourg,EMPW_PARL,Gender equality in parliament,PT_W,Percentage of women,_Z,Not applicable,2023,2023,EMPPS_REP,Public employment and representation,2015,,28.3,,A,Normal value,0,Units,_Z,Not applicable,,
DATAFLOW,OECD.GOV.GIP:DSD_GOV@DF_GOV_EMPPS_REP_2023(1.0),"Public employment and representation - Government at a glance indicators, 2023 edition",I,A,Annual,LUX,Luxembourg,EMPW_PARL,Gender equality in parliament,PT_W,Percentage of women,_Z,Not applicable,2023,2023,EMPPS_REP,Public employment and representation,2017,,28.3,,A,Normal value,0,Units,_Z,Not applicable,,
DATAFLOW,OECD.GOV.GIP:DSD_GOV@DF_GOV_EMPPS_REP_2023(1.0),"Public employment and representation - Government at a glance indicators, 2023 edition",I,A,Annual,LUX,Luxembourg,EMPW_PARL,Gender equality in parliament,PT_W,Percentage of women,_Z,Not applicable,2023,2023,EMPPS_REP,Public employment and representation,2019,,25,,A,Normal value,0,Units,_Z,Not applicable,,
DATAFLOW,OECD.GOV.GIP:DSD_GOV@DF_GOV_EMPPS_REP_2023(1.0),"Public employment and representation - Government at a glance indicators, 2023 edition",I,A,Annual,LUX,Luxembourg,EMPW_PARL,Gender equality in parliament,PT_W,Percentage of women,_Z,Not applicable,2023,2023,EMPPS_REP,Public employment and representation,2021,,31.7,,A,Normal value,0,Units,_Z,Not applicable,,
DATAFLOW,OECD.GOV.GIP:DSD_GOV@DF_GOV_EMPPS_REP_2023(1.0),"Public employment and representation - Government at a glance indicators, 2023 edition",I,A,Annual,LUX,Luxembourg,EMPW_PARL,Gender equality in parliament,PT_W,Percentage of women,_Z,Not applicable,2023,2023,EMPPS_REP,Public employment and representation,2023,,35,,A,Normal value,0,Units,_Z,Not applicable,,
DATAFLOW,OECD.GOV.GIP:DSD_GOV@DF_GOV_EMPPS_REP_2023(1.0),"Public employment and representation - Government at a glance indicators, 2023 edition",I,A,Annual,CHE,Switzerland,EMPW_PARL,Gender equality in parliament,PT_W,Percentage of women,_Z,Not applicable,2023,2023,EMPPS_REP,Public employment and representation,2023,,41.7,,A,Normal value,0,Units,_Z,Not applicable,,
DATAFLOW,OECD.GOV.GIP:DSD_GOV@DF_GOV_EMPPS_REP_2023(1.0),"Public employment and representation - Government at a glance indicators, 2023 edition",I,A,Annual,CHE,Switzerland,EMPWPS,Gender equality in public sector employment,PT_W,Percentage of women,S1ZS,Public sector,2023,2023,EMPPS_REP,Public employment and representation,2020,,56.32,,A,Normal value,0,Units,_Z,Not applicable,,
DATAFLOW,OECD.GOV.GIP:DSD_GOV@DF_GOV_EMPPS_REP_2023(1.0),"Public employment and representation - Government at a glance indicators, 2023 edition",I,A,Annual,CHE,Switzerland,EMPWPS,Gender equality in public sector employment,PT_W,Percentage of women,S1ZS,Public sector,2023,2023,EMPPS_REP,Public employment and representation,2011,,56.62,,A,Normal value,0,Units,_Z,Not applicable,,
DATAFLOW,OECD.GOV.GIP:DSD_GOV@DF_GOV_EMPPS_REP_2023(1.0),"Public employment and representation - Government at a glance indicators, 2023 edition",I,A,Annual,CHE,Switzerland,EMPW_PJ,Gender equality in professional judges,PT_W,Percentage of women,_Z,Not applicable,2023,2023,EMPPS_REP,Public employment and representation,2014,,40,,A,Normal value,0,Units,_Z,Not applicable,,
DATAFLOW,OECD.GOV.GIP:DSD_GOV@DF_GOV_EMPPS_REP_2023(1.0),"Public employment and representation - Government at a glance indicators, 2023 edition",I,A,Annual,CHE,Switzerland,EMPW_PJ,Gender equality in professional judges,PT_W,Percentage of women,_Z,Not applicable,2023,2023,EMPPS_REP,Public employment and representation,2020,,44,,A,Normal value,0,Units,_Z,Not applicable,,
DATAFLOW,OECD.GOV.GIP:DSD_GOV@DF_GOV_EMPPS_REP_2023(1.0),"Public employment and representation - Government at a glance indicators, 2023 edition",I,A,Annual,CHE,Switzerland,EMPW_PARL,Gender equality in parliament,PT_W,Percentage of women,_Z,Not applicable,2023,2023,EMPPS_REP,Public employment and representation,2002,,23,,A,Normal value,0,Units,_Z,Not applicable,,
DATAFLOW,OECD.GOV.GIP:DSD_GOV@DF_GOV_EMPPS_REP_2023(1.0),"Public employment and representation - Government at a glance indicators, 2023 edition",I,A,Annual,CHE,Switzerland,EMPW_PARL,Gender equality in parliament,PT_W,Percentage of women,_Z,Not applicable,2023,2023,EMPPS_REP,Public employment and representation,2012,,28.5,,A,Normal value,0,Units,_Z,Not applicable,,
DATAFLOW,OECD.GOV.GIP:DSD_GOV@DF_GOV_EMPPS_REP_2023(1.0),"Public employment and representation - Government at a glance indicators, 2023 edition",I,A,Annual,CHE,Switzerland,EMPW_PARL,Gender equality in parliament,PT_W,Percentage of women,_Z,Not applicable,2023,2023,EMPPS_REP,Public employment and representation,2015,,32,,A,Normal value,0,Units,_Z,Not applicable,,
DATAFLOW,OECD.GOV.GIP:DSD_GOV@DF_GOV_EMPPS_REP_2023(1.0),"Public employment and representation - Government at a glance indicators, 2023 edition",I,A,Annual,CHE,Switzerland,EMPW_PARL,Gender equality in parliament,PT_W,Percentage of women,_Z,Not applicable,2023,2023,EMPPS_REP,Public employment and representation,2017,,32.5,,A,Normal value,0,Units,_Z,Not applicable,,
DATAFLOW,OECD.GOV.GIP:DSD_GOV@DF_GOV_EMPPS_REP_2023(1.0),"Public employment and representation - Government at a glance indicators, 2023 edition",I,A,Annual,CHE,Switzerland,EMPW_PARL,Gender equality in parliament,PT_W,Percentage of women,_Z,Not applicable,2023,2023,EMPPS_REP,Public employment and representation,2019,,32.5,,A,Normal value,0,Units,_Z,Not applicable,,
DATAFLOW,OECD.GOV.GIP:DSD_GOV@DF_GOV_EMPPS_REP_2023(1.0),"Public employment and representation - Government at a glance indicators, 2023 edition",I,A,Annual,CHE,Switzerland,EMPW_PARL,Gender equality in parliament,PT_W,Percentage of women,_Z,Not applicable,2023,2023,EMPPS_REP,Public employment and representation,2021,,42,,A,Normal value,0,Units,_Z,Not applicable,,
DATAFLOW,OECD.GOV.GIP:DSD_GOV@DF_GOV_EMPPS_REP_2023(1.0),"Public employment and representation - Government at a glance indicators, 2023 edition",I,A,Annual,GBR,United Kingdom,EMPW_PARL,Gender equality in parliament,PT_W,Percentage of women,_Z,Not applicable,2023,2023,EMPPS_REP,Public employment and representation,2023,,34.5,,A,Normal value,0,Units,_Z,Not applicable,,
DATAFLOW,OECD.GOV.GIP:DSD_GOV@DF_GOV_EMPPS_REP_2023(1.0),"Public employment and representation - Government at a glance indicators, 2023 edition",I,A,Annual,GBR,United Kingdom,EMPW_SMP,Gender equality in senior management positions in national administrations,PT_W,Percentage of women,S1311,Central government,2023,2023,EMPPS_REP,Public employment and representation,2007,,22.2,,A,Normal value,0,Units,_Z,Not applicable,,
DATAFLOW,OECD.GOV.GIP:DSD_GOV@DF_GOV_EMPPS_REP_2023(1.0),"Public employment and representation - Government at a glance indicators, 2023 edition",I,A,Annual,GBR,United Kingdom,EMPW_SMP,Gender equality in senior management positions in national administrations,PT_W,Percentage of women,S1311,Central government,2023,2023,EMPPS_REP,Public employment and representation,2008,,20.6,,A,Normal value,0,Units,_Z,Not applicable,,
DATAFLOW,OECD.GOV.GIP:DSD_GOV@DF_GOV_EMPPS_REP_2023(1.0),"Public employment and representation - Government at a glance indicators, 2023 edition",I,A,Annual,GBR,United Kingdom,EMPW_SMP,Gender equality in senior management positions in national administrations,PT_W,Percentage of women,S1311,Central government,2023,2023,EMPPS_REP,Public employment and representation,2009,,25.2,,A,Normal value,0,Units,_Z,Not applicable,,
DATAFLOW,OECD.GOV.GIP:DSD_GOV@DF_GOV_EMPPS_REP_2023(1.0),"Public employment and representation - Government at a glance indicators, 2023 edition",I,A,Annual,GBR,United Kingdom,EMPW_SMP,Gender equality in senior management positions in national administrations,PT_W,Percentage of women,S1311,Central government,2023,2023,EMPPS_REP,Public employment and representation,2010,,25,,A,Normal value,0,Units,_Z,Not applicable,,
DATAFLOW,OECD.GOV.GIP:DSD_GOV@DF_GOV_EMPPS_REP_2023(1.0),"Public employment and representation - Government at a glance indicators, 2023 edition",I,A,Annual,GBR,United Kingdom,EMPW_SMP,Gender equality in senior management positions in national administrations,PT_W,Percentage of women,S1311,Central government,2023,2023,EMPPS_REP,Public employment and representation,2011,,27.8,,A,Normal value,0,Units,_Z,Not applicable,,
DATAFLOW,OECD.GOV.GIP:DSD_GOV@DF_GOV_EMPPS_REP_2023(1.0),"Public employment and representation - Government at a glance indicators, 2023 edition",I,A,Annual,GBR,United Kingdom,EMPW_SMP,Gender equality in senior management positions in national administrations,PT_W,Percentage of women,S1311,Central government,2023,2023,EMPPS_REP,Public employment and representation,2012,,29.1,,A,Normal value,0,Units,_Z,Not applicable,,
DATAFLOW,OECD.GOV.GIP:DSD_GOV@DF_GOV_EMPPS_REP_2023(1.0),"Public employment and representation - Government at a glance indicators, 2023 edition",I,A,Annual,GBR,United Kingdom,EMPW_SMP,Gender equality in senior management positions in national administrations,PT_W,Percentage of women,S1311,Central government,2023,2023,EMPPS_REP,Public employment and representation,2013,,27.9,,A,Normal value,0,Units,_Z,Not applicable,,
DATAFLOW,OECD.GOV.GIP:DSD_GOV@DF_GOV_EMPPS_REP_2023(1.0),"Public employment and representation - Government at a glance indicators, 2023 edition",I,A,Annual,GBR,United Kingdom,EMPW_SMP,Gender equality in senior management positions in national administrations,PT_W,Percentage of women,S1311,Central government,2023,2023,EMPPS_REP,Public employment and representation,2014,,29.4,,A,Normal value,0,Units,_Z,Not applicable,,
DATAFLOW,OECD.GOV.GIP:DSD_GOV@DF_GOV_EMPPS_REP_2023(1.0),"Public employment and representation - Government at a glance indicators, 2023 edition",I,A,Annual,GBR,United Kingdom,EMPW_SMP,Gender equality in senior management positions in national administrations,PT_W,Percentage of women,S1311,Central government,2023,2023,EMPPS_REP,Public employment and representation,2015,,33.1,,A,Normal value,0,Units,_Z,Not applicable,,
DATAFLOW,OECD.GOV.GIP:DSD_GOV@DF_GOV_EMPPS_REP_2023(1.0),"Public employment and representation - Government at a glance indicators, 2023 edition",I,A,Annual,GBR,United Kingdom,EMPW_SMP,Gender equality in senior management positions in national administrations,PT_W,Percentage of women,S1311,Central government,2023,2023,EMPPS_REP,Public employment and representation,2016,,35.1,,A,Normal value,0,Units,_Z,Not applicable,,
DATAFLOW,OECD.GOV.GIP:DSD_GOV@DF_GOV_EMPPS_REP_2023(1.0),"Public employment and representation - Government at a glance indicators, 2023 edition",I,A,Annual,GBR,United Kingdom,EMPW_SMP,Gender equality in senior management positions in national administrations,PT_W,Percentage of women,S1311,Central government,2023,2023,EMPPS_REP,Public employment and representation,2017,,36.4,,A,Normal value,0,Units,_Z,Not applicable,,
DATAFLOW,OECD.GOV.GIP:DSD_GOV@DF_GOV_EMPPS_REP_2023(1.0),"Public employment and representation - Government at a glance indicators, 2023 edition",I,A,Annual,GBR,United Kingdom,EMPW_SMP,Gender equality in senior management positions in national administrations,PT_W,Percentage of women,S1311,Central government,2023,2023,EMPPS_REP,Public employment and representation,2018,,36.9,,A,Normal value,0,Units,_Z,Not applicable,,
DATAFLOW,OECD.GOV.GIP:DSD_GOV@DF_GOV_EMPPS_REP_2023(1.0),"Public employment and representation - Government at a glance indicators, 2023 edition",I,A,Annual,GBR,United Kingdom,EMPW_SMP,Gender equality in senior management positions in national administrations,PT_W,Percentage of women,S1311,Central government,2023,2023,EMPPS_REP,Public employment and representation,2019,,36.4,,A,Normal value,0,Units,_Z,Not applicable,,
DATAFLOW,OECD.GOV.GIP:DSD_GOV@DF_GOV_EMPPS_REP_2023(1.0),"Public employment and representation - Government at a glance indicators, 2023 edition",I,A,Annual,GBR,United Kingdom,EMPW_SMP,Gender equality in senior management positions in national administrations,PT_W,Percentage of women,S1311,Central government,2023,2023,EMPPS_REP,Public employment and representation,2020,,34.8,,A,Normal value,0,Units,_Z,Not applicable,,
DATAFLOW,OECD.GOV.GIP:DSD_GOV@DF_GOV_EMPPS_REP_2023(1.0),"Public employment and representation - Government at a glance indicators, 2023 edition",I,A,Annual,GBR,United Kingdom,EMPW_SMP,Gender equality in senior management positions in national administrations,PT_W,Percentage of women,S1311,Central government,2023,2023,EMPPS_REP,Public employment and representation,2021,,34.8,,A,Normal value,0,Units,_Z,Not applicable,,
DATAFLOW,OECD.GOV.GIP:DSD_GOV@DF_GOV_EMPPS_REP_2023(1.0),"Public employment and representation - Government at a glance indicators, 2023 edition",I,A,Annual,GBR,United Kingdom,EMPW_SMP,Gender equality in senior management positions in national administrations,PT_W,Percentage of women,S1311,Central government,2023,2023,EMPPS_REP,Public employment and representation,2022,,34.8,,A,Normal value,0,Units,_Z,Not applicable,,
DATAFLOW,OECD.GOV.GIP:DSD_GOV@DF_GOV_EMPPS_REP_2023(1.0),"Public employment and representation - Government at a glance indicators, 2023 edition",I,A,Annual,GBR,United Kingdom,EMPWPS,Gender equality in public sector employment,PT_W,Percentage of women,S1ZS,Public sector,2023,2023,EMPPS_REP,Public employment and representation,2020,,65.64,,A,Normal value,0,Units,_Z,Not applicable,,
DATAFLOW,OECD.GOV.GIP:DSD_GOV@DF_GOV_EMPPS_REP_2023(1.0),"Public employment and representation - Government at a glance indicators, 2023 edition",I,A,Annual,GBR,United Kingdom,EMPWPS,Gender equality in public sector employment,PT_W,Percentage of women,S1ZS,Public sector,2023,2023,EMPPS_REP,Public employment and representation,2011,,64.39,,A,Normal value,0,Units,_Z,Not applicable,,
DATAFLOW,OECD.GOV.GIP:DSD_GOV@DF_GOV_EMPPS_REP_2023(1.0),"Public employment and representation - Government at a glance indicators, 2023 edition",I,A,Annual,GBR,United Kingdom,EMPW_PJ,Gender equality in professional judges,PT_W,Percentage of women,_Z,Not applicable,2023,2023,EMPPS_REP,Public employment and representation,2014,,23,,A,Normal value,0,Units,_Z,Not applicable,,
DATAFLOW,OECD.GOV.GIP:DSD_GOV@DF_GOV_EMPPS_REP_2023(1.0),"Public employment and representation - Government at a glance indicators, 2023 edition",I,A,Annual,GBR,United Kingdom,EMPW_PJ,Gender equality in professional judges,PT_W,Percentage of women,_Z,Not applicable,2023,2023,EMPPS_REP,Public employment and representation,2020,,30.5,,A,Normal value,0,Units,_Z,Not applicable,,
DATAFLOW,OECD.GOV.GIP:DSD_GOV@DF_GOV_EMPPS_REP_2023(1.0),"Public employment and representation - Government at a glance indicators, 2023 edition",I,A,Annual,GBR,United Kingdom,EMPW_PARL,Gender equality in parliament,PT_W,Percentage of women,_Z,Not applicable,2023,2023,EMPPS_REP,Public employment and representation,2002,,17.9,,A,Normal value,0,Units,_Z,Not applicable,,
DATAFLOW,OECD.GOV.GIP:DSD_GOV@DF_GOV_EMPPS_REP_2023(1.0),"Public employment and representation - Government at a glance indicators, 2023 edition",I,A,Annual,GBR,United Kingdom,EMPW_PARL,Gender equality in parliament,PT_W,Percentage of women,_Z,Not applicable,2023,2023,EMPPS_REP,Public employment and representation,2012,,22.3,,A,Normal value,0,Units,_Z,Not applicable,,
DATAFLOW,OECD.GOV.GIP:DSD_GOV@DF_GOV_EMPPS_REP_2023(1.0),"Public employment and representation - Government at a glance indicators, 2023 edition",I,A,Annual,GBR,United Kingdom,EMPW_PARL,Gender equality in parliament,PT_W,Percentage of women,_Z,Not applicable,2023,2023,EMPPS_REP,Public employment and representation,2015,,29.4,,A,Normal value,0,Units,_Z,Not applicable,,
DATAFLOW,OECD.GOV.GIP:DSD_GOV@DF_GOV_EMPPS_REP_2023(1.0),"Public employment and representation - Government at a glance indicators, 2023 edition",I,A,Annual,GBR,United Kingdom,EMPW_PARL,Gender equality in parliament,PT_W,Percentage of women,_Z,Not applicable,2023,2023,EMPPS_REP,Public employment and representation,2017,,30,,A,Normal value,0,Units,_Z,Not applicable,,
DATAFLOW,OECD.GOV.GIP:DSD_GOV@DF_GOV_EMPPS_REP_2023(1.0),"Public employment and representation - Government at a glance indicators, 2023 edition",I,A,Annual,GBR,United Kingdom,EMPW_PARL,Gender equality in parliament,PT_W,Percentage of women,_Z,Not applicable,2023,2023,EMPPS_REP,Public employment and representation,2019,,32,,A,Normal value,0,Units,_Z,Not applicable,,
DATAFLOW,OECD.GOV.GIP:DSD_GOV@DF_GOV_EMPPS_REP_2023(1.0),"Public employment and representation - Government at a glance indicators, 2023 edition",I,A,Annual,GBR,United Kingdom,EMPW_PARL,Gender equality in parliament,PT_W,Percentage of women,_Z,Not applicable,2023,2023,EMPPS_REP,Public employment and representation,2021,,33.9,,A,Normal value,0,Units,_Z,Not applicable,,
DATAFLOW,OECD.GOV.GIP:DSD_GOV@DF_GOV_EMPPS_REP_2023(1.0),"Public employment and representation - Government at a glance indicators, 2023 edition",I,A,Annual,NLD,Netherlands,EMPW_SMP,Gender equality in senior management positions in national administrations,PT_W,Percentage of women,S1311,Central government,2023,2023,EMPPS_REP,Public employment and representation,2007,,17.6,,A,Normal value,0,Units,_Z,Not applicable,,
DATAFLOW,OECD.GOV.GIP:DSD_GOV@DF_GOV_EMPPS_REP_2023(1.0),"Public employment and representation - Government at a glance indicators, 2023 edition",I,A,Annual,NLD,Netherlands,EMPW_SMP,Gender equality in senior management positions in national administrations,PT_W,Percentage of women,S1311,Central government,2023,2023,EMPPS_REP,Public employment and representation,2008,,25.5,,A,Normal value,0,Units,_Z,Not applicable,,
DATAFLOW,OECD.GOV.GIP:DSD_GOV@DF_GOV_EMPPS_REP_2023(1.0),"Public employment and representation - Government at a glance indicators, 2023 edition",I,A,Annual,NLD,Netherlands,EMPW_SMP,Gender equality in senior management positions in national administrations,PT_W,Percentage of women,S1311,Central government,2023,2023,EMPPS_REP,Public employment and representation,2009,,22,,A,Normal value,0,Units,_Z,Not applicable,,
DATAFLOW,OECD.GOV.GIP:DSD_GOV@DF_GOV_EMPPS_REP_2023(1.0),"Public employment and representation - Government at a glance indicators, 2023 edition",I,A,Annual,NLD,Netherlands,EMPW_SMP,Gender equality in senior management positions in national administrations,PT_W,Percentage of women,S1311,Central government,2023,2023,EMPPS_REP,Public employment and representation,2010,,25.7,,A,Normal value,0,Units,_Z,Not applicable,,
DATAFLOW,OECD.GOV.GIP:DSD_GOV@DF_GOV_EMPPS_REP_2023(1.0),"Public employment and representation - Government at a glance indicators, 2023 edition",I,A,Annual,NLD,Netherlands,EMPW_SMP,Gender equality in senior management positions in national administrations,PT_W,Percentage of women,S1311,Central government,2023,2023,EMPPS_REP,Public employment and representation,2011,,26.1,,A,Normal value,0,Units,_Z,Not applicable,,
DATAFLOW,OECD.GOV.GIP:DSD_GOV@DF_GOV_EMPPS_REP_2023(1.0),"Public employment and representation - Government at a glance indicators, 2023 edition",I,A,Annual,NLD,Netherlands,EMPW_SMP,Gender equality in senior management positions in national administrations,PT_W,Percentage of women,S1311,Central government,2023,2023,EMPPS_REP,Public employment and representation,2012,,26.3,,A,Normal value,0,Units,_Z,Not applicable,,
DATAFLOW,OECD.GOV.GIP:DSD_GOV@DF_GOV_EMPPS_REP_2023(1.0),"Public employment and representation - Government at a glance indicators, 2023 edition",I,A,Annual,NLD,Netherlands,EMPW_SMP,Gender equality in senior management positions in national administrations,PT_W,Percentage of women,S1311,Central government,2023,2023,EMPPS_REP,Public employment and representation,2013,,27.4,,A,Normal value,0,Units,_Z,Not applicable,,
DATAFLOW,OECD.GOV.GIP:DSD_GOV@DF_GOV_EMPPS_REP_2023(1.0),"Public employment and representation - Government at a glance indicators, 2023 edition",I,A,Annual,NLD,Netherlands,EMPW_SMP,Gender equality in senior management positions in national administrations,PT_W,Percentage of women,S1311,Central government,2023,2023,EMPPS_REP,Public employment and representation,2014,,29.7,,A,Normal value,0,Units,_Z,Not applicable,,
DATAFLOW,OECD.GOV.GIP:DSD_GOV@DF_GOV_EMPPS_REP_2023(1.0),"Public employment and representation - Government at a glance indicators, 2023 edition",I,A,Annual,NLD,Netherlands,EMPW_SMP,Gender equality in senior management positions in national administrations,PT_W,Percentage of women,S1311,Central government,2023,2023,EMPPS_REP,Public employment and representation,2015,,30.8,,A,Normal value,0,Units,_Z,Not applicable,,
DATAFLOW,OECD.GOV.GIP:DSD_GOV@DF_GOV_EMPPS_REP_2023(1.0),"Public employment and representation - Government at a glance indicators, 2023 edition",I,A,Annual,NLD,Netherlands,EMPW_SMP,Gender equality in senior management positions in national administrations,PT_W,Percentage of women,S1311,Central government,2023,2023,EMPPS_REP,Public employment and representation,2016,,31.7,,A,Normal value,0,Units,_Z,Not applicable,,
DATAFLOW,OECD.GOV.GIP:DSD_GOV@DF_GOV_EMPPS_REP_2023(1.0),"Public employment and representation - Government at a glance indicators, 2023 edition",I,A,Annual,NLD,Netherlands,EMPW_SMP,Gender equality in senior management positions in national administrations,PT_W,Percentage of women,S1311,Central government,2023,2023,EMPPS_REP,Public employment and representation,2017,,33.6,,A,Normal value,0,Units,_Z,Not applicable,,
DATAFLOW,OECD.GOV.GIP:DSD_GOV@DF_GOV_EMPPS_REP_2023(1.0),"Public employment and representation - Government at a glance indicators, 2023 edition",I,A,Annual,NLD,Netherlands,EMPW_SMP,Gender equality in senior management positions in national administrations,PT_W,Percentage of women,S1311,Central government,2023,2023,EMPPS_REP,Public employment and representation,2018,,34.4,,A,Normal value,0,Units,_Z,Not applicable,,
DATAFLOW,OECD.GOV.GIP:DSD_GOV@DF_GOV_EMPPS_REP_2023(1.0),"Public employment and representation - Government at a glance indicators, 2023 edition",I,A,Annual,NLD,Netherlands,EMPW_SMP,Gender equality in senior management positions in national administrations,PT_W,Percentage of women,S1311,Central government,2023,2023,EMPPS_REP,Public employment and representation,2019,,37.3,,A,Normal value,0,Units,_Z,Not applicable,,
DATAFLOW,OECD.GOV.GIP:DSD_GOV@DF_GOV_EMPPS_REP_2023(1.0),"Public employment and representation - Government at a glance indicators, 2023 edition",I,A,Annual,NLD,Netherlands,EMPW_SMP,Gender equality in senior management positions in national administrations,PT_W,Percentage of women,S1311,Central government,2023,2023,EMPPS_REP,Public employment and representation,2020,,38.3,,A,Normal value,0,Units,_Z,Not applicable,,
DATAFLOW,OECD.GOV.GIP:DSD_GOV@DF_GOV_EMPPS_REP_2023(1.0),"Public employment and representation - Government at a glance indicators, 2023 edition",I,A,Annual,NLD,Netherlands,EMPW_SMP,Gender equality in senior management positions in national administrations,PT_W,Percentage of women,S1311,Central government,2023,2023,EMPPS_REP,Public employment and representation,2021,,39.9,,A,Normal value,0,Units,_Z,Not applicable,,
DATAFLOW,OECD.GOV.GIP:DSD_GOV@DF_GOV_EMPPS_REP_2023(1.0),"Public employment and representation - Government at a glance indicators, 2023 edition",I,A,Annual,NLD,Netherlands,EMPW_SMP,Gender equality in senior management positions in national administrations,PT_W,Percentage of women,S1311,Central government,2023,2023,EMPPS_REP,Public employment and representation,2022,,41.4,,A,Normal value,0,Units,_Z,Not applicable,,
DATAFLOW,OECD.GOV.GIP:DSD_GOV@DF_GOV_EMPPS_REP_2023(1.0),"Public employment and representation - Government at a glance indicators, 2023 edition",I,A,Annual,NLD,Netherlands,EMPWPS,Gender equality in public sector employment,PT_W,Percentage of women,S1ZS,Public sector,2023,2023,EMPPS_REP,Public employment and representation,2020,,50.88,,A,Normal value,0,Units,_Z,Not applicable,,
DATAFLOW,OECD.GOV.GIP:DSD_GOV@DF_GOV_EMPPS_REP_2023(1.0),"Public employment and representation - Government at a glance indicators, 2023 edition",I,A,Annual,NLD,Netherlands,EMPW_PJ,Gender equality in professional judges,PT_W,Percentage of women,_Z,Not applicable,2023,2023,EMPPS_REP,Public employment and representation,2014,,56,,A,Normal value,0,Units,_Z,Not applicable,,
DATAFLOW,OECD.GOV.GIP:DSD_GOV@DF_GOV_EMPPS_REP_2023(1.0),"Public employment and representation - Government at a glance indicators, 2023 edition",I,A,Annual,NLD,Netherlands,EMPW_PJ,Gender equality in professional judges,PT_W,Percentage of women,_Z,Not applicable,2023,2023,EMPPS_REP,Public employment and representation,2020,,60,,A,Normal value,0,Units,_Z,Not applicable,,
DATAFLOW,OECD.GOV.GIP:DSD_GOV@DF_GOV_EMPPS_REP_2023(1.0),"Public employment and representation - Government at a glance indicators, 2023 edition",I,A,Annual,NLD,Netherlands,EMPW_PARL,Gender equality in parliament,PT_W,Percentage of women,_Z,Not applicable,2023,2023,EMPPS_REP,Public employment and representation,2002,,34,,A,Normal value,0,Units,_Z,Not applicable,,
DATAFLOW,OECD.GOV.GIP:DSD_GOV@DF_GOV_EMPPS_REP_2023(1.0),"Public employment and representation - Government at a glance indicators, 2023 edition",I,A,Annual,NLD,Netherlands,EMPW_PARL,Gender equality in parliament,PT_W,Percentage of women,_Z,Not applicable,2023,2023,EMPPS_REP,Public employment and representation,2012,,38.7,,A,Normal value,0,Units,_Z,Not applicable,,
DATAFLOW,OECD.GOV.GIP:DSD_GOV@DF_GOV_EMPPS_REP_2023(1.0),"Public employment and representation - Government at a glance indicators, 2023 edition",I,A,Annual,NLD,Netherlands,EMPW_PARL,Gender equality in parliament,PT_W,Percentage of women,_Z,Not applicable,2023,2023,EMPPS_REP,Public employment and representation,2015,,37.3,,A,Normal value,0,Units,_Z,Not applicable,,
DATAFLOW,OECD.GOV.GIP:DSD_GOV@DF_GOV_EMPPS_REP_2023(1.0),"Public employment and representation - Government at a glance indicators, 2023 edition",I,A,Annual,NLD,Netherlands,EMPW_PARL,Gender equality in parliament,PT_W,Percentage of women,_Z,Not applicable,2023,2023,EMPPS_REP,Public employment and representation,2017,,38,,A,Normal value,0,Units,_Z,Not applicable,,
DATAFLOW,OECD.GOV.GIP:DSD_GOV@DF_GOV_EMPPS_REP_2023(1.0),"Public employment and representation - Government at a glance indicators, 2023 edition",I,A,Annual,NLD,Netherlands,EMPW_PARL,Gender equality in parliament,PT_W,Percentage of women,_Z,Not applicable,2023,2023,EMPPS_REP,Public employment and representation,2019,,31.3,,A,Normal value,0,Units,_Z,Not applicable,,
DATAFLOW,OECD.GOV.GIP:DSD_GOV@DF_GOV_EMPPS_REP_2023(1.0),"Public employment and representation - Government at a glance indicators, 2023 edition",I,A,Annual,NLD,Netherlands,EMPW_PARL,Gender equality in parliament,PT_W,Percentage of women,_Z,Not applicable,2023,2023,EMPPS_REP,Public employment and representation,2021,,33.3,,A,Normal value,0,Units,_Z,Not applicable,,
DATAFLOW,OECD.GOV.GIP:DSD_GOV@DF_GOV_EMPPS_REP_2023(1.0),"Public employment and representation - Government at a glance indicators, 2023 edition",I,A,Annual,NLD,Netherlands,EMPW_PARL,Gender equality in parliament,PT_W,Percentage of women,_Z,Not applicable,2023,2023,EMPPS_REP,Public employment and representation,2023,,40.7,,A,Normal value,0,Units,_Z,Not applicable,,
DATAFLOW,OECD.GOV.GIP:DSD_GOV@DF_GOV_EMPPS_REP_2023(1.0),"Public employment and representation - Government at a glance indicators, 2023 edition",I,A,Annual,ISL,Iceland,EMPW_SMP,Gender equality in senior management positions in national administrations,PT_W,Percentage of women,S1311,Central government,2023,2023,EMPPS_REP,Public employment and representation,2007,,25.4,,A,Normal value,0,Units,_Z,Not applicable,,
DATAFLOW,OECD.GOV.GIP:DSD_GOV@DF_GOV_EMPPS_REP_2023(1.0),"Public employment and representation - Government at a glance indicators, 2023 edition",I,A,Annual,ISL,Iceland,EMPW_SMP,Gender equality in senior management positions in national administrations,PT_W,Percentage of women,S1311,Central government,2023,2023,EMPPS_REP,Public employment and representation,2008,,36.5,,A,Normal value,0,Units,_Z,Not applicable,,
DATAFLOW,OECD.GOV.GIP:DSD_GOV@DF_GOV_EMPPS_REP_2023(1.0),"Public employment and representation - Government at a glance indicators, 2023 edition",I,A,Annual,ISL,Iceland,EMPW_SMP,Gender equality in senior management positions in national administrations,PT_W,Percentage of women,S1311,Central government,2023,2023,EMPPS_REP,Public employment and representation,2009,,38,,A,Normal value,0,Units,_Z,Not applicable,,
DATAFLOW,OECD.GOV.GIP:DSD_GOV@DF_GOV_EMPPS_REP_2023(1.0),"Public employment and representation - Government at a glance indicators, 2023 edition",I,A,Annual,ISL,Iceland,EMPW_SMP,Gender equality in senior management positions in national administrations,PT_W,Percentage of women,S1311,Central government,2023,2023,EMPPS_REP,Public employment and representation,2010,,39.1,,A,Normal value,0,Units,_Z,Not applicable,,
DATAFLOW,OECD.GOV.GIP:DSD_GOV@DF_GOV_EMPPS_REP_2023(1.0),"Public employment and representation - Government at a glance indicators, 2023 edition",I,A,Annual,ISL,Iceland,EMPW_SMP,Gender equality in senior management positions in national administrations,PT_W,Percentage of women,S1311,Central government,2023,2023,EMPPS_REP,Public employment and representation,2011,,39.5,,A,Normal value,0,Units,_Z,Not applicable,,
DATAFLOW,OECD.GOV.GIP:DSD_GOV@DF_GOV_EMPPS_REP_2023(1.0),"Public employment and representation - Government at a glance indicators, 2023 edition",I,A,Annual,ISL,Iceland,EMPW_SMP,Gender equality in senior management positions in national administrations,PT_W,Percentage of women,S1311,Central government,2023,2023,EMPPS_REP,Public employment and representation,2012,,42.1,,A,Normal value,0,Units,_Z,Not applicable,,
DATAFLOW,OECD.GOV.GIP:DSD_GOV@DF_GOV_EMPPS_REP_2023(1.0),"Public employment and representation - Government at a glance indicators, 2023 edition",I,A,Annual,ISL,Iceland,EMPW_SMP,Gender equality in senior management positions in national administrations,PT_W,Percentage of women,S1311,Central government,2023,2023,EMPPS_REP,Public employment and representation,2013,,50,,A,Normal value,0,Units,_Z,Not applicable,,
DATAFLOW,OECD.GOV.GIP:DSD_GOV@DF_GOV_EMPPS_REP_2023(1.0),"Public employment and representation - Government at a glance indicators, 2023 edition",I,A,Annual,ISL,Iceland,EMPW_SMP,Gender equality in senior management positions in national administrations,PT_W,Percentage of women,S1311,Central government,2023,2023,EMPPS_REP,Public employment and representation,2014,,42.9,,A,Normal value,0,Units,_Z,Not applicable,,
DATAFLOW,OECD.GOV.GIP:DSD_GOV@DF_GOV_EMPPS_REP_2023(1.0),"Public employment and representation - Government at a glance indicators, 2023 edition",I,A,Annual,ISL,Iceland,EMPW_SMP,Gender equality in senior management positions in national administrations,PT_W,Percentage of women,S1311,Central government,2023,2023,EMPPS_REP,Public employment and representation,2015,,41.2,,A,Normal value,0,Units,_Z,Not applicable,,
DATAFLOW,OECD.GOV.GIP:DSD_GOV@DF_GOV_EMPPS_REP_2023(1.0),"Public employment and representation - Government at a glance indicators, 2023 edition",I,A,Annual,ISL,Iceland,EMPW_SMP,Gender equality in senior management positions in national administrations,PT_W,Percentage of women,S1311,Central government,2023,2023,EMPPS_REP,Public employment and representation,2016,,40.9,,A,Normal value,0,Units,_Z,Not applicable,,
DATAFLOW,OECD.GOV.GIP:DSD_GOV@DF_GOV_EMPPS_REP_2023(1.0),"Public employment and representation - Government at a glance indicators, 2023 edition",I,A,Annual,ISL,Iceland,EMPW_SMP,Gender equality in senior management positions in national administrations,PT_W,Percentage of women,S1311,Central government,2023,2023,EMPPS_REP,Public employment and representation,2017,,38.9,,A,Normal value,0,Units,_Z,Not applicable,,
DATAFLOW,OECD.GOV.GIP:DSD_GOV@DF_GOV_EMPPS_REP_2023(1.0),"Public employment and representation - Government at a glance indicators, 2023 edition",I,A,Annual,ISL,Iceland,EMPW_SMP,Gender equality in senior management positions in national administrations,PT_W,Percentage of women,S1311,Central government,2023,2023,EMPPS_REP,Public employment and representation,2018,,44.4,,A,Normal value,0,Units,_Z,Not applicable,,
DATAFLOW,OECD.GOV.GIP:DSD_GOV@DF_GOV_EMPPS_REP_2023(1.0),"Public employment and representation - Government at a glance indicators, 2023 edition",I,A,Annual,ISL,Iceland,EMPW_SMP,Gender equality in senior management positions in national administrations,PT_W,Percentage of women,S1311,Central government,2023,2023,EMPPS_REP,Public employment and representation,2019,,42.1,,A,Normal value,0,Units,_Z,Not applicable,,
DATAFLOW,OECD.GOV.GIP:DSD_GOV@DF_GOV_EMPPS_REP_2023(1.0),"Public employment and representation - Government at a glance indicators, 2023 edition",I,A,Annual,ISL,Iceland,EMPW_SMP,Gender equality in senior management positions in national administrations,PT_W,Percentage of women,S1311,Central government,2023,2023,EMPPS_REP,Public employment and representation,2020,,42.1,,A,Normal value,0,Units,_Z,Not applicable,,
DATAFLOW,OECD.GOV.GIP:DSD_GOV@DF_GOV_EMPPS_REP_2023(1.0),"Public employment and representation - Government at a glance indicators, 2023 edition",I,A,Annual,ISL,Iceland,EMPW_SMP,Gender equality in senior management positions in national administrations,PT_W,Percentage of women,S1311,Central government,2023,2023,EMPPS_REP,Public employment and representation,2021,,50,,A,Normal value,0,Units,_Z,Not applicable,,
DATAFLOW,OECD.GOV.GIP:DSD_GOV@DF_GOV_EMPPS_REP_2023(1.0),"Public employment and representation - Government at a glance indicators, 2023 edition",I,A,Annual,ISL,Iceland,EMPW_SMP,Gender equality in senior management positions in national administrations,PT_W,Percentage of women,S1311,Central government,2023,2023,EMPPS_REP,Public employment and representation,2022,,47.6,,A,Normal value,0,Units,_Z,Not applicable,,
DATAFLOW,OECD.GOV.GIP:DSD_GOV@DF_GOV_EMPPS_REP_2023(1.0),"Public employment and representation - Government at a glance indicators, 2023 edition",I,A,Annual,ISL,Iceland,EMPWPS,Gender equality in public sector employment,PT_W,Percentage of women,S1ZS,Public sector,2023,2023,EMPPS_REP,Public employment and representation,2020,,64.2,,A,Normal value,0,Units,_Z,Not applicable,,
DATAFLOW,OECD.GOV.GIP:DSD_GOV@DF_GOV_EMPPS_REP_2023(1.0),"Public employment and representation - Government at a glance indicators, 2023 edition",I,A,Annual,ISL,Iceland,EMPW_PJ,Gender equality in professional judges,PT_W,Percentage of women,_Z,Not applicable,2023,2023,EMPPS_REP,Public employment and representation,2014,,37,,A,Normal value,0,Units,_Z,Not applicable,,
DATAFLOW,OECD.GOV.GIP:DSD_GOV@DF_GOV_EMPPS_REP_2023(1.0),"Public employment and representation - Government at a glance indicators, 2023 edition",I,A,Annual,ISL,Iceland,EMPW_PJ,Gender equality in professional judges,PT_W,Percentage of women,_Z,Not applicable,2023,2023,EMPPS_REP,Public employment and representation,2020,,41,,A,Normal value,0,Units,_Z,Not applicable,,
DATAFLOW,OECD.GOV.GIP:DSD_GOV@DF_GOV_EMPPS_REP_2023(1.0),"Public employment and representation - Government at a glance indicators, 2023 edition",I,A,Annual,ISL,Iceland,EMPW_PARL,Gender equality in parliament,PT_W,Percentage of women,_Z,Not applicable,2023,2023,EMPPS_REP,Public employment and representation,2002,,34.9,,A,Normal value,0,Units,_Z,Not applicable,,
DATAFLOW,OECD.GOV.GIP:DSD_GOV@DF_GOV_EMPPS_REP_2023(1.0),"Public employment and representation - Government at a glance indicators, 2023 edition",I,A,Annual,ISL,Iceland,EMPW_PARL,Gender equality in parliament,PT_W,Percentage of women,_Z,Not applicable,2023,2023,EMPPS_REP,Public employment and representation,2012,,39.7,,A,Normal value,0,Units,_Z,Not applicable,,
DATAFLOW,OECD.GOV.GIP:DSD_GOV@DF_GOV_EMPPS_REP_2023(1.0),"Public employment and representation - Government at a glance indicators, 2023 edition",I,A,Annual,ISL,Iceland,EMPW_PARL,Gender equality in parliament,PT_W,Percentage of women,_Z,Not applicable,2023,2023,EMPPS_REP,Public employment and representation,2015,,41.3,,A,Normal value,0,Units,_Z,Not applicable,,
DATAFLOW,OECD.GOV.GIP:DSD_GOV@DF_GOV_EMPPS_REP_2023(1.0),"Public employment and representation - Government at a glance indicators, 2023 edition",I,A,Annual,ISL,Iceland,EMPW_PARL,Gender equality in parliament,PT_W,Percentage of women,_Z,Not applicable,2023,2023,EMPPS_REP,Public employment and representation,2017,,47.6,,A,Normal value,0,Units,_Z,Not applicable,,
DATAFLOW,OECD.GOV.GIP:DSD_GOV@DF_GOV_EMPPS_REP_2023(1.0),"Public employment and representation - Government at a glance indicators, 2023 edition",I,A,Annual,ISL,Iceland,EMPW_PARL,Gender equality in parliament,PT_W,Percentage of women,_Z,Not applicable,2023,2023,EMPPS_REP,Public employment and representation,2019,,38.1,,A,Normal value,0,Units,_Z,Not applicable,,
DATAFLOW,OECD.GOV.GIP:DSD_GOV@DF_GOV_EMPPS_REP_2023(1.0),"Public employment and representation - Government at a glance indicators, 2023 edition",I,A,Annual,ISL,Iceland,EMPW_PARL,Gender equality in parliament,PT_W,Percentage of women,_Z,Not applicable,2023,2023,EMPPS_REP,Public employment and representation,2021,,39.7,,A,Normal value,0,Units,_Z,Not applicable,,
DATAFLOW,OECD.GOV.GIP:DSD_GOV@DF_GOV_EMPPS_REP_2023(1.0),"Public employment and representation - Government at a glance indicators, 2023 edition",I,A,Annual,ISL,Iceland,EMPW_PARL,Gender equality in parliament,PT_W,Percentage of women,_Z,Not applicable,2023,2023,EMPPS_REP,Public employment and representation,2023,,47.6,,A,Normal value,0,Units,_Z,Not applicable,,
DATAFLOW,OECD.GOV.GIP:DSD_GOV@DF_GOV_EMPPS_REP_2023(1.0),"Public employment and representation - Government at a glance indicators, 2023 edition",I,A,Annual,OECD_REP,OECD average country,EMPW_PARL,Gender equality in parliament,PT_W,Percentage of women,_Z,Not applicable,2023,2023,EMPPS_REP,Public employment and representation,2023,,33.83,,A,Normal value,0,Units,_Z,Not applicable,,
DATAFLOW,OECD.GOV.GIP:DSD_GOV@DF_GOV_EMPPS_REP_2023(1.0),"Public employment and representation - Government at a glance indicators, 2023 edition",I,A,Annual,OECD_REP,OECD average country,EMPWPS,Gender equality in public sector employment,PT_W,Percentage of women,S1ZS,Public sector,2023,2023,EMPPS_REP,Public employment and representation,2020,,58.91,,A,Normal value,0,Units,_Z,Not applicable,,
DATAFLOW,OECD.GOV.GIP:DSD_GOV@DF_GOV_EMPPS_REP_2023(1.0),"Public employment and representation - Government at a glance indicators, 2023 edition",I,A,Annual,OECD_REP,OECD average country,EMPWPS,Gender equality in public sector employment,PT_W,Percentage of women,S1ZS,Public sector,2023,2023,EMPPS_REP,Public employment and representation,2011,,57.13,,A,Normal value,0,Units,_Z,Not applicable,,
DATAFLOW,OECD.GOV.GIP:DSD_GOV@DF_GOV_EMPPS_REP_2023(1.0),"Public employment and representation - Government at a glance indicators, 2023 edition",I,A,Annual,OECD_REP,OECD average country,EMPW_PJ,Gender equality in professional judges,PT_W,Percentage of women,_Z,Not applicable,2023,2023,EMPPS_REP,Public employment and representation,2014,,53.25,,A,Normal value,0,Units,_Z,Not applicable,,
DATAFLOW,OECD.GOV.GIP:DSD_GOV@DF_GOV_EMPPS_REP_2023(1.0),"Public employment and representation - Government at a glance indicators, 2023 edition",I,A,Annual,OECD_REP,OECD average country,EMPW_PJ,Gender equality in professional judges,PT_W,Percentage of women,_Z,Not applicable,2023,2023,EMPPS_REP,Public employment and representation,2020,,57.19,,A,Normal value,0,Units,_Z,Not applicable,,
DATAFLOW,OECD.GOV.GIP:DSD_GOV@DF_GOV_EMPPS_REP_2023(1.0),"Public employment and representation - Government at a glance indicators, 2023 edition",I,A,Annual,OECD_REP,OECD average country,EMPW_PARL,Gender equality in parliament,PT_W,Percentage of women,_Z,Not applicable,2023,2023,EMPPS_REP,Public employment and representation,2002,,20.46,,A,Normal value,0,Units,_Z,Not applicable,,
DATAFLOW,OECD.GOV.GIP:DSD_GOV@DF_GOV_EMPPS_REP_2023(1.0),"Public employment and representation - Government at a glance indicators, 2023 edition",I,A,Annual,OECD_REP,OECD average country,EMPW_PARL,Gender equality in parliament,PT_W,Percentage of women,_Z,Not applicable,2023,2023,EMPPS_REP,Public employment and representation,2012,,26.32,,A,Normal value,0,Units,_Z,Not applicable,,
DATAFLOW,OECD.GOV.GIP:DSD_GOV@DF_GOV_EMPPS_REP_2023(1.0),"Public employment and representation - Government at a glance indicators, 2023 edition",I,A,Annual,OECD_REP,OECD average country,EMPW_PARL,Gender equality in parliament,PT_W,Percentage of women,_Z,Not applicable,2023,2023,EMPPS_REP,Public employment and representation,2015,,28.06,,A,Normal value,0,Units,_Z,Not applicable,,
DATAFLOW,OECD.GOV.GIP:DSD_GOV@DF_GOV_EMPPS_REP_2023(1.0),"Public employment and representation - Government at a glance indicators, 2023 edition",I,A,Annual,OECD_REP,OECD average country,EMPW_PARL,Gender equality in parliament,PT_W,Percentage of women,_Z,Not applicable,2023,2023,EMPPS_REP,Public employment and representation,2017,,28.52,,A,Normal value,0,Units,_Z,Not applicable,,
DATAFLOW,OECD.GOV.GIP:DSD_GOV@DF_GOV_EMPPS_REP_2023(1.0),"Public employment and representation - Government at a glance indicators, 2023 edition",I,A,Annual,OECD_REP,OECD average country,EMPW_PARL,Gender equality in parliament,PT_W,Percentage of women,_Z,Not applicable,2023,2023,EMPPS_REP,Public employment and representation,2019,,30.21,,A,Normal value,0,Units,_Z,Not applicable,,
DATAFLOW,OECD.GOV.GIP:DSD_GOV@DF_GOV_EMPPS_REP_2023(1.0),"Public employment and representation - Government at a glance indicators, 2023 edition",I,A,Annual,OECD_REP,OECD average country,EMPW_PARL,Gender equality in parliament,PT_W,Percentage of women,_Z,Not applicable,2023,2023,EMPPS_REP,Public employment and representation,2021,,32.02,,A,Normal value,0,Units,_Z,Not applicable,,
DATAFLOW,OECD.GOV.GIP:DSD_GOV@DF_GOV_EMPPS_REP_2023(1.0),"Public employment and representation - Government at a glance indicators, 2023 edition",I,A,Annual,CHL,Chile,EMPWPS,Gender equality in public sector employment,PT_W,Percentage of women,S1ZS,Public sector,2023,2023,EMPPS_REP,Public employment and representation,2020,,54.34,,A,Normal value,0,Units,_Z,Not applicable,,
DATAFLOW,OECD.GOV.GIP:DSD_GOV@DF_GOV_EMPPS_REP_2023(1.0),"Public employment and representation - Government at a glance indicators, 2023 edition",I,A,Annual,CHL,Chile,EMPWPS,Gender equality in public sector employment,PT_W,Percentage of women,S1ZS,Public sector,2023,2023,EMPPS_REP,Public employment and representation,2011,,53.47,,A,Normal value,0,Units,_Z,Not applicable,,
DATAFLOW,OECD.GOV.GIP:DSD_GOV@DF_GOV_EMPPS_REP_2023(1.0),"Public employment and representation - Government at a glance indicators, 2023 edition",I,A,Annual,CHL,Chile,EMPW_PARL,Gender equality in parliament,PT_W,Percentage of women,_Z,Not applicable,2023,2023,EMPPS_REP,Public employment and representation,2002,,12.5,,A,Normal value,0,Units,_Z,Not applicable,,
DATAFLOW,OECD.GOV.GIP:DSD_GOV@DF_GOV_EMPPS_REP_2023(1.0),"Public employment and representation - Government at a glance indicators, 2023 edition",I,A,Annual,CHL,Chile,EMPW_PARL,Gender equality in parliament,PT_W,Percentage of women,_Z,Not applicable,2023,2023,EMPPS_REP,Public employment and representation,2012,,14.2,,A,Normal value,0,Units,_Z,Not applicable,,
DATAFLOW,OECD.GOV.GIP:DSD_GOV@DF_GOV_EMPPS_REP_2023(1.0),"Public employment and representation - Government at a glance indicators, 2023 edition",I,A,Annual,CHL,Chile,EMPW_PARL,Gender equality in parliament,PT_W,Percentage of women,_Z,Not applicable,2023,2023,EMPPS_REP,Public employment and representation,2015,,15.8,,A,Normal value,0,Units,_Z,Not applicable,,
DATAFLOW,OECD.GOV.GIP:DSD_GOV@DF_GOV_EMPPS_REP_2023(1.0),"Public employment and representation - Government at a glance indicators, 2023 edition",I,A,Annual,CHL,Chile,EMPW_PARL,Gender equality in parliament,PT_W,Percentage of women,_Z,Not applicable,2023,2023,EMPPS_REP,Public employment and representation,2017,,15.8,,A,Normal value,0,Units,_Z,Not applicable,,
DATAFLOW,OECD.GOV.GIP:DSD_GOV@DF_GOV_EMPPS_REP_2023(1.0),"Public employment and representation - Government at a glance indicators, 2023 edition",I,A,Annual,CHL,Chile,EMPW_PARL,Gender equality in parliament,PT_W,Percentage of women,_Z,Not applicable,2023,2023,EMPPS_REP,Public employment and representation,2019,,22.6,,A,Normal value,0,Units,_Z,Not applicable,,
DATAFLOW,OECD.GOV.GIP:DSD_GOV@DF_GOV_EMPPS_REP_2023(1.0),"Public employment and representation - Government at a glance indicators, 2023 edition",I,A,Annual,CHL,Chile,EMPW_PARL,Gender equality in parliament,PT_W,Percentage of women,_Z,Not applicable,2023,2023,EMPPS_REP,Public employment and representation,2021,,22.6,,A,Normal value,0,Units,_Z,Not applicable,,
DATAFLOW,OECD.GOV.GIP:DSD_GOV@DF_GOV_EMPPS_REP_2023(1.0),"Public employment and representation - Government at a glance indicators, 2023 edition",I,A,Annual,CHL,Chile,EMPW_PARL,Gender equality in parliament,PT_W,Percentage of women,_Z,Not applicable,2023,2023,EMPPS_REP,Public employment and representation,2023,,35.5,,A,Normal value,0,Units,_Z,Not applicable,,
DATAFLOW,OECD.GOV.GIP:DSD_GOV@DF_GOV_EMPPS_REP_2023(1.0),"Public employment and representation - Government at a glance indicators, 2023 edition",I,A,Annual,COL,Colombia,EMPWPS,Gender equality in public sector employment,PT_W,Percentage of women,S1ZS,Public sector,2023,2023,EMPPS_REP,Public employment and representation,2020,,48.61,,A,Normal value,0,Units,_Z,Not applicable,,
DATAFLOW,OECD.GOV.GIP:DSD_GOV@DF_GOV_EMPPS_REP_2023(1.0),"Public employment and representation - Government at a glance indicators, 2023 edition",I,A,Annual,COL,Colombia,EMPWPS,Gender equality in public sector employment,PT_W,Percentage of women,S1ZS,Public sector,2023,2023,EMPPS_REP,Public employment and representation,2011,,49.23,,A,Normal value,0,Units,_Z,Not applicable,,
DATAFLOW,OECD.GOV.GIP:DSD_GOV@DF_GOV_EMPPS_REP_2023(1.0),"Public employment and representation - Government at a glance indicators, 2023 edition",I,A,Annual,COL,Colombia,EMPW_PARL,Gender equality in parliament,PT_W,Percentage of women,_Z,Not applicable,2023,2023,EMPPS_REP,Public employment and representation,2002,,12,,A,Normal value,0,Units,_Z,Not applicable,,
DATAFLOW,OECD.GOV.GIP:DSD_GOV@DF_GOV_EMPPS_REP_2023(1.0),"Public employment and representation - Government at a glance indicators, 2023 edition",I,A,Annual,COL,Colombia,EMPW_PARL,Gender equality in parliament,PT_W,Percentage of women,_Z,Not applicable,2023,2023,EMPPS_REP,Public employment and representation,2012,,12.1,,A,Normal value,0,Units,_Z,Not applicable,,
DATAFLOW,OECD.GOV.GIP:DSD_GOV@DF_GOV_EMPPS_REP_2023(1.0),"Public employment and representation - Government at a glance indicators, 2023 edition",I,A,Annual,COL,Colombia,EMPW_PARL,Gender equality in parliament,PT_W,Percentage of women,_Z,Not applicable,2023,2023,EMPPS_REP,Public employment and representation,2015,,19.9,,A,Normal value,0,Units,_Z,Not applicable,,
DATAFLOW,OECD.GOV.GIP:DSD_GOV@DF_GOV_EMPPS_REP_2023(1.0),"Public employment and representation - Government at a glance indicators, 2023 edition",I,A,Annual,COL,Colombia,EMPW_PARL,Gender equality in parliament,PT_W,Percentage of women,_Z,Not applicable,2023,2023,EMPPS_REP,Public employment and representation,2017,,18.7,,A,Normal value,0,Units,_Z,Not applicable,,
DATAFLOW,OECD.GOV.GIP:DSD_GOV@DF_GOV_EMPPS_REP_2023(1.0),"Public employment and representation - Government at a glance indicators, 2023 edition",I,A,Annual,COL,Colombia,EMPW_PARL,Gender equality in parliament,PT_W,Percentage of women,_Z,Not applicable,2023,2023,EMPPS_REP,Public employment and representation,2019,,18.1,,A,Normal value,0,Units,_Z,Not applicable,,
DATAFLOW,OECD.GOV.GIP:DSD_GOV@DF_GOV_EMPPS_REP_2023(1.0),"Public employment and representation - Government at a glance indicators, 2023 edition",I,A,Annual,COL,Colombia,EMPW_PARL,Gender equality in parliament,PT_W,Percentage of women,_Z,Not applicable,2023,2023,EMPPS_REP,Public employment and representation,2021,,18.8,,A,Normal value,0,Units,_Z,Not applicable,,
DATAFLOW,OECD.GOV.GIP:DSD_GOV@DF_GOV_EMPPS_REP_2023(1.0),"Public employment and representation - Government at a glance indicators, 2023 edition",I,A,Annual,COL,Colombia,EMPW_PARL,Gender equality in parliament,PT_W,Percentage of women,_Z,Not applicable,2023,2023,EMPPS_REP,Public employment and representation,2023,,28.9,,A,Normal value,0,Units,_Z,Not applicable,,
DATAFLOW,OECD.GOV.GIP:DSD_GOV@DF_GOV_EMPPS_REP_2023(1.0),"Public employment and representation - Government at a glance indicators, 2023 edition",I,A,Annual,ZAF,South Africa,EMPWPS,Gender equality in public sector employment,PT_W,Percentage of women,S1ZS,Public sector,2023,2023,EMPPS_REP,Public employment and representation,2020,,55.29,,A,Normal value,0,Units,_Z,Not applicable,,
DATAFLOW,OECD.GOV.GIP:DSD_GOV@DF_GOV_EMPPS_REP_2023(1.0),"Public employment and representation - Government at a glance indicators, 2023 edition",I,A,Annual,ZAF,South Africa,EMPWPS,Gender equality in public sector employment,PT_W,Percentage of women,S1ZS,Public sector,2023,2023,EMPPS_REP,Public employment and representation,2011,,51.58,,A,Normal value,0,Units,_Z,Not applicable,,
DATAFLOW,OECD.GOV.GIP:DSD_GOV@DF_GOV_EMPPS_REP_2023(1.0),"Public employment and representation - Government at a glance indicators, 2023 edition",I,A,Annual,MEX,Mexico,EMPWPS,Gender equality in public sector employment,PT_W,Percentage of women,S1ZS,Public sector,2023,2023,EMPPS_REP,Public employment and representation,2020,,52.53,,A,Normal value,0,Units,_Z,Not applicable,,
DATAFLOW,OECD.GOV.GIP:DSD_GOV@DF_GOV_EMPPS_REP_2023(1.0),"Public employment and representation - Government at a glance indicators, 2023 edition",I,A,Annual,MEX,Mexico,EMPWPS,Gender equality in public sector employment,PT_W,Percentage of women,S1ZS,Public sector,2023,2023,EMPPS_REP,Public employment and representation,2011,,49.59,,A,Normal value,0,Units,_Z,Not applicable,,
DATAFLOW,OECD.GOV.GIP:DSD_GOV@DF_GOV_EMPPS_REP_2023(1.0),"Public employment and representation - Government at a glance indicators, 2023 edition",I,A,Annual,MEX,Mexico,EMPW_PARL,Gender equality in parliament,PT_W,Percentage of women,_Z,Not applicable,2023,2023,EMPPS_REP,Public employment and representation,2002,,16,,A,Normal value,0,Units,_Z,Not applicable,,
DATAFLOW,OECD.GOV.GIP:DSD_GOV@DF_GOV_EMPPS_REP_2023(1.0),"Public employment and representation - Government at a glance indicators, 2023 edition",I,A,Annual,MEX,Mexico,EMPW_PARL,Gender equality in parliament,PT_W,Percentage of women,_Z,Not applicable,2023,2023,EMPPS_REP,Public employment and representation,2012,,36.8,,A,Normal value,0,Units,_Z,Not applicable,,
DATAFLOW,OECD.GOV.GIP:DSD_GOV@DF_GOV_EMPPS_REP_2023(1.0),"Public employment and representation - Government at a glance indicators, 2023 edition",I,A,Annual,MEX,Mexico,EMPW_PARL,Gender equality in parliament,PT_W,Percentage of women,_Z,Not applicable,2023,2023,EMPPS_REP,Public employment and representation,2015,,42.4,,A,Normal value,0,Units,_Z,Not applicable,,
DATAFLOW,OECD.GOV.GIP:DSD_GOV@DF_GOV_EMPPS_REP_2023(1.0),"Public employment and representation - Government at a glance indicators, 2023 edition",I,A,Annual,MEX,Mexico,EMPW_PARL,Gender equality in parliament,PT_W,Percentage of women,_Z,Not applicable,2023,2023,EMPPS_REP,Public employment and representation,2017,,42.6,,A,Normal value,0,Units,_Z,Not applicable,,
DATAFLOW,OECD.GOV.GIP:DSD_GOV@DF_GOV_EMPPS_REP_2023(1.0),"Public employment and representation - Government at a glance indicators, 2023 edition",I,A,Annual,MEX,Mexico,EMPW_PARL,Gender equality in parliament,PT_W,Percentage of women,_Z,Not applicable,2023,2023,EMPPS_REP,Public employment and representation,2019,,48.2,,A,Normal value,0,Units,_Z,Not applicable,,
DATAFLOW,OECD.GOV.GIP:DSD_GOV@DF_GOV_EMPPS_REP_2023(1.0),"Public employment and representation - Government at a glance indicators, 2023 edition",I,A,Annual,MEX,Mexico,EMPW_PARL,Gender equality in parliament,PT_W,Percentage of women,_Z,Not applicable,2023,2023,EMPPS_REP,Public employment and representation,2021,,48.2,,A,Normal value,0,Units,_Z,Not applicable,,
DATAFLOW,OECD.GOV.GIP:DSD_GOV@DF_GOV_EMPPS_REP_2023(1.0),"Public employment and representation - Government at a glance indicators, 2023 edition",I,A,Annual,MEX,Mexico,EMPW_PARL,Gender equality in parliament,PT_W,Percentage of women,_Z,Not applicable,2023,2023,EMPPS_REP,Public employment and representation,2023,,50,,A,Normal value,0,Units,_Z,Not applicable,,
DATAFLOW,OECD.GOV.GIP:DSD_GOV@DF_GOV_EMPPS_REP_2023(1.0),"Public employment and representation - Government at a glance indicators, 2023 edition",I,A,Annual,USA,United States,EMPWPS,Gender equality in public sector employment,PT_W,Percentage of women,S1ZS,Public sector,2023,2023,EMPPS_REP,Public employment and representation,2020,,57.13,,A,Normal value,0,Units,_Z,Not applicable,,
DATAFLOW,OECD.GOV.GIP:DSD_GOV@DF_GOV_EMPPS_REP_2023(1.0),"Public employment and representation - Government at a glance indicators, 2023 edition",I,A,Annual,USA,United States,EMPWPS,Gender equality in public sector employment,PT_W,Percentage of women,S1ZS,Public sector,2023,2023,EMPPS_REP,Public employment and representation,2011,,56.5,,A,Normal value,0,Units,_Z,Not applicable,,
DATAFLOW,OECD.GOV.GIP:DSD_GOV@DF_GOV_EMPPS_REP_2023(1.0),"Public employment and representation - Government at a glance indicators, 2023 edition",I,A,Annual,USA,United States,EMPW_PARL,Gender equality in parliament,PT_W,Percentage of women,_Z,Not applicable,2023,2023,EMPPS_REP,Public employment and representation,2002,,14,,A,Normal value,0,Units,_Z,Not applicable,,
DATAFLOW,OECD.GOV.GIP:DSD_GOV@DF_GOV_EMPPS_REP_2023(1.0),"Public employment and representation - Government at a glance indicators, 2023 edition",I,A,Annual,USA,United States,EMPW_PARL,Gender equality in parliament,PT_W,Percentage of women,_Z,Not applicable,2023,2023,EMPPS_REP,Public employment and representation,2012,,17,,A,Normal value,0,Units,_Z,Not applicable,,
DATAFLOW,OECD.GOV.GIP:DSD_GOV@DF_GOV_EMPPS_REP_2023(1.0),"Public employment and representation - Government at a glance indicators, 2023 edition",I,A,Annual,USA,United States,EMPW_PARL,Gender equality in parliament,PT_W,Percentage of women,_Z,Not applicable,2023,2023,EMPPS_REP,Public employment and representation,2015,,19.4,,A,Normal value,0,Units,_Z,Not applicable,,
DATAFLOW,OECD.GOV.GIP:DSD_GOV@DF_GOV_EMPPS_REP_2023(1.0),"Public employment and representation - Government at a glance indicators, 2023 edition",I,A,Annual,USA,United States,EMPW_PARL,Gender equality in parliament,PT_W,Percentage of women,_Z,Not applicable,2023,2023,EMPPS_REP,Public employment and representation,2017,,19.1,,A,Normal value,0,Units,_Z,Not applicable,,
DATAFLOW,OECD.GOV.GIP:DSD_GOV@DF_GOV_EMPPS_REP_2023(1.0),"Public employment and representation - Government at a glance indicators, 2023 edition",I,A,Annual,USA,United States,EMPW_PARL,Gender equality in parliament,PT_W,Percentage of women,_Z,Not applicable,2023,2023,EMPPS_REP,Public employment and representation,2019,,23.5,,A,Normal value,0,Units,_Z,Not applicable,,
DATAFLOW,OECD.GOV.GIP:DSD_GOV@DF_GOV_EMPPS_REP_2023(1.0),"Public employment and representation - Government at a glance indicators, 2023 edition",I,A,Annual,USA,United States,EMPW_PARL,Gender equality in parliament,PT_W,Percentage of women,_Z,Not applicable,2023,2023,EMPPS_REP,Public employment and representation,2021,,27.3,,A,Normal value,0,Units,_Z,Not applicable,,
DATAFLOW,OECD.GOV.GIP:DSD_GOV@DF_GOV_EMPPS_REP_2023(1.0),"Public employment and representation - Government at a glance indicators, 2023 edition",I,A,Annual,USA,United States,EMPW_PARL,Gender equality in parliament,PT_W,Percentage of women,_Z,Not applicable,2023,2023,EMPPS_REP,Public employment and representation,2023,,29.4,,A,Normal value,0,Units,_Z,Not applicable,,
DATAFLOW,OECD.GOV.GIP:DSD_GOV@DF_GOV_EMPPS_REP_2023(1.0),"Public employment and representation - Government at a glance indicators, 2023 edition",I,A,Annual,BRA,Brazil,EMPWPS,Gender equality in public sector employment,PT_W,Percentage of women,S1ZS,Public sector,2023,2023,EMPPS_REP,Public employment and representation,2020,,56.03,,A,Normal value,0,Units,_Z,Not applicable,,
DATAFLOW,OECD.GOV.GIP:DSD_GOV@DF_GOV_EMPPS_REP_2023(1.0),"Public employment and representation - Government at a glance indicators, 2023 edition",I,A,Annual,BRA,Brazil,EMPWPS,Gender equality in public sector employment,PT_W,Percentage of women,S1ZS,Public sector,2023,2023,EMPPS_REP,Public employment and representation,2011,,57.12,,A,Normal value,0,Units,_Z,Not applicable,,
DATAFLOW,OECD.GOV.GIP:DSD_GOV@DF_GOV_EMPPS_REP_2023(1.0),"Public employment and representation - Government at a glance indicators, 2023 edition",I,A,Annual,BRA,Brazil,EMPW_PARL,Gender equality in parliament,PT_W,Percentage of women,_Z,Not applicable,2023,2023,EMPPS_REP,Public employment and representation,2012,,8.6,,A,Normal value,0,Units,_Z,Not applicable,,
DATAFLOW,OECD.GOV.GIP:DSD_GOV@DF_GOV_EMPPS_REP_2023(1.0),"Public employment and representation - Government at a glance indicators, 2023 edition",I,A,Annual,BRA,Brazil,EMPW_PARL,Gender equality in parliament,PT_W,Percentage of women,_Z,Not applicable,2023,2023,EMPPS_REP,Public employment and representation,2017,,10.7,,A,Normal value,0,Units,_Z,Not applicable,,
DATAFLOW,OECD.GOV.GIP:DSD_GOV@DF_GOV_EMPPS_REP_2023(1.0),"Public employment and representation - Government at a glance indicators, 2023 edition",I,A,Annual,BRA,Brazil,EMPW_PARL,Gender equality in parliament,PT_W,Percentage of women,_Z,Not applicable,2023,2023,EMPPS_REP,Public employment and representation,2021,,15.2,,A,Normal value,0,Units,_Z,Not applicable,,
DATAFLOW,OECD.GOV.GIP:DSD_GOV@DF_GOV_EMPPS_REP_2023(1.0),"Public employment and representation - Government at a glance indicators, 2023 edition",I,A,Annual,BRA,Brazil,EMPW_PARL,Gender equality in parliament,PT_W,Percentage of women,_Z,Not applicable,2023,2023,EMPPS_REP,Public employment and representation,2023,,17.7,,A,Normal value,0,Units,_Z,Not applicable,,
DATAFLOW,OECD.GOV.GIP:DSD_GOV@DF_GOV_EMPPS_REP_2023(1.0),"Public employment and representation - Government at a glance indicators, 2023 edition",I,A,Annual,GRC,Greece,EMPW_SMP,Gender equality in senior management positions in national administrations,PT_W,Percentage of women,S1311,Central government,2023,2023,EMPPS_REP,Public employment and representation,2008,,37.8,,A,Normal value,0,Units,_Z,Not applicable,,
DATAFLOW,OECD.GOV.GIP:DSD_GOV@DF_GOV_EMPPS_REP_2023(1.0),"Public employment and representation - Government at a glance indicators, 2023 edition",I,A,Annual,GRC,Greece,EMPW_SMP,Gender equality in senior management positions in national administrations,PT_W,Percentage of women,S1311,Central government,2023,2023,EMPPS_REP,Public employment and representation,2009,,34.2,,A,Normal value,0,Units,_Z,Not applicable,,
DATAFLOW,OECD.GOV.GIP:DSD_GOV@DF_GOV_EMPPS_REP_2023(1.0),"Public employment and representation - Government at a glance indicators, 2023 edition",I,A,Annual,GRC,Greece,EMPW_SMP,Gender equality in senior management positions in national administrations,PT_W,Percentage of women,S1311,Central government,2023,2023,EMPPS_REP,Public employment and representation,2010,,43,,A,Normal value,0,Units,_Z,Not applicable,,
DATAFLOW,OECD.GOV.GIP:DSD_GOV@DF_GOV_EMPPS_REP_2023(1.0),"Public employment and representation - Government at a glance indicators, 2023 edition",I,A,Annual,GRC,Greece,EMPW_SMP,Gender equality in senior management positions in national administrations,PT_W,Percentage of women,S1311,Central government,2023,2023,EMPPS_REP,Public employment and representation,2011,,41.7,,A,Normal value,0,Units,_Z,Not applicable,,
DATAFLOW,OECD.GOV.GIP:DSD_GOV@DF_GOV_EMPPS_REP_2023(1.0),"Public employment and representation - Government at a glance indicators, 2023 edition",I,A,Annual,GRC,Greece,EMPW_SMP,Gender equality in senior management positions in national administrations,PT_W,Percentage of women,S1311,Central government,2023,2023,EMPPS_REP,Public employment and representation,2012,,44.7,,A,Normal value,0,Units,_Z,Not applicable,,
DATAFLOW,OECD.GOV.GIP:DSD_GOV@DF_GOV_EMPPS_REP_2023(1.0),"Public employment and representation - Government at a glance indicators, 2023 edition",I,A,Annual,GRC,Greece,EMPW_SMP,Gender equality in senior management positions in national administrations,PT_W,Percentage of women,S1311,Central government,2023,2023,EMPPS_REP,Public employment and representation,2013,,48.7,,A,Normal value,0,Units,_Z,Not applicable,,
DATAFLOW,OECD.GOV.GIP:DSD_GOV@DF_GOV_EMPPS_REP_2023(1.0),"Public employment and representation - Government at a glance indicators, 2023 edition",I,A,Annual,GRC,Greece,EMPW_SMP,Gender equality in senior management positions in national administrations,PT_W,Percentage of women,S1311,Central government,2023,2023,EMPPS_REP,Public employment and representation,2014,,48.7,,A,Normal value,0,Units,_Z,Not applicable,,
DATAFLOW,OECD.GOV.GIP:DSD_GOV@DF_GOV_EMPPS_REP_2023(1.0),"Public employment and representation - Government at a glance indicators, 2023 edition",I,A,Annual,GRC,Greece,EMPW_SMP,Gender equality in senior management positions in national administrations,PT_W,Percentage of women,S1311,Central government,2023,2023,EMPPS_REP,Public employment and representation,2015,,48.7,,A,Normal value,0,Units,_Z,Not applicable,,
DATAFLOW,OECD.GOV.GIP:DSD_GOV@DF_GOV_EMPPS_REP_2023(1.0),"Public employment and representation - Government at a glance indicators, 2023 edition",I,A,Annual,GRC,Greece,EMPW_SMP,Gender equality in senior management positions in national administrations,PT_W,Percentage of women,S1311,Central government,2023,2023,EMPPS_REP,Public employment and representation,2016,,51.4,,A,Normal value,0,Units,_Z,Not applicable,,
DATAFLOW,OECD.GOV.GIP:DSD_GOV@DF_GOV_EMPPS_REP_2023(1.0),"Public employment and representation - Government at a glance indicators, 2023 edition",I,A,Annual,GRC,Greece,EMPW_SMP,Gender equality in senior management positions in national administrations,PT_W,Percentage of women,S1311,Central government,2023,2023,EMPPS_REP,Public employment and representation,2017,,51.4,,A,Normal value,0,Units,_Z,Not applicable,,
DATAFLOW,OECD.GOV.GIP:DSD_GOV@DF_GOV_EMPPS_REP_2023(1.0),"Public employment and representation - Government at a glance indicators, 2023 edition",I,A,Annual,GRC,Greece,EMPW_SMP,Gender equality in senior management positions in national administrations,PT_W,Percentage of women,S1311,Central government,2023,2023,EMPPS_REP,Public employment and representation,2018,,52.4,,A,Normal value,0,Units,_Z,Not applicable,,
DATAFLOW,OECD.GOV.GIP:DSD_GOV@DF_GOV_EMPPS_REP_2023(1.0),"Public employment and representation - Government at a glance indicators, 2023 edition",I,A,Annual,GRC,Greece,EMPW_SMP,Gender equality in senior management positions in national administrations,PT_W,Percentage of women,S1311,Central government,2023,2023,EMPPS_REP,Public employment and representation,2019,,52.4,,A,Normal value,0,Units,_Z,Not applicable,,
DATAFLOW,OECD.GOV.GIP:DSD_GOV@DF_GOV_EMPPS_REP_2023(1.0),"Public employment and representation - Government at a glance indicators, 2023 edition",I,A,Annual,GRC,Greece,EMPW_SMP,Gender equality in senior management positions in national administrations,PT_W,Percentage of women,S1311,Central government,2023,2023,EMPPS_REP,Public employment and representation,2020,,53.8,,A,Normal value,0,Units,_Z,Not applicable,,
DATAFLOW,OECD.GOV.GIP:DSD_GOV@DF_GOV_EMPPS_REP_2023(1.0),"Public employment and representation - Government at a glance indicators, 2023 edition",I,A,Annual,GRC,Greece,EMPW_SMP,Gender equality in senior management positions in national administrations,PT_W,Percentage of women,S1311,Central government,2023,2023,EMPPS_REP,Public employment and representation,2021,,56.4,,A,Normal value,0,Units,_Z,Not applicable,,
DATAFLOW,OECD.GOV.GIP:DSD_GOV@DF_GOV_EMPPS_REP_2023(1.0),"Public employment and representation - Government at a glance indicators, 2023 edition",I,A,Annual,GRC,Greece,EMPW_SMP,Gender equality in senior management positions in national administrations,PT_W,Percentage of women,S1311,Central government,2023,2023,EMPPS_REP,Public employment and representation,2022,,57.9,,A,Normal value,0,Units,_Z,Not applicable,,
DATAFLOW,OECD.GOV.GIP:DSD_GOV@DF_GOV_EMPPS_REP_2023(1.0),"Public employment and representation - Government at a glance indicators, 2023 edition",I,A,Annual,GRC,Greece,EMPWPS,Gender equality in public sector employment,PT_W,Percentage of women,S1ZS,Public sector,2023,2023,EMPPS_REP,Public employment and representation,2020,,48.97,,A,Normal value,0,Units,_Z,Not applicable,,
DATAFLOW,OECD.GOV.GIP:DSD_GOV@DF_GOV_EMPPS_REP_2023(1.0),"Public employment and representation - Government at a glance indicators, 2023 edition",I,A,Annual,GRC,Greece,EMPWPS,Gender equality in public sector employment,PT_W,Percentage of women,S1ZS,Public sector,2023,2023,EMPPS_REP,Public employment and representation,2011,,46.19,,A,Normal value,0,Units,_Z,Not applicable,,
DATAFLOW,OECD.GOV.GIP:DSD_GOV@DF_GOV_EMPPS_REP_2023(1.0),"Public employment and representation - Government at a glance indicators, 2023 edition",I,A,Annual,GRC,Greece,EMPW_PARL,Gender equality in parliament,PT_W,Percentage of women,_Z,Not applicable,2023,2023,EMPPS_REP,Public employment and representation,2002,,8.7,,A,Normal value,0,Units,_Z,Not applicable,,
DATAFLOW,OECD.GOV.GIP:DSD_GOV@DF_GOV_EMPPS_REP_2023(1.0),"Public employment and representation - Government at a glance indicators, 2023 edition",I,A,Annual,GRC,Greece,EMPW_PARL,Gender equality in parliament,PT_W,Percentage of women,_Z,Not applicable,2023,2023,EMPPS_REP,Public employment and representation,2012,,21,,A,Normal value,0,Units,_Z,Not applicable,,
DATAFLOW,OECD.GOV.GIP:DSD_GOV@DF_GOV_EMPPS_REP_2023(1.0),"Public employment and representation - Government at a glance indicators, 2023 edition",I,A,Annual,GRC,Greece,EMPW_PARL,Gender equality in parliament,PT_W,Percentage of women,_Z,Not applicable,2023,2023,EMPPS_REP,Public employment and representation,2015,,19.7,,A,Normal value,0,Units,_Z,Not applicable,,
DATAFLOW,OECD.GOV.GIP:DSD_GOV@DF_GOV_EMPPS_REP_2023(1.0),"Public employment and representation - Government at a glance indicators, 2023 edition",I,A,Annual,GRC,Greece,EMPW_PARL,Gender equality in parliament,PT_W,Percentage of women,_Z,Not applicable,2023,2023,EMPPS_REP,Public employment and representation,2017,,18.3,,A,Normal value,0,Units,_Z,Not applicable,,
DATAFLOW,OECD.GOV.GIP:DSD_GOV@DF_GOV_EMPPS_REP_2023(1.0),"Public employment and representation - Government at a glance indicators, 2023 edition",I,A,Annual,GRC,Greece,EMPW_PARL,Gender equality in parliament,PT_W,Percentage of women,_Z,Not applicable,2023,2023,EMPPS_REP,Public employment and representation,2019,,18.7,,A,Normal value,0,Units,_Z,Not applicable,,
DATAFLOW,OECD.GOV.GIP:DSD_GOV@DF_GOV_EMPPS_REP_2023(1.0),"Public employment and representation - Government at a glance indicators, 2023 edition",I,A,Annual,GRC,Greece,EMPW_PARL,Gender equality in parliament,PT_W,Percentage of women,_Z,Not applicable,2023,2023,EMPPS_REP,Public employment and representation,2021,,21.7,,A,Normal value,0,Units,_Z,Not applicable,,
DATAFLOW,OECD.GOV.GIP:DSD_GOV@DF_GOV_EMPPS_REP_2023(1.0),"Public employment and representation - Government at a glance indicators, 2023 edition",I,A,Annual,GRC,Greece,EMPW_PARL,Gender equality in parliament,PT_W,Percentage of women,_Z,Not applicable,2023,2023,EMPPS_REP,Public employment and representation,2023,,21,,A,Normal value,0,Units,_Z,Not applicable,,
DATAFLOW,OECD.GOV.GIP:DSD_GOV@DF_GOV_EMPPS_REP_2023(1.0),"Public employment and representation - Government at a glance indicators, 2023 edition",I,A,Annual,GRC,Greece,EMPW_SMP,Gender equality in senior management positions in national administrations,PT_W,Percentage of women,S1311,Central government,2023,2023,EMPPS_REP,Public employment and representation,2007,,33.8,,A,Normal value,0,Units,_Z,Not applicable,,
DATAFLOW,OECD.GOV.GIP:DSD_GOV@DF_GOV_EMPPS_REP_2023(1.0),"Public employment and representation - Government at a glance indicators, 2023 edition",I,A,Annual,NZL,New Zealand,EMPW_PARL,Gender equality in parliament,PT_W,Percentage of women,_Z,Not applicable,2023,2023,EMPPS_REP,Public employment and representation,2002,,29.2,,A,Normal value,0,Units,_Z,Not applicable,,
DATAFLOW,OECD.GOV.GIP:DSD_GOV@DF_GOV_EMPPS_REP_2023(1.0),"Public employment and representation - Government at a glance indicators, 2023 edition",I,A,Annual,NZL,New Zealand,EMPW_PARL,Gender equality in parliament,PT_W,Percentage of women,_Z,Not applicable,2023,2023,EMPPS_REP,Public employment and representation,2012,,32.2,,A,Normal value,0,Units,_Z,Not applicable,,
DATAFLOW,OECD.GOV.GIP:DSD_GOV@DF_GOV_EMPPS_REP_2023(1.0),"Public employment and representation - Government at a glance indicators, 2023 edition",I,A,Annual,NZL,New Zealand,EMPW_PARL,Gender equality in parliament,PT_W,Percentage of women,_Z,Not applicable,2023,2023,EMPPS_REP,Public employment and representation,2015,,31.4,,A,Normal value,0,Units,_Z,Not applicable,,
DATAFLOW,OECD.GOV.GIP:DSD_GOV@DF_GOV_EMPPS_REP_2023(1.0),"Public employment and representation - Government at a glance indicators, 2023 edition",I,A,Annual,NZL,New Zealand,EMPW_PARL,Gender equality in parliament,PT_W,Percentage of women,_Z,Not applicable,2023,2023,EMPPS_REP,Public employment and representation,2017,,34.2,,A,Normal value,0,Units,_Z,Not applicable,,
DATAFLOW,OECD.GOV.GIP:DSD_GOV@DF_GOV_EMPPS_REP_2023(1.0),"Public employment and representation - Government at a glance indicators, 2023 edition",I,A,Annual,NZL,New Zealand,EMPW_PARL,Gender equality in parliament,PT_W,Percentage of women,_Z,Not applicable,2023,2023,EMPPS_REP,Public employment and representation,2019,,40,,A,Normal value,0,Units,_Z,Not applicable,,
DATAFLOW,OECD.GOV.GIP:DSD_GOV@DF_GOV_EMPPS_REP_2023(1.0),"Public employment and representation - Government at a glance indicators, 2023 edition",I,A,Annual,NZL,New Zealand,EMPW_PARL,Gender equality in parliament,PT_W,Percentage of women,_Z,Not applicable,2023,2023,EMPPS_REP,Public employment and representation,2021,,48.3,,A,Normal value,0,Units,_Z,Not applicable,,
DATAFLOW,OECD.GOV.GIP:DSD_GOV@DF_GOV_EMPPS_REP_2023(1.0),"Public employment and representation - Government at a glance indicators, 2023 edition",I,A,Annual,NZL,New Zealand,EMPW_PARL,Gender equality in parliament,PT_W,Percentage of women,_Z,Not applicable,2023,2023,EMPPS_REP,Public employment and representation,2023,,50,,A,Normal value,0,Units,_Z,Not applicable,,
DATAFLOW,OECD.GOV.GIP:DSD_GOV@DF_GOV_EMPPS_REP_2023(1.0),"Public employment and representation - Government at a glance indicators, 2023 edition",I,A,Annual,HRV,Croatia,EMPW_SMP,Gender equality in senior management positions in national administrations,PT_W,Percentage of women,S1311,Central government,2023,2023,EMPPS_REP,Public employment and representation,2011,,33.7,,A,Normal value,0,Units,_Z,Not applicable,,
DATAFLOW,OECD.GOV.GIP:DSD_GOV@DF_GOV_EMPPS_REP_2023(1.0),"Public employment and representation - Government at a glance indicators, 2023 edition",I,A,Annual,HRV,Croatia,EMPW_SMP,Gender equality in senior management positions in national administrations,PT_W,Percentage of women,S1311,Central government,2023,2023,EMPPS_REP,Public employment and representation,2012,,36.5,,A,Normal value,0,Units,_Z,Not applicable,,
DATAFLOW,OECD.GOV.GIP:DSD_GOV@DF_GOV_EMPPS_REP_2023(1.0),"Public employment and representation - Government at a glance indicators, 2023 edition",I,A,Annual,HRV,Croatia,EMPW_SMP,Gender equality in senior management positions in national administrations,PT_W,Percentage of women,S1311,Central government,2023,2023,EMPPS_REP,Public employment and representation,2013,,41.1,,A,Normal value,0,Units,_Z,Not applicable,,
DATAFLOW,OECD.GOV.GIP:DSD_GOV@DF_GOV_EMPPS_REP_2023(1.0),"Public employment and representation - Government at a glance indicators, 2023 edition",I,A,Annual,HRV,Croatia,EMPW_SMP,Gender equality in senior management positions in national administrations,PT_W,Percentage of women,S1311,Central government,2023,2023,EMPPS_REP,Public employment and representation,2014,,44.2,,A,Normal value,0,Units,_Z,Not applicable,,
DATAFLOW,OECD.GOV.GIP:DSD_GOV@DF_GOV_EMPPS_REP_2023(1.0),"Public employment and representation - Government at a glance indicators, 2023 edition",I,A,Annual,HRV,Croatia,EMPW_SMP,Gender equality in senior management positions in national administrations,PT_W,Percentage of women,S1311,Central government,2023,2023,EMPPS_REP,Public employment and representation,2015,,45.9,,A,Normal value,0,Units,_Z,Not applicable,,
DATAFLOW,OECD.GOV.GIP:DSD_GOV@DF_GOV_EMPPS_REP_2023(1.0),"Public employment and representation - Government at a glance indicators, 2023 edition",I,A,Annual,HRV,Croatia,EMPW_SMP,Gender equality in senior management positions in national administrations,PT_W,Percentage of women,S1311,Central government,2023,2023,EMPPS_REP,Public employment and representation,2016,,30.9,,A,Normal value,0,Units,_Z,Not applicable,,
DATAFLOW,OECD.GOV.GIP:DSD_GOV@DF_GOV_EMPPS_REP_2023(1.0),"Public employment and representation - Government at a glance indicators, 2023 edition",I,A,Annual,HRV,Croatia,EMPW_SMP,Gender equality in senior management positions in national administrations,PT_W,Percentage of women,S1311,Central government,2023,2023,EMPPS_REP,Public employment and representation,2017,,56.4,,A,Normal value,0,Units,_Z,Not applicable,,
DATAFLOW,OECD.GOV.GIP:DSD_GOV@DF_GOV_EMPPS_REP_2023(1.0),"Public employment and representation - Government at a glance indicators, 2023 edition",I,A,Annual,HRV,Croatia,EMPW_SMP,Gender equality in senior management positions in national administrations,PT_W,Percentage of women,S1311,Central government,2023,2023,EMPPS_REP,Public employment and representation,2018,,54,,A,Normal value,0,Units,_Z,Not applicable,,
DATAFLOW,OECD.GOV.GIP:DSD_GOV@DF_GOV_EMPPS_REP_2023(1.0),"Public employment and representation - Government at a glance indicators, 2023 edition",I,A,Annual,HRV,Croatia,EMPW_SMP,Gender equality in senior management positions in national administrations,PT_W,Percentage of women,S1311,Central government,2023,2023,EMPPS_REP,Public employment and representation,2019,,54.7,,A,Normal value,0,Units,_Z,Not applicable,,
DATAFLOW,OECD.GOV.GIP:DSD_GOV@DF_GOV_EMPPS_REP_2023(1.0),"Public employment and representation - Government at a glance indicators, 2023 edition",I,A,Annual,HRV,Croatia,EMPW_SMP,Gender equality in senior management positions in national administrations,PT_W,Percentage of women,S1311,Central government,2023,2023,EMPPS_REP,Public employment and representation,2020,,57.1,,A,Normal value,0,Units,_Z,Not applicable,,
DATAFLOW,OECD.GOV.GIP:DSD_GOV@DF_GOV_EMPPS_REP_2023(1.0),"Public employment and representation - Government at a glance indicators, 2023 edition",I,A,Annual,HRV,Croatia,EMPW_SMP,Gender equality in senior management positions in national administrations,PT_W,Percentage of women,S1311,Central government,2023,2023,EMPPS_REP,Public employment and representation,2021,,57.6,,A,Normal value,0,Units,_Z,Not applicable,,
DATAFLOW,OECD.GOV.GIP:DSD_GOV@DF_GOV_EMPPS_REP_2023(1.0),"Public employment and representation - Government at a glance indicators, 2023 edition",I,A,Annual,HRV,Croatia,EMPW_SMP,Gender equality in senior management positions in national administrations,PT_W,Percentage of women,S1311,Central government,2023,2023,EMPPS_REP,Public employment and representation,2022,,59.2,,A,Normal value,0,Units,_Z,Not applicable,,
DATAFLOW,OECD.GOV.GIP:DSD_GOV@DF_GOV_EMPPS_REP_2023(1.0),"Public employment and representation - Government at a glance indicators, 2023 edition",I,A,Annual,HRV,Croatia,EMPWPS,Gender equality in public sector employment,PT_W,Percentage of women,S1ZS,Public sector,2023,2023,EMPPS_REP,Public employment and representation,2020,,55.4,,A,Normal value,0,Units,_Z,Not applicable,,
DATAFLOW,OECD.GOV.GIP:DSD_GOV@DF_GOV_EMPPS_REP_2023(1.0),"Public employment and representation - Government at a glance indicators, 2023 edition",I,A,Annual,HRV,Croatia,EMPWPS,Gender equality in public sector employment,PT_W,Percentage of women,S1ZS,Public sector,2023,2023,EMPPS_REP,Public employment and representation,2011,,50.49,,A,Normal value,0,Units,_Z,Not applicable,,
DATAFLOW,OECD.GOV.GIP:DSD_GOV@DF_GOV_EMPPS_REP_2023(1.0),"Public employment and representation - Government at a glance indicators, 2023 edition",I,A,Annual,HRV,Croatia,EMPW_PARL,Gender equality in parliament,PT_W,Percentage of women,_Z,Not applicable,2023,2023,EMPPS_REP,Public employment and representation,2012,,23.8,,A,Normal value,0,Units,_Z,Not applicable,,
DATAFLOW,OECD.GOV.GIP:DSD_GOV@DF_GOV_EMPPS_REP_2023(1.0),"Public employment and representation - Government at a glance indicators, 2023 edition",I,A,Annual,HRV,Croatia,EMPW_PARL,Gender equality in parliament,PT_W,Percentage of women,_Z,Not applicable,2023,2023,EMPPS_REP,Public employment and representation,2017,,19.9,,A,Normal value,0,Units,_Z,Not applicable,,
DATAFLOW,OECD.GOV.GIP:DSD_GOV@DF_GOV_EMPPS_REP_2023(1.0),"Public employment and representation - Government at a glance indicators, 2023 edition",I,A,Annual,HRV,Croatia,EMPW_PARL,Gender equality in parliament,PT_W,Percentage of women,_Z,Not applicable,2023,2023,EMPPS_REP,Public employment and representation,2021,,31.1,,A,Normal value,0,Units,_Z,Not applicable,,
DATAFLOW,OECD.GOV.GIP:DSD_GOV@DF_GOV_EMPPS_REP_2023(1.0),"Public employment and representation - Government at a glance indicators, 2023 edition",I,A,Annual,HRV,Croatia,EMPW_PARL,Gender equality in parliament,PT_W,Percentage of women,_Z,Not applicable,2023,2023,EMPPS_REP,Public employment and representation,2023,,31.8,,A,Normal value,0,Units,_Z,Not applicable,,
DATAFLOW,OECD.GOV.GIP:DSD_GOV@DF_GOV_EMPPS_REP_2023(1.0),"Public employment and representation - Government at a glance indicators, 2023 edition",I,A,Annual,HRV,Croatia,EMPW_SMP,Gender equality in senior management positions in national administrations,PT_W,Percentage of women,S1311,Central government,2023,2023,EMPPS_REP,Public employment and representation,2007,,25,,A,Normal value,0,Units,_Z,Not applicable,,
DATAFLOW,OECD.GOV.GIP:DSD_GOV@DF_GOV_EMPPS_REP_2023(1.0),"Public employment and representation - Government at a glance indicators, 2023 edition",I,A,Annual,HRV,Croatia,EMPW_SMP,Gender equality in senior management positions in national administrations,PT_W,Percentage of women,S1311,Central government,2023,2023,EMPPS_REP,Public employment and representation,2008,,26.6,,A,Normal value,0,Units,_Z,Not applicable,,
DATAFLOW,OECD.GOV.GIP:DSD_GOV@DF_GOV_EMPPS_REP_2023(1.0),"Public employment and representation - Government at a glance indicators, 2023 edition",I,A,Annual,HRV,Croatia,EMPW_SMP,Gender equality in senior management positions in national administrations,PT_W,Percentage of women,S1311,Central government,2023,2023,EMPPS_REP,Public employment and representation,2009,,33.9,,A,Normal value,0,Units,_Z,Not applicable,,
DATAFLOW,OECD.GOV.GIP:DSD_GOV@DF_GOV_EMPPS_REP_2023(1.0),"Public employment and representation - Government at a glance indicators, 2023 edition",I,A,Annual,HRV,Croatia,EMPW_SMP,Gender equality in senior management positions in national administrations,PT_W,Percentage of women,S1311,Central government,2023,2023,EMPPS_REP,Public employment and representation,2010,,34,,A,Normal value,0,Units,_Z,Not applicable,,
DATAFLOW,OECD.GOV.GIP:DSD_GOV@DF_GOV_EMPPS_REP_2023(1.0),"Public employment and representation - Government at a glance indicators, 2023 edition",I,A,Annual,TUR,Türkiye,EMPW_PARL,Gender equality in parliament,PT_W,Percentage of women,_Z,Not applicable,2023,2023,EMPPS_REP,Public employment and representation,2023,,17.4,,A,Normal value,0,Units,_Z,Not applicable,,
DATAFLOW,OECD.GOV.GIP:DSD_GOV@DF_GOV_EMPPS_REP_2023(1.0),"Public employment and representation - Government at a glance indicators, 2023 edition",I,A,Annual,TUR,Türkiye,EMPW_SMP,Gender equality in senior management positions in national administrations,PT_W,Percentage of women,S1311,Central government,2023,2023,EMPPS_REP,Public employment and representation,2007,,0,,A,Normal value,0,Units,_Z,Not applicable,,
DATAFLOW,OECD.GOV.GIP:DSD_GOV@DF_GOV_EMPPS_REP_2023(1.0),"Public employment and representation - Government at a glance indicators, 2023 edition",I,A,Annual,TUR,Türkiye,EMPW_SMP,Gender equality in senior management positions in national administrations,PT_W,Percentage of women,S1311,Central government,2023,2023,EMPPS_REP,Public employment and representation,2008,,0,,A,Normal value,0,Units,_Z,Not applicable,,
DATAFLOW,OECD.GOV.GIP:DSD_GOV@DF_GOV_EMPPS_REP_2023(1.0),"Public employment and representation - Government at a glance indicators, 2023 edition",I,A,Annual,TUR,Türkiye,EMPW_SMP,Gender equality in senior management positions in national administrations,PT_W,Percentage of women,S1311,Central government,2023,2023,EMPPS_REP,Public employment and representation,2009,,2.6,,A,Normal value,0,Units,_Z,Not applicable,,
DATAFLOW,OECD.GOV.GIP:DSD_GOV@DF_GOV_EMPPS_REP_2023(1.0),"Public employment and representation - Government at a glance indicators, 2023 edition",I,A,Annual,TUR,Türkiye,EMPW_SMP,Gender equality in senior management positions in national administrations,PT_W,Percentage of women,S1311,Central government,2023,2023,EMPPS_REP,Public employment and representation,2010,,3,,A,Normal value,0,Units,_Z,Not applicable,,
DATAFLOW,OECD.GOV.GIP:DSD_GOV@DF_GOV_EMPPS_REP_2023(1.0),"Public employment and representation - Government at a glance indicators, 2023 edition",I,A,Annual,TUR,Türkiye,EMPW_SMP,Gender equality in senior management positions in national administrations,PT_W,Percentage of women,S1311,Central government,2023,2023,EMPPS_REP,Public employment and representation,2011,,5.3,,A,Normal value,0,Units,_Z,Not applicable,,
DATAFLOW,OECD.GOV.GIP:DSD_GOV@DF_GOV_EMPPS_REP_2023(1.0),"Public employment and representation - Government at a glance indicators, 2023 edition",I,A,Annual,TUR,Türkiye,EMPW_SMP,Gender equality in senior management positions in national administrations,PT_W,Percentage of women,S1311,Central government,2023,2023,EMPPS_REP,Public employment and representation,2012,,3.8,,A,Normal value,0,Units,_Z,Not applicable,,
DATAFLOW,OECD.GOV.GIP:DSD_GOV@DF_GOV_EMPPS_REP_2023(1.0),"Public employment and representation - Government at a glance indicators, 2023 edition",I,A,Annual,TUR,Türkiye,EMPW_SMP,Gender equality in senior management positions in national administrations,PT_W,Percentage of women,S1311,Central government,2023,2023,EMPPS_REP,Public employment and representation,2013,,2.3,,A,Normal value,0,Units,_Z,Not applicable,,
DATAFLOW,OECD.GOV.GIP:DSD_GOV@DF_GOV_EMPPS_REP_2023(1.0),"Public employment and representation - Government at a glance indicators, 2023 edition",I,A,Annual,TUR,Türkiye,EMPW_SMP,Gender equality in senior management positions in national administrations,PT_W,Percentage of women,S1311,Central government,2023,2023,EMPPS_REP,Public employment and representation,2014,,1.2,,A,Normal value,0,Units,_Z,Not applicable,,
DATAFLOW,OECD.GOV.GIP:DSD_GOV@DF_GOV_EMPPS_REP_2023(1.0),"Public employment and representation - Government at a glance indicators, 2023 edition",I,A,Annual,TUR,Türkiye,EMPW_SMP,Gender equality in senior management positions in national administrations,PT_W,Percentage of women,S1311,Central government,2023,2023,EMPPS_REP,Public employment and representation,2015,,3.4,,A,Normal value,0,Units,_Z,Not applicable,,
DATAFLOW,OECD.GOV.GIP:DSD_GOV@DF_GOV_EMPPS_REP_2023(1.0),"Public employment and representation - Government at a glance indicators, 2023 edition",I,A,Annual,TUR,Türkiye,EMPW_SMP,Gender equality in senior management positions in national administrations,PT_W,Percentage of women,S1311,Central government,2023,2023,EMPPS_REP,Public employment and representation,2016,,4.8,,A,Normal value,0,Units,_Z,Not applicable,,
DATAFLOW,OECD.GOV.GIP:DSD_GOV@DF_GOV_EMPPS_REP_2023(1.0),"Public employment and representation - Government at a glance indicators, 2023 edition",I,A,Annual,TUR,Türkiye,EMPW_SMP,Gender equality in senior management positions in national administrations,PT_W,Percentage of women,S1311,Central government,2023,2023,EMPPS_REP,Public employment and representation,2017,,2.6,,A,Normal value,0,Units,_Z,Not applicable,,
DATAFLOW,OECD.GOV.GIP:DSD_GOV@DF_GOV_EMPPS_REP_2023(1.0),"Public employment and representation - Government at a glance indicators, 2023 edition",I,A,Annual,TUR,Türkiye,EMPW_SMP,Gender equality in senior management positions in national administrations,PT_W,Percentage of women,S1311,Central government,2023,2023,EMPPS_REP,Public employment and representation,2018,,7.8,,A,Normal value,0,Units,_Z,Not applicable,,
DATAFLOW,OECD.GOV.GIP:DSD_GOV@DF_GOV_EMPPS_REP_2023(1.0),"Public employment and representation - Government at a glance indicators, 2023 edition",I,A,Annual,TUR,Türkiye,EMPW_SMP,Gender equality in senior management positions in national administrations,PT_W,Percentage of women,S1311,Central government,2023,2023,EMPPS_REP,Public employment and representation,2019,,17.7,,A,Normal value,0,Units,_Z,Not applicable,,
DATAFLOW,OECD.GOV.GIP:DSD_GOV@DF_GOV_EMPPS_REP_2023(1.0),"Public employment and representation - Government at a glance indicators, 2023 edition",I,A,Annual,TUR,Türkiye,EMPW_SMP,Gender equality in senior management positions in national administrations,PT_W,Percentage of women,S1311,Central government,2023,2023,EMPPS_REP,Public employment and representation,2020,,17.7,,A,Normal value,0,Units,_Z,Not applicable,,
DATAFLOW,OECD.GOV.GIP:DSD_GOV@DF_GOV_EMPPS_REP_2023(1.0),"Public employment and representation - Government at a glance indicators, 2023 edition",I,A,Annual,TUR,Türkiye,EMPW_SMP,Gender equality in senior management positions in national administrations,PT_W,Percentage of women,S1311,Central government,2023,2023,EMPPS_REP,Public employment and representation,2021,,17.7,,A,Normal value,0,Units,_Z,Not applicable,,
DATAFLOW,OECD.GOV.GIP:DSD_GOV@DF_GOV_EMPPS_REP_2023(1.0),"Public employment and representation - Government at a glance indicators, 2023 edition",I,A,Annual,TUR,Türkiye,EMPW_SMP,Gender equality in senior management positions in national administrations,PT_W,Percentage of women,S1311,Central government,2023,2023,EMPPS_REP,Public employment and representation,2022,,17.6,,A,Normal value,0,Units,_Z,Not applicable,,
DATAFLOW,OECD.GOV.GIP:DSD_GOV@DF_GOV_EMPPS_REP_2023(1.0),"Public employment and representation - Government at a glance indicators, 2023 edition",I,A,Annual,TUR,Türkiye,EMPWPS,Gender equality in public sector employment,PT_W,Percentage of women,S1ZS,Public sector,2023,2023,EMPPS_REP,Public employment and representation,2020,,34.8,,A,Normal value,0,Units,_Z,Not applicable,,
DATAFLOW,OECD.GOV.GIP:DSD_GOV@DF_GOV_EMPPS_REP_2023(1.0),"Public employment and representation - Government at a glance indicators, 2023 edition",I,A,Annual,TUR,Türkiye,EMPWPS,Gender equality in public sector employment,PT_W,Percentage of women,S1ZS,Public sector,2023,2023,EMPPS_REP,Public employment and representation,2011,,28.81,,A,Normal value,0,Units,_Z,Not applicable,,
DATAFLOW,OECD.GOV.GIP:DSD_GOV@DF_GOV_EMPPS_REP_2023(1.0),"Public employment and representation - Government at a glance indicators, 2023 edition",I,A,Annual,TUR,Türkiye,EMPW_PJ,Gender equality in professional judges,PT_W,Percentage of women,_Z,Not applicable,2023,2023,EMPPS_REP,Public employment and representation,2014,,34,,A,Normal value,0,Units,_Z,Not applicable,,
DATAFLOW,OECD.GOV.GIP:DSD_GOV@DF_GOV_EMPPS_REP_2023(1.0),"Public employment and representation - Government at a glance indicators, 2023 edition",I,A,Annual,TUR,Türkiye,EMPW_PJ,Gender equality in professional judges,PT_W,Percentage of women,_Z,Not applicable,2023,2023,EMPPS_REP,Public employment and representation,2020,,47,,A,Normal value,0,Units,_Z,Not applicable,,
DATAFLOW,OECD.GOV.GIP:DSD_GOV@DF_GOV_EMPPS_REP_2023(1.0),"Public employment and representation - Government at a glance indicators, 2023 edition",I,A,Annual,TUR,Türkiye,EMPW_PARL,Gender equality in parliament,PT_W,Percentage of women,_Z,Not applicable,2023,2023,EMPPS_REP,Public employment and representation,2002,,4.2,,A,Normal value,0,Units,_Z,Not applicable,,
DATAFLOW,OECD.GOV.GIP:DSD_GOV@DF_GOV_EMPPS_REP_2023(1.0),"Public employment and representation - Government at a glance indicators, 2023 edition",I,A,Annual,TUR,Türkiye,EMPW_PARL,Gender equality in parliament,PT_W,Percentage of women,_Z,Not applicable,2023,2023,EMPPS_REP,Public employment and representation,2012,,14.2,,A,Normal value,0,Units,_Z,Not applicable,,
DATAFLOW,OECD.GOV.GIP:DSD_GOV@DF_GOV_EMPPS_REP_2023(1.0),"Public employment and representation - Government at a glance indicators, 2023 edition",I,A,Annual,TUR,Türkiye,EMPW_PARL,Gender equality in parliament,PT_W,Percentage of women,_Z,Not applicable,2023,2023,EMPPS_REP,Public employment and representation,2015,,14.9,,A,Normal value,0,Units,_Z,Not applicable,,
DATAFLOW,OECD.GOV.GIP:DSD_GOV@DF_GOV_EMPPS_REP_2023(1.0),"Public employment and representation - Government at a glance indicators, 2023 edition",I,A,Annual,TUR,Türkiye,EMPW_PARL,Gender equality in parliament,PT_W,Percentage of women,_Z,Not applicable,2023,2023,EMPPS_REP,Public employment and representation,2017,,14.9,,A,Normal value,0,Units,_Z,Not applicable,,
DATAFLOW,OECD.GOV.GIP:DSD_GOV@DF_GOV_EMPPS_REP_2023(1.0),"Public employment and representation - Government at a glance indicators, 2023 edition",I,A,Annual,TUR,Türkiye,EMPW_PARL,Gender equality in parliament,PT_W,Percentage of women,_Z,Not applicable,2023,2023,EMPPS_REP,Public employment and representation,2019,,17.4,,A,Normal value,0,Units,_Z,Not applicable,,
DATAFLOW,OECD.GOV.GIP:DSD_GOV@DF_GOV_EMPPS_REP_2023(1.0),"Public employment and representation - Government at a glance indicators, 2023 edition",I,A,Annual,TUR,Türkiye,EMPW_PARL,Gender equality in parliament,PT_W,Percentage of women,_Z,Not applicable,2023,2023,EMPPS_REP,Public employment and representation,2021,,17.3,,A,Normal value,0,Units,_Z,Not applicable,,
DATAFLOW,OECD.GOV.GIP:DSD_GOV@DF_GOV_EMPPS_REP_2023(1.0),"Public employment and representation - Government at a glance indicators, 2023 edition",I,A,Annual,SWE,Sweden,EMPW_PARL,Gender equality in parliament,PT_W,Percentage of women,_Z,Not applicable,2023,2023,EMPPS_REP,Public employment and representation,2023,,46.4,,A,Normal value,0,Units,_Z,Not applicable,,
DATAFLOW,OECD.GOV.GIP:DSD_GOV@DF_GOV_EMPPS_REP_2023(1.0),"Public employment and representation - Government at a glance indicators, 2023 edition",I,A,Annual,SWE,Sweden,EMPW_SMP,Gender equality in senior management positions in national administrations,PT_W,Percentage of women,S1311,Central government,2023,2023,EMPPS_REP,Public employment and representation,2007,,42.5,,A,Normal value,0,Units,_Z,Not applicable,,
DATAFLOW,OECD.GOV.GIP:DSD_GOV@DF_GOV_EMPPS_REP_2023(1.0),"Public employment and representation - Government at a glance indicators, 2023 edition",I,A,Annual,SWE,Sweden,EMPW_SMP,Gender equality in senior management positions in national administrations,PT_W,Percentage of women,S1311,Central government,2023,2023,EMPPS_REP,Public employment and representation,2008,,42.9,,A,Normal value,0,Units,_Z,Not applicable,,
DATAFLOW,OECD.GOV.GIP:DSD_GOV@DF_GOV_EMPPS_REP_2023(1.0),"Public employment and representation - Government at a glance indicators, 2023 edition",I,A,Annual,SWE,Sweden,EMPW_SMP,Gender equality in senior management positions in national administrations,PT_W,Percentage of women,S1311,Central government,2023,2023,EMPPS_REP,Public employment and representation,2009,,43.9,,A,Normal value,0,Units,_Z,Not applicable,,
DATAFLOW,OECD.GOV.GIP:DSD_GOV@DF_GOV_EMPPS_REP_2023(1.0),"Public employment and representation - Government at a glance indicators, 2023 edition",I,A,Annual,SWE,Sweden,EMPW_SMP,Gender equality in senior management positions in national administrations,PT_W,Percentage of women,S1311,Central government,2023,2023,EMPPS_REP,Public employment and representation,2010,,43.6,,A,Normal value,0,Units,_Z,Not applicable,,
DATAFLOW,OECD.GOV.GIP:DSD_GOV@DF_GOV_EMPPS_REP_2023(1.0),"Public employment and representation - Government at a glance indicators, 2023 edition",I,A,Annual,SWE,Sweden,EMPW_SMP,Gender equality in senior management positions in national administrations,PT_W,Percentage of women,S1311,Central government,2023,2023,EMPPS_REP,Public employment and representation,2011,,44.8,,A,Normal value,0,Units,_Z,Not applicable,,
DATAFLOW,OECD.GOV.GIP:DSD_GOV@DF_GOV_EMPPS_REP_2023(1.0),"Public employment and representation - Government at a glance indicators, 2023 edition",I,A,Annual,SWE,Sweden,EMPW_SMP,Gender equality in senior management positions in national administrations,PT_W,Percentage of women,S1311,Central government,2023,2023,EMPPS_REP,Public employment and representation,2012,,45.8,,A,Normal value,0,Units,_Z,Not applicable,,
DATAFLOW,OECD.GOV.GIP:DSD_GOV@DF_GOV_EMPPS_REP_2023(1.0),"Public employment and representation - Government at a glance indicators, 2023 edition",I,A,Annual,SWE,Sweden,EMPW_SMP,Gender equality in senior management positions in national administrations,PT_W,Percentage of women,S1311,Central government,2023,2023,EMPPS_REP,Public employment and representation,2013,,46.1,,A,Normal value,0,Units,_Z,Not applicable,,
DATAFLOW,OECD.GOV.GIP:DSD_GOV@DF_GOV_EMPPS_REP_2023(1.0),"Public employment and representation - Government at a glance indicators, 2023 edition",I,A,Annual,SWE,Sweden,EMPW_SMP,Gender equality in senior management positions in national administrations,PT_W,Percentage of women,S1311,Central government,2023,2023,EMPPS_REP,Public employment and representation,2014,,48.1,,A,Normal value,0,Units,_Z,Not applicable,,
DATAFLOW,OECD.GOV.GIP:DSD_GOV@DF_GOV_EMPPS_REP_2023(1.0),"Public employment and representation - Government at a glance indicators, 2023 edition",I,A,Annual,SWE,Sweden,EMPW_SMP,Gender equality in senior management positions in national administrations,PT_W,Percentage of women,S1311,Central government,2023,2023,EMPPS_REP,Public employment and representation,2015,,50,,A,Normal value,0,Units,_Z,Not applicable,,
DATAFLOW,OECD.GOV.GIP:DSD_GOV@DF_GOV_EMPPS_REP_2023(1.0),"Public employment and representation - Government at a glance indicators, 2023 edition",I,A,Annual,SWE,Sweden,EMPW_SMP,Gender equality in senior management positions in national administrations,PT_W,Percentage of women,S1311,Central government,2023,2023,EMPPS_REP,Public employment and representation,2016,,49.7,,A,Normal value,0,Units,_Z,Not applicable,,
DATAFLOW,OECD.GOV.GIP:DSD_GOV@DF_GOV_EMPPS_REP_2023(1.0),"Public employment and representation - Government at a glance indicators, 2023 edition",I,A,Annual,SWE,Sweden,EMPW_SMP,Gender equality in senior management positions in national administrations,PT_W,Percentage of women,S1311,Central government,2023,2023,EMPPS_REP,Public employment and representation,2017,,53,,A,Normal value,0,Units,_Z,Not applicable,,
DATAFLOW,OECD.GOV.GIP:DSD_GOV@DF_GOV_EMPPS_REP_2023(1.0),"Public employment and representation - Government at a glance indicators, 2023 edition",I,A,Annual,SWE,Sweden,EMPW_SMP,Gender equality in senior management positions in national administrations,PT_W,Percentage of women,S1311,Central government,2023,2023,EMPPS_REP,Public employment and representation,2018,,54.3,,A,Normal value,0,Units,_Z,Not applicable,,
DATAFLOW,OECD.GOV.GIP:DSD_GOV@DF_GOV_EMPPS_REP_2023(1.0),"Public employment and representation - Government at a glance indicators, 2023 edition",I,A,Annual,SWE,Sweden,EMPW_SMP,Gender equality in senior management positions in national administrations,PT_W,Percentage of women,S1311,Central government,2023,2023,EMPPS_REP,Public employment and representation,2019,,49.7,,A,Normal value,0,Units,_Z,Not applicable,,
DATAFLOW,OECD.GOV.GIP:DSD_GOV@DF_GOV_EMPPS_REP_2023(1.0),"Public employment and representation - Government at a glance indicators, 2023 edition",I,A,Annual,SWE,Sweden,EMPW_SMP,Gender equality in senior management positions in national administrations,PT_W,Percentage of women,S1311,Central government,2023,2023,EMPPS_REP,Public employment and representation,2020,,49.7,,A,Normal value,0,Units,_Z,Not applicable,,
DATAFLOW,OECD.GOV.GIP:DSD_GOV@DF_GOV_EMPPS_REP_2023(1.0),"Public employment and representation - Government at a glance indicators, 2023 edition",I,A,Annual,SWE,Sweden,EMPW_SMP,Gender equality in senior management positions in national administrations,PT_W,Percentage of women,S1311,Central government,2023,2023,EMPPS_REP,Public employment and representation,2021,,48.9,,A,Normal value,0,Units,_Z,Not applicable,,
DATAFLOW,OECD.GOV.GIP:DSD_GOV@DF_GOV_EMPPS_REP_2023(1.0),"Public employment and representation - Government at a glance indicators, 2023 edition",I,A,Annual,SWE,Sweden,EMPW_SMP,Gender equality in senior management positions in national administrations,PT_W,Percentage of women,S1311,Central government,2023,2023,EMPPS_REP,Public employment and representation,2022,,51.7,,A,Normal value,0,Units,_Z,Not applicable,,
DATAFLOW,OECD.GOV.GIP:DSD_GOV@DF_GOV_EMPPS_REP_2023(1.0),"Public employment and representation - Government at a glance indicators, 2023 edition",I,A,Annual,SWE,Sweden,EMPWPS,Gender equality in public sector employment,PT_W,Percentage of women,S1ZS,Public sector,2023,2023,EMPPS_REP,Public employment and representation,2020,,77.51,,A,Normal value,0,Units,_Z,Not applicable,,
DATAFLOW,OECD.GOV.GIP:DSD_GOV@DF_GOV_EMPPS_REP_2023(1.0),"Public employment and representation - Government at a glance indicators, 2023 edition",I,A,Annual,SWE,Sweden,EMPWPS,Gender equality in public sector employment,PT_W,Percentage of women,S1ZS,Public sector,2023,2023,EMPPS_REP,Public employment and representation,2011,,72.42,,A,Normal value,0,Units,_Z,Not applicable,,
DATAFLOW,OECD.GOV.GIP:DSD_GOV@DF_GOV_EMPPS_REP_2023(1.0),"Public employment and representation - Government at a glance indicators, 2023 edition",I,A,Annual,SWE,Sweden,EMPW_PJ,Gender equality in professional judges,PT_W,Percentage of women,_Z,Not applicable,2023,2023,EMPPS_REP,Public employment and representation,2014,,49,,A,Normal value,0,Units,_Z,Not applicable,,
DATAFLOW,OECD.GOV.GIP:DSD_GOV@DF_GOV_EMPPS_REP_2023(1.0),"Public employment and representation - Government at a glance indicators, 2023 edition",I,A,Annual,SWE,Sweden,EMPW_PJ,Gender equality in professional judges,PT_W,Percentage of women,_Z,Not applicable,2023,2023,EMPPS_REP,Public employment and representation,2020,,55,,A,Normal value,0,Units,_Z,Not applicable,,
DATAFLOW,OECD.GOV.GIP:DSD_GOV@DF_GOV_EMPPS_REP_2023(1.0),"Public employment and representation - Government at a glance indicators, 2023 edition",I,A,Annual,SWE,Sweden,EMPW_PARL,Gender equality in parliament,PT_W,Percentage of women,_Z,Not applicable,2023,2023,EMPPS_REP,Public employment and representation,2002,,45,,A,Normal value,0,Units,_Z,Not applicable,,
DATAFLOW,OECD.GOV.GIP:DSD_GOV@DF_GOV_EMPPS_REP_2023(1.0),"Public employment and representation - Government at a glance indicators, 2023 edition",I,A,Annual,SWE,Sweden,EMPW_PARL,Gender equality in parliament,PT_W,Percentage of women,_Z,Not applicable,2023,2023,EMPPS_REP,Public employment and representation,2012,,44.7,,A,Normal value,0,Units,_Z,Not applicable,,
DATAFLOW,OECD.GOV.GIP:DSD_GOV@DF_GOV_EMPPS_REP_2023(1.0),"Public employment and representation - Government at a glance indicators, 2023 edition",I,A,Annual,SWE,Sweden,EMPW_PARL,Gender equality in parliament,PT_W,Percentage of women,_Z,Not applicable,2023,2023,EMPPS_REP,Public employment and representation,2015,,43.6,,A,Normal value,0,Units,_Z,Not applicable,,
DATAFLOW,OECD.GOV.GIP:DSD_GOV@DF_GOV_EMPPS_REP_2023(1.0),"Public employment and representation - Government at a glance indicators, 2023 edition",I,A,Annual,SWE,Sweden,EMPW_PARL,Gender equality in parliament,PT_W,Percentage of women,_Z,Not applicable,2023,2023,EMPPS_REP,Public employment and representation,2017,,43.6,,A,Normal value,0,Units,_Z,Not applicable,,
DATAFLOW,OECD.GOV.GIP:DSD_GOV@DF_GOV_EMPPS_REP_2023(1.0),"Public employment and representation - Government at a glance indicators, 2023 edition",I,A,Annual,SWE,Sweden,EMPW_PARL,Gender equality in parliament,PT_W,Percentage of women,_Z,Not applicable,2023,2023,EMPPS_REP,Public employment and representation,2019,,47.3,,A,Normal value,0,Units,_Z,Not applicable,,
DATAFLOW,OECD.GOV.GIP:DSD_GOV@DF_GOV_EMPPS_REP_2023(1.0),"Public employment and representation - Government at a glance indicators, 2023 edition",I,A,Annual,SWE,Sweden,EMPW_PARL,Gender equality in parliament,PT_W,Percentage of women,_Z,Not applicable,2023,2023,EMPPS_REP,Public employment and representation,2021,,47,,A,Normal value,0,Units,_Z,Not applicable,,
DATAFLOW,OECD.GOV.GIP:DSD_GOV@DF_GOV_EMPPS_REP_2023(1.0),"Public employment and representation - Government at a glance indicators, 2023 edition",I,A,Annual,CZE,Czechia,EMPW_SMP,Gender equality in senior management positions in national administrations,PT_W,Percentage of women,S1311,Central government,2023,2023,EMPPS_REP,Public employment and representation,2008,,25.5,,A,Normal value,0,Units,_Z,Not applicable,,
DATAFLOW,OECD.GOV.GIP:DSD_GOV@DF_GOV_EMPPS_REP_2023(1.0),"Public employment and representation - Government at a glance indicators, 2023 edition",I,A,Annual,CZE,Czechia,EMPW_SMP,Gender equality in senior management positions in national administrations,PT_W,Percentage of women,S1311,Central government,2023,2023,EMPPS_REP,Public employment and representation,2009,,31.3,,A,Normal value,0,Units,_Z,Not applicable,,
DATAFLOW,OECD.GOV.GIP:DSD_GOV@DF_GOV_EMPPS_REP_2023(1.0),"Public employment and representation - Government at a glance indicators, 2023 edition",I,A,Annual,CZE,Czechia,EMPW_SMP,Gender equality in senior management positions in national administrations,PT_W,Percentage of women,S1311,Central government,2023,2023,EMPPS_REP,Public employment and representation,2010,,28,,A,Normal value,0,Units,_Z,Not applicable,,
DATAFLOW,OECD.GOV.GIP:DSD_GOV@DF_GOV_EMPPS_REP_2023(1.0),"Public employment and representation - Government at a glance indicators, 2023 edition",I,A,Annual,CZE,Czechia,EMPW_SMP,Gender equality in senior management positions in national administrations,PT_W,Percentage of women,S1311,Central government,2023,2023,EMPPS_REP,Public employment and representation,2011,,27.8,,A,Normal value,0,Units,_Z,Not applicable,,
DATAFLOW,OECD.GOV.GIP:DSD_GOV@DF_GOV_EMPPS_REP_2023(1.0),"Public employment and representation - Government at a glance indicators, 2023 edition",I,A,Annual,CZE,Czechia,EMPW_SMP,Gender equality in senior management positions in national administrations,PT_W,Percentage of women,S1311,Central government,2023,2023,EMPPS_REP,Public employment and representation,2012,,27.8,,A,Normal value,0,Units,_Z,Not applicable,,
DATAFLOW,OECD.GOV.GIP:DSD_GOV@DF_GOV_EMPPS_REP_2023(1.0),"Public employment and representation - Government at a glance indicators, 2023 edition",I,A,Annual,CZE,Czechia,EMPW_SMP,Gender equality in senior management positions in national administrations,PT_W,Percentage of women,S1311,Central government,2023,2023,EMPPS_REP,Public employment and representation,2013,,27.8,,A,Normal value,0,Units,_Z,Not applicable,,
DATAFLOW,OECD.GOV.GIP:DSD_GOV@DF_GOV_EMPPS_REP_2023(1.0),"Public employment and representation - Government at a glance indicators, 2023 edition",I,A,Annual,CZE,Czechia,EMPW_SMP,Gender equality in senior management positions in national administrations,PT_W,Percentage of women,S1311,Central government,2023,2023,EMPPS_REP,Public employment and representation,2014,,29.4,,A,Normal value,0,Units,_Z,Not applicable,,
DATAFLOW,OECD.GOV.GIP:DSD_GOV@DF_GOV_EMPPS_REP_2023(1.0),"Public employment and representation - Government at a glance indicators, 2023 edition",I,A,Annual,CZE,Czechia,EMPW_SMP,Gender equality in senior management positions in national administrations,PT_W,Percentage of women,S1311,Central government,2023,2023,EMPPS_REP,Public employment and representation,2015,,30.8,,A,Normal value,0,Units,_Z,Not applicable,,
DATAFLOW,OECD.GOV.GIP:DSD_GOV@DF_GOV_EMPPS_REP_2023(1.0),"Public employment and representation - Government at a glance indicators, 2023 edition",I,A,Annual,CZE,Czechia,EMPW_SMP,Gender equality in senior management positions in national administrations,PT_W,Percentage of women,S1311,Central government,2023,2023,EMPPS_REP,Public employment and representation,2016,,30.3,,A,Normal value,0,Units,_Z,Not applicable,,
DATAFLOW,OECD.GOV.GIP:DSD_GOV@DF_GOV_EMPPS_REP_2023(1.0),"Public employment and representation - Government at a glance indicators, 2023 edition",I,A,Annual,CZE,Czechia,EMPW_SMP,Gender equality in senior management positions in national administrations,PT_W,Percentage of women,S1311,Central government,2023,2023,EMPPS_REP,Public employment and representation,2017,,30.9,,A,Normal value,0,Units,_Z,Not applicable,,
DATAFLOW,OECD.GOV.GIP:DSD_GOV@DF_GOV_EMPPS_REP_2023(1.0),"Public employment and representation - Government at a glance indicators, 2023 edition",I,A,Annual,CZE,Czechia,EMPW_SMP,Gender equality in senior management positions in national administrations,PT_W,Percentage of women,S1311,Central government,2023,2023,EMPPS_REP,Public employment and representation,2018,,31.6,,A,Normal value,0,Units,_Z,Not applicable,,
DATAFLOW,OECD.GOV.GIP:DSD_GOV@DF_GOV_EMPPS_REP_2023(1.0),"Public employment and representation - Government at a glance indicators, 2023 edition",I,A,Annual,CZE,Czechia,EMPW_SMP,Gender equality in senior management positions in national administrations,PT_W,Percentage of women,S1311,Central government,2023,2023,EMPPS_REP,Public employment and representation,2019,,29.7,,A,Normal value,0,Units,_Z,Not applicable,,
DATAFLOW,OECD.GOV.GIP:DSD_GOV@DF_GOV_EMPPS_REP_2023(1.0),"Public employment and representation - Government at a glance indicators, 2023 edition",I,A,Annual,CZE,Czechia,EMPW_SMP,Gender equality in senior management positions in national administrations,PT_W,Percentage of women,S1311,Central government,2023,2023,EMPPS_REP,Public employment and representation,2020,,31.7,,A,Normal value,0,Units,_Z,Not applicable,,
DATAFLOW,OECD.GOV.GIP:DSD_GOV@DF_GOV_EMPPS_REP_2023(1.0),"Public employment and representation - Government at a glance indicators, 2023 edition",I,A,Annual,CZE,Czechia,EMPW_SMP,Gender equality in senior management positions in national administrations,PT_W,Percentage of women,S1311,Central government,2023,2023,EMPPS_REP,Public employment and representation,2021,,28.3,,A,Normal value,0,Units,_Z,Not applicable,,
DATAFLOW,OECD.GOV.GIP:DSD_GOV@DF_GOV_EMPPS_REP_2023(1.0),"Public employment and representation - Government at a glance indicators, 2023 edition",I,A,Annual,CZE,Czechia,EMPW_SMP,Gender equality in senior management positions in national administrations,PT_W,Percentage of women,S1311,Central government,2023,2023,EMPPS_REP,Public employment and representation,2022,,29,,A,Normal value,0,Units,_Z,Not applicable,,
DATAFLOW,OECD.GOV.GIP:DSD_GOV@DF_GOV_EMPPS_REP_2023(1.0),"Public employment and representation - Government at a glance indicators, 2023 edition",I,A,Annual,CZE,Czechia,EMPW_PJ,Gender equality in professional judges,PT_W,Percentage of women,_Z,Not applicable,2023,2023,EMPPS_REP,Public employment and representation,2014,,61,,A,Normal value,0,Units,_Z,Not applicable,,
DATAFLOW,OECD.GOV.GIP:DSD_GOV@DF_GOV_EMPPS_REP_2023(1.0),"Public employment and representation - Government at a glance indicators, 2023 edition",I,A,Annual,CZE,Czechia,EMPW_PJ,Gender equality in professional judges,PT_W,Percentage of women,_Z,Not applicable,2023,2023,EMPPS_REP,Public employment and representation,2020,,60,,A,Normal value,0,Units,_Z,Not applicable,,
DATAFLOW,OECD.GOV.GIP:DSD_GOV@DF_GOV_EMPPS_REP_2023(1.0),"Public employment and representation - Government at a glance indicators, 2023 edition",I,A,Annual,CZE,Czechia,EMPW_PARL,Gender equality in parliament,PT_W,Percentage of women,_Z,Not applicable,2023,2023,EMPPS_REP,Public employment and representation,2002,,17,,A,Normal value,0,Units,_Z,Not applicable,,
DATAFLOW,OECD.GOV.GIP:DSD_GOV@DF_GOV_EMPPS_REP_2023(1.0),"Public employment and representation - Government at a glance indicators, 2023 edition",I,A,Annual,CZE,Czechia,EMPW_PARL,Gender equality in parliament,PT_W,Percentage of women,_Z,Not applicable,2023,2023,EMPPS_REP,Public employment and representation,2012,,22,,A,Normal value,0,Units,_Z,Not applicable,,
DATAFLOW,OECD.GOV.GIP:DSD_GOV@DF_GOV_EMPPS_REP_2023(1.0),"Public employment and representation - Government at a glance indicators, 2023 edition",I,A,Annual,CZE,Czechia,EMPW_PARL,Gender equality in parliament,PT_W,Percentage of women,_Z,Not applicable,2023,2023,EMPPS_REP,Public employment and representation,2015,,20,,A,Normal value,0,Units,_Z,Not applicable,,
DATAFLOW,OECD.GOV.GIP:DSD_GOV@DF_GOV_EMPPS_REP_2023(1.0),"Public employment and representation - Government at a glance indicators, 2023 edition",I,A,Annual,CZE,Czechia,EMPW_PARL,Gender equality in parliament,PT_W,Percentage of women,_Z,Not applicable,2023,2023,EMPPS_REP,Public employment and representation,2017,,20,,A,Normal value,0,Units,_Z,Not applicable,,
DATAFLOW,OECD.GOV.GIP:DSD_GOV@DF_GOV_EMPPS_REP_2023(1.0),"Public employment and representation - Government at a glance indicators, 2023 edition",I,A,Annual,CZE,Czechia,EMPW_PARL,Gender equality in parliament,PT_W,Percentage of women,_Z,Not applicable,2023,2023,EMPPS_REP,Public employment and representation,2019,,22.5,,A,Normal value,0,Units,_Z,Not applicable,,
DATAFLOW,OECD.GOV.GIP:DSD_GOV@DF_GOV_EMPPS_REP_2023(1.0),"Public employment and representation - Government at a glance indicators, 2023 edition",I,A,Annual,CZE,Czechia,EMPW_PARL,Gender equality in parliament,PT_W,Percentage of women,_Z,Not applicable,2023,2023,EMPPS_REP,Public employment and representation,2021,,23,,A,Normal value,0,Units,_Z,Not applicable,,
DATAFLOW,OECD.GOV.GIP:DSD_GOV@DF_GOV_EMPPS_REP_2023(1.0),"Public employment and representation - Government at a glance indicators, 2023 edition",I,A,Annual,CZE,Czechia,EMPW_PARL,Gender equality in parliament,PT_W,Percentage of women,_Z,Not applicable,2023,2023,EMPPS_REP,Public employment and representation,2023,,26,,A,Normal value,0,Units,_Z,Not applicable,,
DATAFLOW,OECD.GOV.GIP:DSD_GOV@DF_GOV_EMPPS_REP_2023(1.0),"Public employment and representation - Government at a glance indicators, 2023 edition",I,A,Annual,CZE,Czechia,EMPW_SMP,Gender equality in senior management positions in national administrations,PT_W,Percentage of women,S1311,Central government,2023,2023,EMPPS_REP,Public employment and representation,2007,,22.9,,A,Normal value,0,Units,_Z,Not applicable,,
DATAFLOW,OECD.GOV.GIP:DSD_GOV@DF_GOV_EMPPS_REP_2023(1.0),"Public employment and representation - Government at a glance indicators, 2023 edition",I,A,Annual,BEL,Belgium,EMPW_PARL,Gender equality in parliament,PT_W,Percentage of women,_Z,Not applicable,2023,2023,EMPPS_REP,Public employment and representation,2023,,42.7,,A,Normal value,0,Units,_Z,Not applicable,,
DATAFLOW,OECD.GOV.GIP:DSD_GOV@DF_GOV_EMPPS_REP_2023(1.0),"Public employment and representation - Government at a glance indicators, 2023 edition",I,A,Annual,BEL,Belgium,EMPW_SMP,Gender equality in senior management positions in national administrations,PT_W,Percentage of women,S1311,Central government,2023,2023,EMPPS_REP,Public employment and representation,2007,,11.7,,A,Normal value,0,Units,_Z,Not applicable,,
DATAFLOW,OECD.GOV.GIP:DSD_GOV@DF_GOV_EMPPS_REP_2023(1.0),"Public employment and representation - Government at a glance indicators, 2023 edition",I,A,Annual,BEL,Belgium,EMPW_SMP,Gender equality in senior management positions in national administrations,PT_W,Percentage of women,S1311,Central government,2023,2023,EMPPS_REP,Public employment and representation,2008,,12.3,,A,Normal value,0,Units,_Z,Not applicable,,
DATAFLOW,OECD.GOV.GIP:DSD_GOV@DF_GOV_EMPPS_REP_2023(1.0),"Public employment and representation - Government at a glance indicators, 2023 edition",I,A,Annual,BEL,Belgium,EMPW_SMP,Gender equality in senior management positions in national administrations,PT_W,Percentage of women,S1311,Central government,2023,2023,EMPPS_REP,Public employment and representation,2009,,14.7,,A,Normal value,0,Units,_Z,Not applicable,,
DATAFLOW,OECD.GOV.GIP:DSD_GOV@DF_GOV_EMPPS_REP_2023(1.0),"Public employment and representation - Government at a glance indicators, 2023 edition",I,A,Annual,BEL,Belgium,EMPW_SMP,Gender equality in senior management positions in national administrations,PT_W,Percentage of women,S1311,Central government,2023,2023,EMPPS_REP,Public employment and representation,2010,,12.5,,A,Normal value,0,Units,_Z,Not applicable,,
DATAFLOW,OECD.GOV.GIP:DSD_GOV@DF_GOV_EMPPS_REP_2023(1.0),"Public employment and representation - Government at a glance indicators, 2023 edition",I,A,Annual,BEL,Belgium,EMPW_SMP,Gender equality in senior management positions in national administrations,PT_W,Percentage of women,S1311,Central government,2023,2023,EMPPS_REP,Public employment and representation,2011,,11.9,,A,Normal value,0,Units,_Z,Not applicable,,
DATAFLOW,OECD.GOV.GIP:DSD_GOV@DF_GOV_EMPPS_REP_2023(1.0),"Public employment and representation - Government at a glance indicators, 2023 edition",I,A,Annual,BEL,Belgium,EMPW_SMP,Gender equality in senior management positions in national administrations,PT_W,Percentage of women,S1311,Central government,2023,2023,EMPPS_REP,Public employment and representation,2012,,10.8,,A,Normal value,0,Units,_Z,Not applicable,,
DATAFLOW,OECD.GOV.GIP:DSD_GOV@DF_GOV_EMPPS_REP_2023(1.0),"Public employment and representation - Government at a glance indicators, 2023 edition",I,A,Annual,BEL,Belgium,EMPW_SMP,Gender equality in senior management positions in national administrations,PT_W,Percentage of women,S1311,Central government,2023,2023,EMPPS_REP,Public employment and representation,2013,,11.3,,A,Normal value,0,Units,_Z,Not applicable,,
DATAFLOW,OECD.GOV.GIP:DSD_GOV@DF_GOV_EMPPS_REP_2023(1.0),"Public employment and representation - Government at a glance indicators, 2023 edition",I,A,Annual,BEL,Belgium,EMPW_SMP,Gender equality in senior management positions in national administrations,PT_W,Percentage of women,S1311,Central government,2023,2023,EMPPS_REP,Public employment and representation,2014,,13,,A,Normal value,0,Units,_Z,Not applicable,,
DATAFLOW,OECD.GOV.GIP:DSD_GOV@DF_GOV_EMPPS_REP_2023(1.0),"Public employment and representation - Government at a glance indicators, 2023 edition",I,A,Annual,BEL,Belgium,EMPW_SMP,Gender equality in senior management positions in national administrations,PT_W,Percentage of women,S1311,Central government,2023,2023,EMPPS_REP,Public employment and representation,2015,,12.7,,A,Normal value,0,Units,_Z,Not applicable,,
DATAFLOW,OECD.GOV.GIP:DSD_GOV@DF_GOV_EMPPS_REP_2023(1.0),"Public employment and representation - Government at a glance indicators, 2023 edition",I,A,Annual,BEL,Belgium,EMPW_SMP,Gender equality in senior management positions in national administrations,PT_W,Percentage of women,S1311,Central government,2023,2023,EMPPS_REP,Public employment and representation,2016,,16.9,,A,Normal value,0,Units,_Z,Not applicable,,
DATAFLOW,OECD.GOV.GIP:DSD_GOV@DF_GOV_EMPPS_REP_2023(1.0),"Public employment and representation - Government at a glance indicators, 2023 edition",I,A,Annual,BEL,Belgium,EMPW_SMP,Gender equality in senior management positions in national administrations,PT_W,Percentage of women,S1311,Central government,2023,2023,EMPPS_REP,Public employment and representation,2017,,18.6,,A,Normal value,0,Units,_Z,Not applicable,,
DATAFLOW,OECD.GOV.GIP:DSD_GOV@DF_GOV_EMPPS_REP_2023(1.0),"Public employment and representation - Government at a glance indicators, 2023 edition",I,A,Annual,BEL,Belgium,EMPW_SMP,Gender equality in senior management positions in national administrations,PT_W,Percentage of women,S1311,Central government,2023,2023,EMPPS_REP,Public employment and representation,2018,,19.4,,A,Normal value,0,Units,_Z,Not applicable,,
DATAFLOW,OECD.GOV.GIP:DSD_GOV@DF_GOV_EMPPS_REP_2023(1.0),"Public employment and representation - Government at a glance indicators, 2023 edition",I,A,Annual,BEL,Belgium,EMPW_SMP,Gender equality in senior management positions in national administrations,PT_W,Percentage of women,S1311,Central government,2023,2023,EMPPS_REP,Public employment and representation,2019,,21.4,,A,Normal value,0,Units,_Z,Not applicable,,
DATAFLOW,OECD.GOV.GIP:DSD_GOV@DF_GOV_EMPPS_REP_2023(1.0),"Public employment and representation - Government at a glance indicators, 2023 edition",I,A,Annual,BEL,Belgium,EMPW_SMP,Gender equality in senior management positions in national administrations,PT_W,Percentage of women,S1311,Central government,2023,2023,EMPPS_REP,Public employment and representation,2020,,22.4,,A,Normal value,0,Units,_Z,Not applicable,,
DATAFLOW,OECD.GOV.GIP:DSD_GOV@DF_GOV_EMPPS_REP_2023(1.0),"Public employment and representation - Government at a glance indicators, 2023 edition",I,A,Annual,BEL,Belgium,EMPW_SMP,Gender equality in senior management positions in national administrations,PT_W,Percentage of women,S1311,Central government,2023,2023,EMPPS_REP,Public employment and representation,2021,,25.3,,A,Normal value,0,Units,_Z,Not applicable,,
DATAFLOW,OECD.GOV.GIP:DSD_GOV@DF_GOV_EMPPS_REP_2023(1.0),"Public employment and representation - Government at a glance indicators, 2023 edition",I,A,Annual,BEL,Belgium,EMPW_SMP,Gender equality in senior management positions in national administrations,PT_W,Percentage of women,S1311,Central government,2023,2023,EMPPS_REP,Public employment and representation,2022,,25.7,,A,Normal value,0,Units,_Z,Not applicable,,
DATAFLOW,OECD.GOV.GIP:DSD_GOV@DF_GOV_EMPPS_REP_2023(1.0),"Public employment and representation - Government at a glance indicators, 2023 edition",I,A,Annual,BEL,Belgium,EMPWPS,Gender equality in public sector employment,PT_W,Percentage of women,S1ZS,Public sector,2023,2023,EMPPS_REP,Public employment and representation,2020,,57.23,,A,Normal value,0,Units,_Z,Not applicable,,
DATAFLOW,OECD.GOV.GIP:DSD_GOV@DF_GOV_EMPPS_REP_2023(1.0),"Public employment and representation - Government at a glance indicators, 2023 edition",I,A,Annual,BEL,Belgium,EMPWPS,Gender equality in public sector employment,PT_W,Percentage of women,S1ZS,Public sector,2023,2023,EMPPS_REP,Public employment and representation,2011,,55.26,,A,Normal value,0,Units,_Z,Not applicable,,
DATAFLOW,OECD.GOV.GIP:DSD_GOV@DF_GOV_EMPPS_REP_2023(1.0),"Public employment and representation - Government at a glance indicators, 2023 edition",I,A,Annual,BEL,Belgium,EMPW_PJ,Gender equality in professional judges,PT_W,Percentage of women,_Z,Not applicable,2023,2023,EMPPS_REP,Public employment and representation,2014,,52,,A,Normal value,0,Units,_Z,Not applicable,,
DATAFLOW,OECD.GOV.GIP:DSD_GOV@DF_GOV_EMPPS_REP_2023(1.0),"Public employment and representation - Government at a glance indicators, 2023 edition",I,A,Annual,BEL,Belgium,EMPW_PJ,Gender equality in professional judges,PT_W,Percentage of women,_Z,Not applicable,2023,2023,EMPPS_REP,Public employment and representation,2020,,58,,A,Normal value,0,Units,_Z,Not applicable,,
DATAFLOW,OECD.GOV.GIP:DSD_GOV@DF_GOV_EMPPS_REP_2023(1.0),"Public employment and representation - Government at a glance indicators, 2023 edition",I,A,Annual,BEL,Belgium,EMPW_PARL,Gender equality in parliament,PT_W,Percentage of women,_Z,Not applicable,2023,2023,EMPPS_REP,Public employment and representation,2002,,23.3,,A,Normal value,0,Units,_Z,Not applicable,,
DATAFLOW,OECD.GOV.GIP:DSD_GOV@DF_GOV_EMPPS_REP_2023(1.0),"Public employment and representation - Government at a glance indicators, 2023 edition",I,A,Annual,BEL,Belgium,EMPW_PARL,Gender equality in parliament,PT_W,Percentage of women,_Z,Not applicable,2023,2023,EMPPS_REP,Public employment and representation,2012,,38,,A,Normal value,0,Units,_Z,Not applicable,,
DATAFLOW,OECD.GOV.GIP:DSD_GOV@DF_GOV_EMPPS_REP_2023(1.0),"Public employment and representation - Government at a glance indicators, 2023 edition",I,A,Annual,BEL,Belgium,EMPW_PARL,Gender equality in parliament,PT_W,Percentage of women,_Z,Not applicable,2023,2023,EMPPS_REP,Public employment and representation,2015,,39.3,,A,Normal value,0,Units,_Z,Not applicable,,
DATAFLOW,OECD.GOV.GIP:DSD_GOV@DF_GOV_EMPPS_REP_2023(1.0),"Public employment and representation - Government at a glance indicators, 2023 edition",I,A,Annual,BEL,Belgium,EMPW_PARL,Gender equality in parliament,PT_W,Percentage of women,_Z,Not applicable,2023,2023,EMPPS_REP,Public employment and representation,2017,,38,,A,Normal value,0,Units,_Z,Not applicable,,
DATAFLOW,OECD.GOV.GIP:DSD_GOV@DF_GOV_EMPPS_REP_2023(1.0),"Public employment and representation - Government at a glance indicators, 2023 edition",I,A,Annual,BEL,Belgium,EMPW_PARL,Gender equality in parliament,PT_W,Percentage of women,_Z,Not applicable,2023,2023,EMPPS_REP,Public employment and representation,2019,,38,,A,Normal value,0,Units,_Z,Not applicable,,
DATAFLOW,OECD.GOV.GIP:DSD_GOV@DF_GOV_EMPPS_REP_2023(1.0),"Public employment and representation - Government at a glance indicators, 2023 edition",I,A,Annual,BEL,Belgium,EMPW_PARL,Gender equality in parliament,PT_W,Percentage of women,_Z,Not applicable,2023,2023,EMPPS_REP,Public employment and representation,2021,,42,,A,Normal value,0,Units,_Z,Not applicable,,
DATAFLOW,OECD.GOV.GIP:DSD_GOV@DF_GOV_EMPPS_REP_2023(1.0),"Public employment and representation - Government at a glance indicators, 2023 edition",I,A,Annual,ITA,Italy,EMPW_PARL,Gender equality in parliament,PT_W,Percentage of women,_Z,Not applicable,2023,2023,EMPPS_REP,Public employment and representation,2023,,32.3,,A,Normal value,0,Units,_Z,Not applicable,,
DATAFLOW,OECD.GOV.GIP:DSD_GOV@DF_GOV_EMPPS_REP_2023(1.0),"Public employment and representation - Government at a glance indicators, 2023 edition",I,A,Annual,ITA,Italy,EMPW_SMP,Gender equality in senior management positions in national administrations,PT_W,Percentage of women,S1311,Central government,2023,2023,EMPPS_REP,Public employment and representation,2007,,34.3,,A,Normal value,0,Units,_Z,Not applicable,,
DATAFLOW,OECD.GOV.GIP:DSD_GOV@DF_GOV_EMPPS_REP_2023(1.0),"Public employment and representation - Government at a glance indicators, 2023 edition",I,A,Annual,ITA,Italy,EMPW_SMP,Gender equality in senior management positions in national administrations,PT_W,Percentage of women,S1311,Central government,2023,2023,EMPPS_REP,Public employment and representation,2008,,34.5,,A,Normal value,0,Units,_Z,Not applicable,,
DATAFLOW,OECD.GOV.GIP:DSD_GOV@DF_GOV_EMPPS_REP_2023(1.0),"Public employment and representation - Government at a glance indicators, 2023 edition",I,A,Annual,ITA,Italy,EMPW_SMP,Gender equality in senior management positions in national administrations,PT_W,Percentage of women,S1311,Central government,2023,2023,EMPPS_REP,Public employment and representation,2009,,27.3,,A,Normal value,0,Units,_Z,Not applicable,,
DATAFLOW,OECD.GOV.GIP:DSD_GOV@DF_GOV_EMPPS_REP_2023(1.0),"Public employment and representation - Government at a glance indicators, 2023 edition",I,A,Annual,ITA,Italy,EMPW_SMP,Gender equality in senior management positions in national administrations,PT_W,Percentage of women,S1311,Central government,2023,2023,EMPPS_REP,Public employment and representation,2010,,27.3,,A,Normal value,0,Units,_Z,Not applicable,,
DATAFLOW,OECD.GOV.GIP:DSD_GOV@DF_GOV_EMPPS_REP_2023(1.0),"Public employment and representation - Government at a glance indicators, 2023 edition",I,A,Annual,ITA,Italy,EMPW_SMP,Gender equality in senior management positions in national administrations,PT_W,Percentage of women,S1311,Central government,2023,2023,EMPPS_REP,Public employment and representation,2011,,31.5,,A,Normal value,0,Units,_Z,Not applicable,,
DATAFLOW,OECD.GOV.GIP:DSD_GOV@DF_GOV_EMPPS_REP_2023(1.0),"Public employment and representation - Government at a glance indicators, 2023 edition",I,A,Annual,ITA,Italy,EMPW_SMP,Gender equality in senior management positions in national administrations,PT_W,Percentage of women,S1311,Central government,2023,2023,EMPPS_REP,Public employment and representation,2012,,31.9,,A,Normal value,0,Units,_Z,Not applicable,,
DATAFLOW,OECD.GOV.GIP:DSD_GOV@DF_GOV_EMPPS_REP_2023(1.0),"Public employment and representation - Government at a glance indicators, 2023 edition",I,A,Annual,ITA,Italy,EMPW_SMP,Gender equality in senior management positions in national administrations,PT_W,Percentage of women,S1311,Central government,2023,2023,EMPPS_REP,Public employment and representation,2013,,30.5,,A,Normal value,0,Units,_Z,Not applicable,,
DATAFLOW,OECD.GOV.GIP:DSD_GOV@DF_GOV_EMPPS_REP_2023(1.0),"Public employment and representation - Government at a glance indicators, 2023 edition",I,A,Annual,ITA,Italy,EMPW_SMP,Gender equality in senior management positions in national administrations,PT_W,Percentage of women,S1311,Central government,2023,2023,EMPPS_REP,Public employment and representation,2014,,32.4,,A,Normal value,0,Units,_Z,Not applicable,,
DATAFLOW,OECD.GOV.GIP:DSD_GOV@DF_GOV_EMPPS_REP_2023(1.0),"Public employment and representation - Government at a glance indicators, 2023 edition",I,A,Annual,ITA,Italy,EMPW_SMP,Gender equality in senior management positions in national administrations,PT_W,Percentage of women,S1311,Central government,2023,2023,EMPPS_REP,Public employment and representation,2015,,31.5,,A,Normal value,0,Units,_Z,Not applicable,,
DATAFLOW,OECD.GOV.GIP:DSD_GOV@DF_GOV_EMPPS_REP_2023(1.0),"Public employment and representation - Government at a glance indicators, 2023 edition",I,A,Annual,ITA,Italy,EMPW_SMP,Gender equality in senior management positions in national administrations,PT_W,Percentage of women,S1311,Central government,2023,2023,EMPPS_REP,Public employment and representation,2016,,30.3,,A,Normal value,0,Units,_Z,Not applicable,,
DATAFLOW,OECD.GOV.GIP:DSD_GOV@DF_GOV_EMPPS_REP_2023(1.0),"Public employment and representation - Government at a glance indicators, 2023 edition",I,A,Annual,ITA,Italy,EMPW_SMP,Gender equality in senior management positions in national administrations,PT_W,Percentage of women,S1311,Central government,2023,2023,EMPPS_REP,Public employment and representation,2017,,30.8,,A,Normal value,0,Units,_Z,Not applicable,,
DATAFLOW,OECD.GOV.GIP:DSD_GOV@DF_GOV_EMPPS_REP_2023(1.0),"Public employment and representation - Government at a glance indicators, 2023 edition",I,A,Annual,ITA,Italy,EMPW_SMP,Gender equality in senior management positions in national administrations,PT_W,Percentage of women,S1311,Central government,2023,2023,EMPPS_REP,Public employment and representation,2018,,36.2,,A,Normal value,0,Units,_Z,Not applicable,,
DATAFLOW,OECD.GOV.GIP:DSD_GOV@DF_GOV_EMPPS_REP_2023(1.0),"Public employment and representation - Government at a glance indicators, 2023 edition",I,A,Annual,ITA,Italy,EMPW_SMP,Gender equality in senior management positions in national administrations,PT_W,Percentage of women,S1311,Central government,2023,2023,EMPPS_REP,Public employment and representation,2019,,37.9,,A,Normal value,0,Units,_Z,Not applicable,,
DATAFLOW,OECD.GOV.GIP:DSD_GOV@DF_GOV_EMPPS_REP_2023(1.0),"Public employment and representation - Government at a glance indicators, 2023 edition",I,A,Annual,ITA,Italy,EMPW_SMP,Gender equality in senior management positions in national administrations,PT_W,Percentage of women,S1311,Central government,2023,2023,EMPPS_REP,Public employment and representation,2020,,37.9,,A,Normal value,0,Units,_Z,Not applicable,,
DATAFLOW,OECD.GOV.GIP:DSD_GOV@DF_GOV_EMPPS_REP_2023(1.0),"Public employment and representation - Government at a glance indicators, 2023 edition",I,A,Annual,ITA,Italy,EMPW_SMP,Gender equality in senior management positions in national administrations,PT_W,Percentage of women,S1311,Central government,2023,2023,EMPPS_REP,Public employment and representation,2021,,32.1,,A,Normal value,0,Units,_Z,Not applicable,,
DATAFLOW,OECD.GOV.GIP:DSD_GOV@DF_GOV_EMPPS_REP_2023(1.0),"Public employment and representation - Government at a glance indicators, 2023 edition",I,A,Annual,ITA,Italy,EMPW_SMP,Gender equality in senior management positions in national administrations,PT_W,Percentage of women,S1311,Central government,2023,2023,EMPPS_REP,Public employment and representation,2022,,35.5,,A,Normal value,0,Units,_Z,Not applicable,,
DATAFLOW,OECD.GOV.GIP:DSD_GOV@DF_GOV_EMPPS_REP_2023(1.0),"Public employment and representation - Government at a glance indicators, 2023 edition",I,A,Annual,ITA,Italy,EMPWPS,Gender equality in public sector employment,PT_W,Percentage of women,S1ZS,Public sector,2023,2023,EMPPS_REP,Public employment and representation,2020,,58.82,,A,Normal value,0,Units,_Z,Not applicable,,
DATAFLOW,OECD.GOV.GIP:DSD_GOV@DF_GOV_EMPPS_REP_2023(1.0),"Public employment and representation - Government at a glance indicators, 2023 edition",I,A,Annual,ITA,Italy,EMPWPS,Gender equality in public sector employment,PT_W,Percentage of women,S1ZS,Public sector,2023,2023,EMPPS_REP,Public employment and representation,2011,,55.02,,A,Normal value,0,Units,_Z,Not applicable,,
DATAFLOW,OECD.GOV.GIP:DSD_GOV@DF_GOV_EMPPS_REP_2023(1.0),"Public employment and representation - Government at a glance indicators, 2023 edition",I,A,Annual,ITA,Italy,EMPW_PJ,Gender equality in professional judges,PT_W,Percentage of women,_Z,Not applicable,2023,2023,EMPPS_REP,Public employment and representation,2014,,52,,A,Normal value,0,Units,_Z,Not applicable,,
DATAFLOW,OECD.GOV.GIP:DSD_GOV@DF_GOV_EMPPS_REP_2023(1.0),"Public employment and representation - Government at a glance indicators, 2023 edition",I,A,Annual,ITA,Italy,EMPW_PJ,Gender equality in professional judges,PT_W,Percentage of women,_Z,Not applicable,2023,2023,EMPPS_REP,Public employment and representation,2020,,56,,A,Normal value,0,Units,_Z,Not applicable,,
DATAFLOW,OECD.GOV.GIP:DSD_GOV@DF_GOV_EMPPS_REP_2023(1.0),"Public employment and representation - Government at a glance indicators, 2023 edition",I,A,Annual,ITA,Italy,EMPW_PARL,Gender equality in parliament,PT_W,Percentage of women,_Z,Not applicable,2023,2023,EMPPS_REP,Public employment and representation,2002,,9.8,,A,Normal value,0,Units,_Z,Not applicable,,
DATAFLOW,OECD.GOV.GIP:DSD_GOV@DF_GOV_EMPPS_REP_2023(1.0),"Public employment and representation - Government at a glance indicators, 2023 edition",I,A,Annual,ITA,Italy,EMPW_PARL,Gender equality in parliament,PT_W,Percentage of women,_Z,Not applicable,2023,2023,EMPPS_REP,Public employment and representation,2012,,21.6,,A,Normal value,0,Units,_Z,Not applicable,,
DATAFLOW,OECD.GOV.GIP:DSD_GOV@DF_GOV_EMPPS_REP_2023(1.0),"Public employment and representation - Government at a glance indicators, 2023 edition",I,A,Annual,ITA,Italy,EMPW_PARL,Gender equality in parliament,PT_W,Percentage of women,_Z,Not applicable,2023,2023,EMPPS_REP,Public employment and representation,2015,,31,,A,Normal value,0,Units,_Z,Not applicable,,
DATAFLOW,OECD.GOV.GIP:DSD_GOV@DF_GOV_EMPPS_REP_2023(1.0),"Public employment and representation - Government at a glance indicators, 2023 edition",I,A,Annual,ITA,Italy,EMPW_PARL,Gender equality in parliament,PT_W,Percentage of women,_Z,Not applicable,2023,2023,EMPPS_REP,Public employment and representation,2017,,31,,A,Normal value,0,Units,_Z,Not applicable,,
DATAFLOW,OECD.GOV.GIP:DSD_GOV@DF_GOV_EMPPS_REP_2023(1.0),"Public employment and representation - Government at a glance indicators, 2023 edition",I,A,Annual,ITA,Italy,EMPW_PARL,Gender equality in parliament,PT_W,Percentage of women,_Z,Not applicable,2023,2023,EMPPS_REP,Public employment and representation,2019,,35.7,,A,Normal value,0,Units,_Z,Not applicable,,
DATAFLOW,OECD.GOV.GIP:DSD_GOV@DF_GOV_EMPPS_REP_2023(1.0),"Public employment and representation - Government at a glance indicators, 2023 edition",I,A,Annual,ITA,Italy,EMPW_PARL,Gender equality in parliament,PT_W,Percentage of women,_Z,Not applicable,2023,2023,EMPPS_REP,Public employment and representation,2021,,35.7,,A,Normal value,0,Units,_Z,Not applicable,,
DATAFLOW,OECD.GOV.GIP:DSD_GOV@DF_GOV_EMPPS_REP_2023(1.0),"Public employment and representation - Government at a glance indicators, 2023 edition",I,A,Annual,CRI,Costa Rica,EMPWPS,Gender equality in public sector employment,PT_W,Percentage of women,S1ZS,Public sector,2023,2023,EMPPS_REP,Public employment and representation,2020,,52.67,,A,Normal value,0,Units,_Z,Not applicable,,
DATAFLOW,OECD.GOV.GIP:DSD_GOV@DF_GOV_EMPPS_REP_2023(1.0),"Public employment and representation - Government at a glance indicators, 2023 edition",I,A,Annual,CRI,Costa Rica,EMPWPS,Gender equality in public sector employment,PT_W,Percentage of women,S1ZS,Public sector,2023,2023,EMPPS_REP,Public employment and representation,2011,,48.04,,A,Normal value,0,Units,_Z,Not applicable,,
DATAFLOW,OECD.GOV.GIP:DSD_GOV@DF_GOV_EMPPS_REP_2023(1.0),"Public employment and representation - Government at a glance indicators, 2023 edition",I,A,Annual,CRI,Costa Rica,EMPW_PARL,Gender equality in parliament,PT_W,Percentage of women,_Z,Not applicable,2023,2023,EMPPS_REP,Public employment and representation,2002,,35.1,,A,Normal value,0,Units,_Z,Not applicable,,
DATAFLOW,OECD.GOV.GIP:DSD_GOV@DF_GOV_EMPPS_REP_2023(1.0),"Public employment and representation - Government at a glance indicators, 2023 edition",I,A,Annual,CRI,Costa Rica,EMPW_PARL,Gender equality in parliament,PT_W,Percentage of women,_Z,Not applicable,2023,2023,EMPPS_REP,Public employment and representation,2012,,38.6,,A,Normal value,0,Units,_Z,Not applicable,,
DATAFLOW,OECD.GOV.GIP:DSD_GOV@DF_GOV_EMPPS_REP_2023(1.0),"Public employment and representation - Government at a glance indicators, 2023 edition",I,A,Annual,CRI,Costa Rica,EMPW_PARL,Gender equality in parliament,PT_W,Percentage of women,_Z,Not applicable,2023,2023,EMPPS_REP,Public employment and representation,2015,,33.3,,A,Normal value,0,Units,_Z,Not applicable,,
DATAFLOW,OECD.GOV.GIP:DSD_GOV@DF_GOV_EMPPS_REP_2023(1.0),"Public employment and representation - Government at a glance indicators, 2023 edition",I,A,Annual,CRI,Costa Rica,EMPW_PARL,Gender equality in parliament,PT_W,Percentage of women,_Z,Not applicable,2023,2023,EMPPS_REP,Public employment and representation,2017,,35.1,,A,Normal value,0,Units,_Z,Not applicable,,
DATAFLOW,OECD.GOV.GIP:DSD_GOV@DF_GOV_EMPPS_REP_2023(1.0),"Public employment and representation - Government at a glance indicators, 2023 edition",I,A,Annual,CRI,Costa Rica,EMPW_PARL,Gender equality in parliament,PT_W,Percentage of women,_Z,Not applicable,2023,2023,EMPPS_REP,Public employment and representation,2019,,45.6,,A,Normal value,0,Units,_Z,Not applicable,,
DATAFLOW,OECD.GOV.GIP:DSD_GOV@DF_GOV_EMPPS_REP_2023(1.0),"Public employment and representation - Government at a glance indicators, 2023 edition",I,A,Annual,CRI,Costa Rica,EMPW_PARL,Gender equality in parliament,PT_W,Percentage of women,_Z,Not applicable,2023,2023,EMPPS_REP,Public employment and representation,2021,,45.6,,A,Normal value,0,Units,_Z,Not applicable,,
DATAFLOW,OECD.GOV.GIP:DSD_GOV@DF_GOV_EMPPS_REP_2023(1.0),"Public employment and representation - Government at a glance indicators, 2023 edition",I,A,Annual,CRI,Costa Rica,EMPW_PARL,Gender equality in parliament,PT_W,Percentage of women,_Z,Not applicable,2023,2023,EMPPS_REP,Public employment and representation,2023,,47.4,,A,Normal value,0,Units,_Z,Not applicable,,
DATAFLOW,OECD.GOV.GIP:DSD_GOV@DF_GOV_EMPPS_REP_2023(1.0),"Public employment and representation - Government at a glance indicators, 2023 edition",I,A,Annual,POL,Poland,EMPW_SMP,Gender equality in senior management positions in national administrations,PT_W,Percentage of women,S1311,Central government,2023,2023,EMPPS_REP,Public employment and representation,2008,,39.6,,A,Normal value,0,Units,_Z,Not applicable,,
DATAFLOW,OECD.GOV.GIP:DSD_GOV@DF_GOV_EMPPS_REP_2023(1.0),"Public employment and representation - Government at a glance indicators, 2023 edition",I,A,Annual,POL,Poland,EMPW_SMP,Gender equality in senior management positions in national administrations,PT_W,Percentage of women,S1311,Central government,2023,2023,EMPPS_REP,Public employment and representation,2009,,40.4,,A,Normal value,0,Units,_Z,Not applicable,,
DATAFLOW,OECD.GOV.GIP:DSD_GOV@DF_GOV_EMPPS_REP_2023(1.0),"Public employment and representation - Government at a glance indicators, 2023 edition",I,A,Annual,POL,Poland,EMPW_SMP,Gender equality in senior management positions in national administrations,PT_W,Percentage of women,S1311,Central government,2023,2023,EMPPS_REP,Public employment and representation,2010,,38.8,,A,Normal value,0,Units,_Z,Not applicable,,
DATAFLOW,OECD.GOV.GIP:DSD_GOV@DF_GOV_EMPPS_REP_2023(1.0),"Public employment and representation - Government at a glance indicators, 2023 edition",I,A,Annual,POL,Poland,EMPW_SMP,Gender equality in senior management positions in national administrations,PT_W,Percentage of women,S1311,Central government,2023,2023,EMPPS_REP,Public employment and representation,2011,,40.8,,A,Normal value,0,Units,_Z,Not applicable,,
DATAFLOW,OECD.GOV.GIP:DSD_GOV@DF_GOV_EMPPS_REP_2023(1.0),"Public employment and representation - Government at a glance indicators, 2023 edition",I,A,Annual,POL,Poland,EMPW_SMP,Gender equality in senior management positions in national administrations,PT_W,Percentage of women,S1311,Central government,2023,2023,EMPPS_REP,Public employment and representation,2012,,41.1,,A,Normal value,0,Units,_Z,Not applicable,,
DATAFLOW,OECD.GOV.GIP:DSD_GOV@DF_GOV_EMPPS_REP_2023(1.0),"Public employment and representation - Government at a glance indicators, 2023 edition",I,A,Annual,POL,Poland,EMPW_SMP,Gender equality in senior management positions in national administrations,PT_W,Percentage of women,S1311,Central government,2023,2023,EMPPS_REP,Public employment and representation,2013,,41.2,,A,Normal value,0,Units,_Z,Not applicable,,
DATAFLOW,OECD.GOV.GIP:DSD_GOV@DF_GOV_EMPPS_REP_2023(1.0),"Public employment and representation - Government at a glance indicators, 2023 edition",I,A,Annual,POL,Poland,EMPW_SMP,Gender equality in senior management positions in national administrations,PT_W,Percentage of women,S1311,Central government,2023,2023,EMPPS_REP,Public employment and representation,2014,,38.3,,A,Normal value,0,Units,_Z,Not applicable,,
DATAFLOW,OECD.GOV.GIP:DSD_GOV@DF_GOV_EMPPS_REP_2023(1.0),"Public employment and representation - Government at a glance indicators, 2023 edition",I,A,Annual,POL,Poland,EMPW_SMP,Gender equality in senior management positions in national administrations,PT_W,Percentage of women,S1311,Central government,2023,2023,EMPPS_REP,Public employment and representation,2015,,40.4,,A,Normal value,0,Units,_Z,Not applicable,,
DATAFLOW,OECD.GOV.GIP:DSD_GOV@DF_GOV_EMPPS_REP_2023(1.0),"Public employment and representation - Government at a glance indicators, 2023 edition",I,A,Annual,POL,Poland,EMPW_SMP,Gender equality in senior management positions in national administrations,PT_W,Percentage of women,S1311,Central government,2023,2023,EMPPS_REP,Public employment and representation,2016,,46.3,,A,Normal value,0,Units,_Z,Not applicable,,
DATAFLOW,OECD.GOV.GIP:DSD_GOV@DF_GOV_EMPPS_REP_2023(1.0),"Public employment and representation - Government at a glance indicators, 2023 edition",I,A,Annual,POL,Poland,EMPW_SMP,Gender equality in senior management positions in national administrations,PT_W,Percentage of women,S1311,Central government,2023,2023,EMPPS_REP,Public employment and representation,2017,,49.1,,A,Normal value,0,Units,_Z,Not applicable,,
DATAFLOW,OECD.GOV.GIP:DSD_GOV@DF_GOV_EMPPS_REP_2023(1.0),"Public employment and representation - Government at a glance indicators, 2023 edition",I,A,Annual,POL,Poland,EMPW_SMP,Gender equality in senior management positions in national administrations,PT_W,Percentage of women,S1311,Central government,2023,2023,EMPPS_REP,Public employment and representation,2018,,47.6,,A,Normal value,0,Units,_Z,Not applicable,,
DATAFLOW,OECD.GOV.GIP:DSD_GOV@DF_GOV_EMPPS_REP_2023(1.0),"Public employment and representation - Government at a glance indicators, 2023 edition",I,A,Annual,POL,Poland,EMPW_SMP,Gender equality in senior management positions in national administrations,PT_W,Percentage of women,S1311,Central government,2023,2023,EMPPS_REP,Public employment and representation,2019,,45.2,,A,Normal value,0,Units,_Z,Not applicable,,
DATAFLOW,OECD.GOV.GIP:DSD_GOV@DF_GOV_EMPPS_REP_2023(1.0),"Public employment and representation - Government at a glance indicators, 2023 edition",I,A,Annual,POL,Poland,EMPW_SMP,Gender equality in senior management positions in national administrations,PT_W,Percentage of women,S1311,Central government,2023,2023,EMPPS_REP,Public employment and representation,2020,,45.2,,A,Normal value,0,Units,_Z,Not applicable,,
DATAFLOW,OECD.GOV.GIP:DSD_GOV@DF_GOV_EMPPS_REP_2023(1.0),"Public employment and representation - Government at a glance indicators, 2023 edition",I,A,Annual,POL,Poland,EMPW_SMP,Gender equality in senior management positions in national administrations,PT_W,Percentage of women,S1311,Central government,2023,2023,EMPPS_REP,Public employment and representation,2021,,45.2,,A,Normal value,0,Units,_Z,Not applicable,,
DATAFLOW,OECD.GOV.GIP:DSD_GOV@DF_GOV_EMPPS_REP_2023(1.0),"Public employment and representation - Government at a glance indicators, 2023 edition",I,A,Annual,POL,Poland,EMPW_SMP,Gender equality in senior management positions in national administrations,PT_W,Percentage of women,S1311,Central government,2023,2023,EMPPS_REP,Public employment and representation,2022,,44,,A,Normal value,0,Units,_Z,Not applicable,,
DATAFLOW,OECD.GOV.GIP:DSD_GOV@DF_GOV_EMPPS_REP_2023(1.0),"Public employment and representation - Government at a glance indicators, 2023 edition",I,A,Annual,POL,Poland,EMPWPS,Gender equality in public sector employment,PT_W,Percentage of women,S1ZS,Public sector,2023,2023,EMPPS_REP,Public employment and representation,2020,,60.62,,A,Normal value,0,Units,_Z,Not applicable,,
DATAFLOW,OECD.GOV.GIP:DSD_GOV@DF_GOV_EMPPS_REP_2023(1.0),"Public employment and representation - Government at a glance indicators, 2023 edition",I,A,Annual,POL,Poland,EMPWPS,Gender equality in public sector employment,PT_W,Percentage of women,S1ZS,Public sector,2023,2023,EMPPS_REP,Public employment and representation,2011,,58.42,,A,Normal value,0,Units,_Z,Not applicable,,
DATAFLOW,OECD.GOV.GIP:DSD_GOV@DF_GOV_EMPPS_REP_2023(1.0),"Public employment and representation - Government at a glance indicators, 2023 edition",I,A,Annual,POL,Poland,EMPW_PARL,Gender equality in parliament,PT_W,Percentage of women,_Z,Not applicable,2023,2023,EMPPS_REP,Public employment and representation,2002,,20.2,,A,Normal value,0,Units,_Z,Not applicable,,
DATAFLOW,OECD.GOV.GIP:DSD_GOV@DF_GOV_EMPPS_REP_2023(1.0),"Public employment and representation - Government at a glance indicators, 2023 edition",I,A,Annual,POL,Poland,EMPW_PARL,Gender equality in parliament,PT_W,Percentage of women,_Z,Not applicable,2023,2023,EMPPS_REP,Public employment and representation,2012,,23.7,,A,Normal value,0,Units,_Z,Not applicable,,
DATAFLOW,OECD.GOV.GIP:DSD_GOV@DF_GOV_EMPPS_REP_2023(1.0),"Public employment and representation - Government at a glance indicators, 2023 edition",I,A,Annual,POL,Poland,EMPW_PARL,Gender equality in parliament,PT_W,Percentage of women,_Z,Not applicable,2023,2023,EMPPS_REP,Public employment and representation,2015,,27.4,,A,Normal value,0,Units,_Z,Not applicable,,
DATAFLOW,OECD.GOV.GIP:DSD_GOV@DF_GOV_EMPPS_REP_2023(1.0),"Public employment and representation - Government at a glance indicators, 2023 edition",I,A,Annual,POL,Poland,EMPW_PARL,Gender equality in parliament,PT_W,Percentage of women,_Z,Not applicable,2023,2023,EMPPS_REP,Public employment and representation,2017,,28,,A,Normal value,0,Units,_Z,Not applicable,,
DATAFLOW,OECD.GOV.GIP:DSD_GOV@DF_GOV_EMPPS_REP_2023(1.0),"Public employment and representation - Government at a glance indicators, 2023 edition",I,A,Annual,POL,Poland,EMPW_PARL,Gender equality in parliament,PT_W,Percentage of women,_Z,Not applicable,2023,2023,EMPPS_REP,Public employment and representation,2019,,29.1,,A,Normal value,0,Units,_Z,Not applicable,,
DATAFLOW,OECD.GOV.GIP:DSD_GOV@DF_GOV_EMPPS_REP_2023(1.0),"Public employment and representation - Government at a glance indicators, 2023 edition",I,A,Annual,POL,Poland,EMPW_PARL,Gender equality in parliament,PT_W,Percentage of women,_Z,Not applicable,2023,2023,EMPPS_REP,Public employment and representation,2021,,28.3,,A,Normal value,0,Units,_Z,Not applicable,,
DATAFLOW,OECD.GOV.GIP:DSD_GOV@DF_GOV_EMPPS_REP_2023(1.0),"Public employment and representation - Government at a glance indicators, 2023 edition",I,A,Annual,POL,Poland,EMPW_PARL,Gender equality in parliament,PT_W,Percentage of women,_Z,Not applicable,2023,2023,EMPPS_REP,Public employment and representation,2023,,28.3,,A,Normal value,0,Units,_Z,Not applicable,,
DATAFLOW,OECD.GOV.GIP:DSD_GOV@DF_GOV_EMPPS_REP_2023(1.0),"Public employment and representation - Government at a glance indicators, 2023 edition",I,A,Annual,POL,Poland,EMPW_SMP,Gender equality in senior management positions in national administrations,PT_W,Percentage of women,S1311,Central government,2023,2023,EMPPS_REP,Public employment and representation,2007,,43.3,,A,Normal value,0,Units,_Z,Not applicable,,
DATAFLOW,OECD.GOV.GIP:DSD_GOV@DF_GOV_EMPPS_REP_2023(1.0),"Public employment and representation - Government at a glance indicators, 2023 edition",I,A,Annual,PRT,Portugal,EMPW_PARL,Gender equality in parliament,PT_W,Percentage of women,_Z,Not applicable,2023,2023,EMPPS_REP,Public employment and representation,2023,,36.1,,A,Normal value,0,Units,_Z,Not applicable,,
DATAFLOW,OECD.GOV.GIP:DSD_GOV@DF_GOV_EMPPS_REP_2023(1.0),"Public employment and representation - Government at a glance indicators, 2023 edition",I,A,Annual,PRT,Portugal,EMPW_SMP,Gender equality in senior management positions in national administrations,PT_W,Percentage of women,S1311,Central government,2023,2023,EMPPS_REP,Public employment and representation,2007,,36.3,,A,Normal value,0,Units,_Z,Not applicable,,
DATAFLOW,OECD.GOV.GIP:DSD_GOV@DF_GOV_EMPPS_REP_2023(1.0),"Public employment and representation - Government at a glance indicators, 2023 edition",I,A,Annual,PRT,Portugal,EMPW_SMP,Gender equality in senior management positions in national administrations,PT_W,Percentage of women,S1311,Central government,2023,2023,EMPPS_REP,Public employment and representation,2008,,30.5,,A,Normal value,0,Units,_Z,Not applicable,,
DATAFLOW,OECD.GOV.GIP:DSD_GOV@DF_GOV_EMPPS_REP_2023(1.0),"Public employment and representation - Government at a glance indicators, 2023 edition",I,A,Annual,PRT,Portugal,EMPW_SMP,Gender equality in senior management positions in national administrations,PT_W,Percentage of women,S1311,Central government,2023,2023,EMPPS_REP,Public employment and representation,2009,,37.5,,A,Normal value,0,Units,_Z,Not applicable,,
DATAFLOW,OECD.GOV.GIP:DSD_GOV@DF_GOV_EMPPS_REP_2023(1.0),"Public employment and representation - Government at a glance indicators, 2023 edition",I,A,Annual,PRT,Portugal,EMPW_SMP,Gender equality in senior management positions in national administrations,PT_W,Percentage of women,S1311,Central government,2023,2023,EMPPS_REP,Public employment and representation,2010,,38.1,,A,Normal value,0,Units,_Z,Not applicable,,
DATAFLOW,OECD.GOV.GIP:DSD_GOV@DF_GOV_EMPPS_REP_2023(1.0),"Public employment and representation - Government at a glance indicators, 2023 edition",I,A,Annual,PRT,Portugal,EMPW_SMP,Gender equality in senior management positions in national administrations,PT_W,Percentage of women,S1311,Central government,2023,2023,EMPPS_REP,Public employment and representation,2011,,39,,A,Normal value,0,Units,_Z,Not applicable,,
DATAFLOW,OECD.GOV.GIP:DSD_GOV@DF_GOV_EMPPS_REP_2023(1.0),"Public employment and representation - Government at a glance indicators, 2023 edition",I,A,Annual,PRT,Portugal,EMPW_SMP,Gender equality in senior management positions in national administrations,PT_W,Percentage of women,S1311,Central government,2023,2023,EMPPS_REP,Public employment and representation,2012,,38.7,,A,Normal value,0,Units,_Z,Not applicable,,
DATAFLOW,OECD.GOV.GIP:DSD_GOV@DF_GOV_EMPPS_REP_2023(1.0),"Public employment and representation - Government at a glance indicators, 2023 edition",I,A,Annual,PRT,Portugal,EMPW_SMP,Gender equality in senior management positions in national administrations,PT_W,Percentage of women,S1311,Central government,2023,2023,EMPPS_REP,Public employment and representation,2013,,39.5,,A,Normal value,0,Units,_Z,Not applicable,,
DATAFLOW,OECD.GOV.GIP:DSD_GOV@DF_GOV_EMPPS_REP_2023(1.0),"Public employment and representation - Government at a glance indicators, 2023 edition",I,A,Annual,PRT,Portugal,EMPW_SMP,Gender equality in senior management positions in national administrations,PT_W,Percentage of women,S1311,Central government,2023,2023,EMPPS_REP,Public employment and representation,2014,,40,,A,Normal value,0,Units,_Z,Not applicable,,
DATAFLOW,OECD.GOV.GIP:DSD_GOV@DF_GOV_EMPPS_REP_2023(1.0),"Public employment and representation - Government at a glance indicators, 2023 edition",I,A,Annual,PRT,Portugal,EMPW_SMP,Gender equality in senior management positions in national administrations,PT_W,Percentage of women,S1311,Central government,2023,2023,EMPPS_REP,Public employment and representation,2015,,42.6,,A,Normal value,0,Units,_Z,Not applicable,,
DATAFLOW,OECD.GOV.GIP:DSD_GOV@DF_GOV_EMPPS_REP_2023(1.0),"Public employment and representation - Government at a glance indicators, 2023 edition",I,A,Annual,PRT,Portugal,EMPW_SMP,Gender equality in senior management positions in national administrations,PT_W,Percentage of women,S1311,Central government,2023,2023,EMPPS_REP,Public employment and representation,2016,,41.8,,A,Normal value,0,Units,_Z,Not applicable,,
DATAFLOW,OECD.GOV.GIP:DSD_GOV@DF_GOV_EMPPS_REP_2023(1.0),"Public employment and representation - Government at a glance indicators, 2023 edition",I,A,Annual,PRT,Portugal,EMPW_SMP,Gender equality in senior management positions in national administrations,PT_W,Percentage of women,S1311,Central government,2023,2023,EMPPS_REP,Public employment and representation,2017,,42.2,,A,Normal value,0,Units,_Z,Not applicable,,
DATAFLOW,OECD.GOV.GIP:DSD_GOV@DF_GOV_EMPPS_REP_2023(1.0),"Public employment and representation - Government at a glance indicators, 2023 edition",I,A,Annual,PRT,Portugal,EMPW_SMP,Gender equality in senior management positions in national administrations,PT_W,Percentage of women,S1311,Central government,2023,2023,EMPPS_REP,Public employment and representation,2018,,47.5,,A,Normal value,0,Units,_Z,Not applicable,,
DATAFLOW,OECD.GOV.GIP:DSD_GOV@DF_GOV_EMPPS_REP_2023(1.0),"Public employment and representation - Government at a glance indicators, 2023 edition",I,A,Annual,PRT,Portugal,EMPW_SMP,Gender equality in senior management positions in national administrations,PT_W,Percentage of women,S1311,Central government,2023,2023,EMPPS_REP,Public employment and representation,2019,,46.1,,A,Normal value,0,Units,_Z,Not applicable,,
DATAFLOW,OECD.GOV.GIP:DSD_GOV@DF_GOV_EMPPS_REP_2023(1.0),"Public employment and representation - Government at a glance indicators, 2023 edition",I,A,Annual,PRT,Portugal,EMPW_SMP,Gender equality in senior management positions in national administrations,PT_W,Percentage of women,S1311,Central government,2023,2023,EMPPS_REP,Public employment and representation,2020,,50.5,,A,Normal value,0,Units,_Z,Not applicable,,
DATAFLOW,OECD.GOV.GIP:DSD_GOV@DF_GOV_EMPPS_REP_2023(1.0),"Public employment and representation - Government at a glance indicators, 2023 edition",I,A,Annual,PRT,Portugal,EMPW_SMP,Gender equality in senior management positions in national administrations,PT_W,Percentage of women,S1311,Central government,2023,2023,EMPPS_REP,Public employment and representation,2021,,50.8,,A,Normal value,0,Units,_Z,Not applicable,,
DATAFLOW,OECD.GOV.GIP:DSD_GOV@DF_GOV_EMPPS_REP_2023(1.0),"Public employment and representation - Government at a glance indicators, 2023 edition",I,A,Annual,PRT,Portugal,EMPW_SMP,Gender equality in senior management positions in national administrations,PT_W,Percentage of women,S1311,Central government,2023,2023,EMPPS_REP,Public employment and representation,2022,,53.3,,A,Normal value,0,Units,_Z,Not applicable,,
DATAFLOW,OECD.GOV.GIP:DSD_GOV@DF_GOV_EMPPS_REP_2023(1.0),"Public employment and representation - Government at a glance indicators, 2023 edition",I,A,Annual,PRT,Portugal,EMPWPS,Gender equality in public sector employment,PT_W,Percentage of women,S1ZS,Public sector,2023,2023,EMPPS_REP,Public employment and representation,2020,,61.22,,A,Normal value,0,Units,_Z,Not applicable,,
DATAFLOW,OECD.GOV.GIP:DSD_GOV@DF_GOV_EMPPS_REP_2023(1.0),"Public employment and representation - Government at a glance indicators, 2023 edition",I,A,Annual,PRT,Portugal,EMPWPS,Gender equality in public sector employment,PT_W,Percentage of women,S1ZS,Public sector,2023,2023,EMPPS_REP,Public employment and representation,2011,,58.87,,A,Normal value,0,Units,_Z,Not applicable,,
DATAFLOW,OECD.GOV.GIP:DSD_GOV@DF_GOV_EMPPS_REP_2023(1.0),"Public employment and representation - Government at a glance indicators, 2023 edition",I,A,Annual,PRT,Portugal,EMPW_PJ,Gender equality in professional judges,PT_W,Percentage of women,_Z,Not applicable,2023,2023,EMPPS_REP,Public employment and representation,2014,,58,,A,Normal value,0,Units,_Z,Not applicable,,
DATAFLOW,OECD.GOV.GIP:DSD_GOV@DF_GOV_EMPPS_REP_2023(1.0),"Public employment and representation - Government at a glance indicators, 2023 edition",I,A,Annual,PRT,Portugal,EMPW_PJ,Gender equality in professional judges,PT_W,Percentage of women,_Z,Not applicable,2023,2023,EMPPS_REP,Public employment and representation,2020,,62,,A,Normal value,0,Units,_Z,Not applicable,,
DATAFLOW,OECD.GOV.GIP:DSD_GOV@DF_GOV_EMPPS_REP_2023(1.0),"Public employment and representation - Government at a glance indicators, 2023 edition",I,A,Annual,PRT,Portugal,EMPW_PARL,Gender equality in parliament,PT_W,Percentage of women,_Z,Not applicable,2023,2023,EMPPS_REP,Public employment and representation,2002,,19.1,,A,Normal value,0,Units,_Z,Not applicable,,
DATAFLOW,OECD.GOV.GIP:DSD_GOV@DF_GOV_EMPPS_REP_2023(1.0),"Public employment and representation - Government at a glance indicators, 2023 edition",I,A,Annual,PRT,Portugal,EMPW_PARL,Gender equality in parliament,PT_W,Percentage of women,_Z,Not applicable,2023,2023,EMPPS_REP,Public employment and representation,2012,,28.7,,A,Normal value,0,Units,_Z,Not applicable,,
DATAFLOW,OECD.GOV.GIP:DSD_GOV@DF_GOV_EMPPS_REP_2023(1.0),"Public employment and representation - Government at a glance indicators, 2023 edition",I,A,Annual,PRT,Portugal,EMPW_PARL,Gender equality in parliament,PT_W,Percentage of women,_Z,Not applicable,2023,2023,EMPPS_REP,Public employment and representation,2015,,34.8,,A,Normal value,0,Units,_Z,Not applicable,,
DATAFLOW,OECD.GOV.GIP:DSD_GOV@DF_GOV_EMPPS_REP_2023(1.0),"Public employment and representation - Government at a glance indicators, 2023 edition",I,A,Annual,PRT,Portugal,EMPW_PARL,Gender equality in parliament,PT_W,Percentage of women,_Z,Not applicable,2023,2023,EMPPS_REP,Public employment and representation,2017,,34.8,,A,Normal value,0,Units,_Z,Not applicable,,
DATAFLOW,OECD.GOV.GIP:DSD_GOV@DF_GOV_EMPPS_REP_2023(1.0),"Public employment and representation - Government at a glance indicators, 2023 edition",I,A,Annual,PRT,Portugal,EMPW_PARL,Gender equality in parliament,PT_W,Percentage of women,_Z,Not applicable,2023,2023,EMPPS_REP,Public employment and representation,2019,,35.7,,A,Normal value,0,Units,_Z,Not applicable,,
DATAFLOW,OECD.GOV.GIP:DSD_GOV@DF_GOV_EMPPS_REP_2023(1.0),"Public employment and representation - Government at a glance indicators, 2023 edition",I,A,Annual,PRT,Portugal,EMPW_PARL,Gender equality in parliament,PT_W,Percentage of women,_Z,Not applicable,2023,2023,EMPPS_REP,Public employment and representation,2021,,40,,A,Normal value,0,Units,_Z,Not applicable,,
DATAFLOW,OECD.GOV.GIP:DSD_GOV@DF_GOV_EMPPS_REP_2023(1.0),"Public employment and representation - Government at a glance indicators, 2023 edition",I,A,Annual,ISR,Israel,EMPWPS,Gender equality in public sector employment,PT_W,Percentage of women,S1ZS,Public sector,2023,2023,EMPPS_REP,Public employment and representation,2020,,59.07,,A,Normal value,0,Units,_Z,Not applicable,,
DATAFLOW,OECD.GOV.GIP:DSD_GOV@DF_GOV_EMPPS_REP_2023(1.0),"Public employment and representation - Government at a glance indicators, 2023 edition",I,A,Annual,ISR,Israel,EMPW_PJ,Gender equality in professional judges,PT_W,Percentage of women,_Z,Not applicable,2023,2023,EMPPS_REP,Public employment and representation,2014,,51,,A,Normal value,0,Units,_Z,Not applicable,,
DATAFLOW,OECD.GOV.GIP:DSD_GOV@DF_GOV_EMPPS_REP_2023(1.0),"Public employment and representation - Government at a glance indicators, 2023 edition",I,A,Annual,ISR,Israel,EMPW_PJ,Gender equality in professional judges,PT_W,Percentage of women,_Z,Not applicable,2023,2023,EMPPS_REP,Public employment and representation,2020,,52,,A,Normal value,0,Units,_Z,Not applicable,,
DATAFLOW,OECD.GOV.GIP:DSD_GOV@DF_GOV_EMPPS_REP_2023(1.0),"Public employment and representation - Government at a glance indicators, 2023 edition",I,A,Annual,ISR,Israel,EMPW_PARL,Gender equality in parliament,PT_W,Percentage of women,_Z,Not applicable,2023,2023,EMPPS_REP,Public employment and representation,2002,,14.2,,A,Normal value,0,Units,_Z,Not applicable,,
DATAFLOW,OECD.GOV.GIP:DSD_GOV@DF_GOV_EMPPS_REP_2023(1.0),"Public employment and representation - Government at a glance indicators, 2023 edition",I,A,Annual,ISR,Israel,EMPW_PARL,Gender equality in parliament,PT_W,Percentage of women,_Z,Not applicable,2023,2023,EMPPS_REP,Public employment and representation,2012,,20,,A,Normal value,0,Units,_Z,Not applicable,,
DATAFLOW,OECD.GOV.GIP:DSD_GOV@DF_GOV_EMPPS_REP_2023(1.0),"Public employment and representation - Government at a glance indicators, 2023 edition",I,A,Annual,ISR,Israel,EMPW_PARL,Gender equality in parliament,PT_W,Percentage of women,_Z,Not applicable,2023,2023,EMPPS_REP,Public employment and representation,2015,,26.7,,A,Normal value,0,Units,_Z,Not applicable,,
DATAFLOW,OECD.GOV.GIP:DSD_GOV@DF_GOV_EMPPS_REP_2023(1.0),"Public employment and representation - Government at a glance indicators, 2023 edition",I,A,Annual,ISR,Israel,EMPW_PARL,Gender equality in parliament,PT_W,Percentage of women,_Z,Not applicable,2023,2023,EMPPS_REP,Public employment and representation,2017,,27.5,,A,Normal value,0,Units,_Z,Not applicable,,
DATAFLOW,OECD.GOV.GIP:DSD_GOV@DF_GOV_EMPPS_REP_2023(1.0),"Public employment and representation - Government at a glance indicators, 2023 edition",I,A,Annual,ISR,Israel,EMPW_PARL,Gender equality in parliament,PT_W,Percentage of women,_Z,Not applicable,2023,2023,EMPPS_REP,Public employment and representation,2019,,29.2,,A,Normal value,0,Units,_Z,Not applicable,,
DATAFLOW,OECD.GOV.GIP:DSD_GOV@DF_GOV_EMPPS_REP_2023(1.0),"Public employment and representation - Government at a glance indicators, 2023 edition",I,A,Annual,ISR,Israel,EMPW_PARL,Gender equality in parliament,PT_W,Percentage of women,_Z,Not applicable,2023,2023,EMPPS_REP,Public employment and representation,2021,,26.7,,A,Normal value,0,Units,_Z,Not applicable,,
DATAFLOW,OECD.GOV.GIP:DSD_GOV@DF_GOV_EMPPS_REP_2023(1.0),"Public employment and representation - Government at a glance indicators, 2023 edition",I,A,Annual,ISR,Israel,EMPW_PARL,Gender equality in parliament,PT_W,Percentage of women,_Z,Not applicable,2023,2023,EMPPS_REP,Public employment and representation,2023,,24.2,,A,Normal value,0,Units,_Z,Not applicable,,
DATAFLOW,OECD.GOV.GIP:DSD_GOV@DF_GOV_EMPPS_REP_2023(1.0),"Public employment and representation - Government at a glance indicators, 2023 edition",I,A,Annual,IDN,Indonesia,EMPWPS,Gender equality in public sector employment,PT_W,Percentage of women,S1ZS,Public sector,2023,2023,EMPPS_REP,Public employment and representation,2020,,44.04,,A,Normal value,0,Units,_Z,Not applicable,,
DATAFLOW,OECD.GOV.GIP:DSD_GOV@DF_GOV_EMPPS_REP_2023(1.0),"Public employment and representation - Government at a glance indicators, 2023 edition",I,A,Annual,CAN,Canada,EMPWPS,Gender equality in public sector employment,PT_W,Percentage of women,S1ZS,Public sector,2023,2023,EMPPS_REP,Public employment and representation,2020,,63.03,,A,Normal value,0,Units,_Z,Not applicable,,
DATAFLOW,OECD.GOV.GIP:DSD_GOV@DF_GOV_EMPPS_REP_2023(1.0),"Public employment and representation - Government at a glance indicators, 2023 edition",I,A,Annual,CAN,Canada,EMPWPS,Gender equality in public sector employment,PT_W,Percentage of women,S1ZS,Public sector,2023,2023,EMPPS_REP,Public employment and representation,2011,,62.53,,A,Normal value,0,Units,_Z,Not applicable,,
DATAFLOW,OECD.GOV.GIP:DSD_GOV@DF_GOV_EMPPS_REP_2023(1.0),"Public employment and representation - Government at a glance indicators, 2023 edition",I,A,Annual,CAN,Canada,EMPW_PARL,Gender equality in parliament,PT_W,Percentage of women,_Z,Not applicable,2023,2023,EMPPS_REP,Public employment and representation,2002,,20.6,,A,Normal value,0,Units,_Z,Not applicable,,
DATAFLOW,OECD.GOV.GIP:DSD_GOV@DF_GOV_EMPPS_REP_2023(1.0),"Public employment and representation - Government at a glance indicators, 2023 edition",I,A,Annual,CAN,Canada,EMPW_PARL,Gender equality in parliament,PT_W,Percentage of women,_Z,Not applicable,2023,2023,EMPPS_REP,Public employment and representation,2012,,24.7,,A,Normal value,0,Units,_Z,Not applicable,,
DATAFLOW,OECD.GOV.GIP:DSD_GOV@DF_GOV_EMPPS_REP_2023(1.0),"Public employment and representation - Government at a glance indicators, 2023 edition",I,A,Annual,CAN,Canada,EMPW_PARL,Gender equality in parliament,PT_W,Percentage of women,_Z,Not applicable,2023,2023,EMPPS_REP,Public employment and representation,2015,,26,,A,Normal value,0,Units,_Z,Not applicable,,
DATAFLOW,OECD.GOV.GIP:DSD_GOV@DF_GOV_EMPPS_REP_2023(1.0),"Public employment and representation - Government at a glance indicators, 2023 edition",I,A,Annual,CAN,Canada,EMPW_PARL,Gender equality in parliament,PT_W,Percentage of women,_Z,Not applicable,2023,2023,EMPPS_REP,Public employment and representation,2017,,26.3,,A,Normal value,0,Units,_Z,Not applicable,,
DATAFLOW,OECD.GOV.GIP:DSD_GOV@DF_GOV_EMPPS_REP_2023(1.0),"Public employment and representation - Government at a glance indicators, 2023 edition",I,A,Annual,CAN,Canada,EMPW_PARL,Gender equality in parliament,PT_W,Percentage of women,_Z,Not applicable,2023,2023,EMPPS_REP,Public employment and representation,2019,,26.9,,A,Normal value,0,Units,_Z,Not applicable,,
DATAFLOW,OECD.GOV.GIP:DSD_GOV@DF_GOV_EMPPS_REP_2023(1.0),"Public employment and representation - Government at a glance indicators, 2023 edition",I,A,Annual,CAN,Canada,EMPW_PARL,Gender equality in parliament,PT_W,Percentage of women,_Z,Not applicable,2023,2023,EMPPS_REP,Public employment and representation,2021,,29.6,,A,Normal value,0,Units,_Z,Not applicable,,
DATAFLOW,OECD.GOV.GIP:DSD_GOV@DF_GOV_EMPPS_REP_2023(1.0),"Public employment and representation - Government at a glance indicators, 2023 edition",I,A,Annual,CAN,Canada,EMPW_PARL,Gender equality in parliament,PT_W,Percentage of women,_Z,Not applicable,2023,2023,EMPPS_REP,Public employment and representation,2023,,30.7,,A,Normal value,0,Units,_Z,Not applicable,,
DATAFLOW,OECD.GOV.GIP:DSD_GOV@DF_GOV_EMPPS_REP_2023(1.0),"Public employment and representation - Government at a glance indicators, 2023 edition",I,A,Annual,LVA,Latvia,EMPW_PARL,Gender equality in parliament,PT_W,Percentage of women,_Z,Not applicable,2023,2023,EMPPS_REP,Public employment and representation,2023,,29,,A,Normal value,0,Units,_Z,Not applicable,,
DATAFLOW,OECD.GOV.GIP:DSD_GOV@DF_GOV_EMPPS_REP_2023(1.0),"Public employment and representation - Government at a glance indicators, 2023 edition",I,A,Annual,LVA,Latvia,EMPW_SMP,Gender equality in senior management positions in national administrations,PT_W,Percentage of women,S1311,Central government,2023,2023,EMPPS_REP,Public employment and representation,2007,,46.4,,A,Normal value,0,Units,_Z,Not applicable,,
DATAFLOW,OECD.GOV.GIP:DSD_GOV@DF_GOV_EMPPS_REP_2023(1.0),"Public employment and representation - Government at a glance indicators, 2023 edition",I,A,Annual,LVA,Latvia,EMPW_SMP,Gender equality in senior management positions in national administrations,PT_W,Percentage of women,S1311,Central government,2023,2023,EMPPS_REP,Public employment and representation,2008,,47.4,,A,Normal value,0,Units,_Z,Not applicable,,
DATAFLOW,OECD.GOV.GIP:DSD_GOV@DF_GOV_EMPPS_REP_2023(1.0),"Public employment and representation - Government at a glance indicators, 2023 edition",I,A,Annual,LVA,Latvia,EMPW_SMP,Gender equality in senior management positions in national administrations,PT_W,Percentage of women,S1311,Central government,2023,2023,EMPPS_REP,Public employment and representation,2009,,44.3,,A,Normal value,0,Units,_Z,Not applicable,,
DATAFLOW,OECD.GOV.GIP:DSD_GOV@DF_GOV_EMPPS_REP_2023(1.0),"Public employment and representation - Government at a glance indicators, 2023 edition",I,A,Annual,LVA,Latvia,EMPW_SMP,Gender equality in senior management positions in national administrations,PT_W,Percentage of women,S1311,Central government,2023,2023,EMPPS_REP,Public employment and representation,2010,,46.7,,A,Normal value,0,Units,_Z,Not applicable,,
DATAFLOW,OECD.GOV.GIP:DSD_GOV@DF_GOV_EMPPS_REP_2023(1.0),"Public employment and representation - Government at a glance indicators, 2023 edition",I,A,Annual,LVA,Latvia,EMPW_SMP,Gender equality in senior management positions in national administrations,PT_W,Percentage of women,S1311,Central government,2023,2023,EMPPS_REP,Public employment and representation,2011,,50,,A,Normal value,0,Units,_Z,Not applicable,,
DATAFLOW,OECD.GOV.GIP:DSD_GOV@DF_GOV_EMPPS_REP_2023(1.0),"Public employment and representation - Government at a glance indicators, 2023 edition",I,A,Annual,LVA,Latvia,EMPW_SMP,Gender equality in senior management positions in national administrations,PT_W,Percentage of women,S1311,Central government,2023,2023,EMPPS_REP,Public employment and representation,2012,,53.2,,A,Normal value,0,Units,_Z,Not applicable,,
DATAFLOW,OECD.GOV.GIP:DSD_GOV@DF_GOV_EMPPS_REP_2023(1.0),"Public employment and representation - Government at a glance indicators, 2023 edition",I,A,Annual,LVA,Latvia,EMPW_SMP,Gender equality in senior management positions in national administrations,PT_W,Percentage of women,S1311,Central government,2023,2023,EMPPS_REP,Public employment and representation,2013,,55.8,,A,Normal value,0,Units,_Z,Not applicable,,
DATAFLOW,OECD.GOV.GIP:DSD_GOV@DF_GOV_EMPPS_REP_2023(1.0),"Public employment and representation - Government at a glance indicators, 2023 edition",I,A,Annual,LVA,Latvia,EMPW_SMP,Gender equality in senior management positions in national administrations,PT_W,Percentage of women,S1311,Central government,2023,2023,EMPPS_REP,Public employment and representation,2014,,51.8,,A,Normal value,0,Units,_Z,Not applicable,,
DATAFLOW,OECD.GOV.GIP:DSD_GOV@DF_GOV_EMPPS_REP_2023(1.0),"Public employment and representation - Government at a glance indicators, 2023 edition",I,A,Annual,LVA,Latvia,EMPW_SMP,Gender equality in senior management positions in national administrations,PT_W,Percentage of women,S1311,Central government,2023,2023,EMPPS_REP,Public employment and representation,2015,,49.1,,A,Normal value,0,Units,_Z,Not applicable,,
DATAFLOW,OECD.GOV.GIP:DSD_GOV@DF_GOV_EMPPS_REP_2023(1.0),"Public employment and representation - Government at a glance indicators, 2023 edition",I,A,Annual,LVA,Latvia,EMPW_SMP,Gender equality in senior management positions in national administrations,PT_W,Percentage of women,S1311,Central government,2023,2023,EMPPS_REP,Public employment and representation,2016,,53.3,,A,Normal value,0,Units,_Z,Not applicable,,
DATAFLOW,OECD.GOV.GIP:DSD_GOV@DF_GOV_EMPPS_REP_2023(1.0),"Public employment and representation - Government at a glance indicators, 2023 edition",I,A,Annual,LVA,Latvia,EMPW_SMP,Gender equality in senior management positions in national administrations,PT_W,Percentage of women,S1311,Central government,2023,2023,EMPPS_REP,Public employment and representation,2017,,53.3,,A,Normal value,0,Units,_Z,Not applicable,,
DATAFLOW,OECD.GOV.GIP:DSD_GOV@DF_GOV_EMPPS_REP_2023(1.0),"Public employment and representation - Government at a glance indicators, 2023 edition",I,A,Annual,LVA,Latvia,EMPW_SMP,Gender equality in senior management positions in national administrations,PT_W,Percentage of women,S1311,Central government,2023,2023,EMPPS_REP,Public employment and representation,2018,,52.4,,A,Normal value,0,Units,_Z,Not applicable,,
DATAFLOW,OECD.GOV.GIP:DSD_GOV@DF_GOV_EMPPS_REP_2023(1.0),"Public employment and representation - Government at a glance indicators, 2023 edition",I,A,Annual,LVA,Latvia,EMPW_SMP,Gender equality in senior management positions in national administrations,PT_W,Percentage of women,S1311,Central government,2023,2023,EMPPS_REP,Public employment and representation,2019,,51.7,,A,Normal value,0,Units,_Z,Not applicable,,
DATAFLOW,OECD.GOV.GIP:DSD_GOV@DF_GOV_EMPPS_REP_2023(1.0),"Public employment and representation - Government at a glance indicators, 2023 edition",I,A,Annual,LVA,Latvia,EMPW_SMP,Gender equality in senior management positions in national administrations,PT_W,Percentage of women,S1311,Central government,2023,2023,EMPPS_REP,Public employment and representation,2020,,54.1,,A,Normal value,0,Units,_Z,Not applicable,,
DATAFLOW,OECD.GOV.GIP:DSD_GOV@DF_GOV_EMPPS_REP_2023(1.0),"Public employment and representation - Government at a glance indicators, 2023 edition",I,A,Annual,LVA,Latvia,EMPW_SMP,Gender equality in senior management positions in national administrations,PT_W,Percentage of women,S1311,Central government,2023,2023,EMPPS_REP,Public employment and representation,2021,,55,,A,Normal value,0,Units,_Z,Not applicable,,
DATAFLOW,OECD.GOV.GIP:DSD_GOV@DF_GOV_EMPPS_REP_2023(1.0),"Public employment and representation - Government at a glance indicators, 2023 edition",I,A,Annual,LVA,Latvia,EMPW_SMP,Gender equality in senior management positions in national administrations,PT_W,Percentage of women,S1311,Central government,2023,2023,EMPPS_REP,Public employment and representation,2022,,51.6,,A,Normal value,0,Units,_Z,Not applicable,,
DATAFLOW,OECD.GOV.GIP:DSD_GOV@DF_GOV_EMPPS_REP_2023(1.0),"Public employment and representation - Government at a glance indicators, 2023 edition",I,A,Annual,LVA,Latvia,EMPWPS,Gender equality in public sector employment,PT_W,Percentage of women,S1ZS,Public sector,2023,2023,EMPPS_REP,Public employment and representation,2020,,67.36,,A,Normal value,0,Units,_Z,Not applicable,,
DATAFLOW,OECD.GOV.GIP:DSD_GOV@DF_GOV_EMPPS_REP_2023(1.0),"Public employment and representation - Government at a glance indicators, 2023 edition",I,A,Annual,LVA,Latvia,EMPWPS,Gender equality in public sector employment,PT_W,Percentage of women,S1ZS,Public sector,2023,2023,EMPPS_REP,Public employment and representation,2011,,65.07,,A,Normal value,0,Units,_Z,Not applicable,,
DATAFLOW,OECD.GOV.GIP:DSD_GOV@DF_GOV_EMPPS_REP_2023(1.0),"Public employment and representation - Government at a glance indicators, 2023 edition",I,A,Annual,LVA,Latvia,EMPW_PJ,Gender equality in professional judges,PT_W,Percentage of women,_Z,Not applicable,2023,2023,EMPPS_REP,Public employment and representation,2014,,77,,A,Normal value,0,Units,_Z,Not applicable,,
DATAFLOW,OECD.GOV.GIP:DSD_GOV@DF_GOV_EMPPS_REP_2023(1.0),"Public employment and representation - Government at a glance indicators, 2023 edition",I,A,Annual,LVA,Latvia,EMPW_PJ,Gender equality in professional judges,PT_W,Percentage of women,_Z,Not applicable,2023,2023,EMPPS_REP,Public employment and representation,2020,,81,,A,Normal value,0,Units,_Z,Not applicable,,
DATAFLOW,OECD.GOV.GIP:DSD_GOV@DF_GOV_EMPPS_REP_2023(1.0),"Public employment and representation - Government at a glance indicators, 2023 edition",I,A,Annual,LVA,Latvia,EMPW_PARL,Gender equality in parliament,PT_W,Percentage of women,_Z,Not applicable,2023,2023,EMPPS_REP,Public employment and representation,2002,,18,,A,Normal value,0,Units,_Z,Not applicable,,
DATAFLOW,OECD.GOV.GIP:DSD_GOV@DF_GOV_EMPPS_REP_2023(1.0),"Public employment and representation - Government at a glance indicators, 2023 edition",I,A,Annual,LVA,Latvia,EMPW_PARL,Gender equality in parliament,PT_W,Percentage of women,_Z,Not applicable,2023,2023,EMPPS_REP,Public employment and representation,2012,,23,,A,Normal value,0,Units,_Z,Not applicable,,
DATAFLOW,OECD.GOV.GIP:DSD_GOV@DF_GOV_EMPPS_REP_2023(1.0),"Public employment and representation - Government at a glance indicators, 2023 edition",I,A,Annual,LVA,Latvia,EMPW_PARL,Gender equality in parliament,PT_W,Percentage of women,_Z,Not applicable,2023,2023,EMPPS_REP,Public employment and representation,2015,,18,,A,Normal value,0,Units,_Z,Not applicable,,
DATAFLOW,OECD.GOV.GIP:DSD_GOV@DF_GOV_EMPPS_REP_2023(1.0),"Public employment and representation - Government at a glance indicators, 2023 edition",I,A,Annual,LVA,Latvia,EMPW_PARL,Gender equality in parliament,PT_W,Percentage of women,_Z,Not applicable,2023,2023,EMPPS_REP,Public employment and representation,2017,,16,,A,Normal value,0,Units,_Z,Not applicable,,
DATAFLOW,OECD.GOV.GIP:DSD_GOV@DF_GOV_EMPPS_REP_2023(1.0),"Public employment and representation - Government at a glance indicators, 2023 edition",I,A,Annual,LVA,Latvia,EMPW_PARL,Gender equality in parliament,PT_W,Percentage of women,_Z,Not applicable,2023,2023,EMPPS_REP,Public employment and representation,2019,,31,,A,Normal value,0,Units,_Z,Not applicable,,
DATAFLOW,OECD.GOV.GIP:DSD_GOV@DF_GOV_EMPPS_REP_2023(1.0),"Public employment and representation - Government at a glance indicators, 2023 edition",I,A,Annual,LVA,Latvia,EMPW_PARL,Gender equality in parliament,PT_W,Percentage of women,_Z,Not applicable,2023,2023,EMPPS_REP,Public employment and representation,2021,,29,,A,Normal value,0,Units,_Z,Not applicable,,
DATAFLOW,OECD.GOV.GIP:DSD_GOV@DF_GOV_EMPPS_REP_2023(1.0),"Public employment and representation - Government at a glance indicators, 2023 edition",I,A,Annual,HUN,Hungary,EMPW_PARL,Gender equality in parliament,PT_W,Percentage of women,_Z,Not applicable,2023,2023,EMPPS_REP,Public employment and representation,2023,,13.1,,A,Normal value,0,Units,_Z,Not applicable,,
DATAFLOW,OECD.GOV.GIP:DSD_GOV@DF_GOV_EMPPS_REP_2023(1.0),"Public employment and representation - Government at a glance indicators, 2023 edition",I,A,Annual,HUN,Hungary,EMPW_SMP,Gender equality in senior management positions in national administrations,PT_W,Percentage of women,S1311,Central government,2023,2023,EMPPS_REP,Public employment and representation,2007,,44,,A,Normal value,0,Units,_Z,Not applicable,,
DATAFLOW,OECD.GOV.GIP:DSD_GOV@DF_GOV_EMPPS_REP_2023(1.0),"Public employment and representation - Government at a glance indicators, 2023 edition",I,A,Annual,HUN,Hungary,EMPW_SMP,Gender equality in senior management positions in national administrations,PT_W,Percentage of women,S1311,Central government,2023,2023,EMPPS_REP,Public employment and representation,2008,,44,,A,Normal value,0,Units,_Z,Not applicable,,
DATAFLOW,OECD.GOV.GIP:DSD_GOV@DF_GOV_EMPPS_REP_2023(1.0),"Public employment and representation - Government at a glance indicators, 2023 edition",I,A,Annual,HUN,Hungary,EMPW_SMP,Gender equality in senior management positions in national administrations,PT_W,Percentage of women,S1311,Central government,2023,2023,EMPPS_REP,Public employment and representation,2009,,26.7,,A,Normal value,0,Units,_Z,Not applicable,,
DATAFLOW,OECD.GOV.GIP:DSD_GOV@DF_GOV_EMPPS_REP_2023(1.0),"Public employment and representation - Government at a glance indicators, 2023 edition",I,A,Annual,HUN,Hungary,EMPW_SMP,Gender equality in senior management positions in national administrations,PT_W,Percentage of women,S1311,Central government,2023,2023,EMPPS_REP,Public employment and representation,2010,,26.7,,A,Normal value,0,Units,_Z,Not applicable,,
DATAFLOW,OECD.GOV.GIP:DSD_GOV@DF_GOV_EMPPS_REP_2023(1.0),"Public employment and representation - Government at a glance indicators, 2023 edition",I,A,Annual,HUN,Hungary,EMPW_SMP,Gender equality in senior management positions in national administrations,PT_W,Percentage of women,S1311,Central government,2023,2023,EMPPS_REP,Public employment and representation,2011,,26,,A,Normal value,0,Units,_Z,Not applicable,,
DATAFLOW,OECD.GOV.GIP:DSD_GOV@DF_GOV_EMPPS_REP_2023(1.0),"Public employment and representation - Government at a glance indicators, 2023 edition",I,A,Annual,HUN,Hungary,EMPW_SMP,Gender equality in senior management positions in national administrations,PT_W,Percentage of women,S1311,Central government,2023,2023,EMPPS_REP,Public employment and representation,2012,,22.6,,A,Normal value,0,Units,_Z,Not applicable,,
DATAFLOW,OECD.GOV.GIP:DSD_GOV@DF_GOV_EMPPS_REP_2023(1.0),"Public employment and representation - Government at a glance indicators, 2023 edition",I,A,Annual,HUN,Hungary,EMPW_SMP,Gender equality in senior management positions in national administrations,PT_W,Percentage of women,S1311,Central government,2023,2023,EMPPS_REP,Public employment and representation,2013,,24.3,,A,Normal value,0,Units,_Z,Not applicable,,
DATAFLOW,OECD.GOV.GIP:DSD_GOV@DF_GOV_EMPPS_REP_2023(1.0),"Public employment and representation - Government at a glance indicators, 2023 edition",I,A,Annual,HUN,Hungary,EMPW_SMP,Gender equality in senior management positions in national administrations,PT_W,Percentage of women,S1311,Central government,2023,2023,EMPPS_REP,Public employment and representation,2014,,22.2,,A,Normal value,0,Units,_Z,Not applicable,,
DATAFLOW,OECD.GOV.GIP:DSD_GOV@DF_GOV_EMPPS_REP_2023(1.0),"Public employment and representation - Government at a glance indicators, 2023 edition",I,A,Annual,HUN,Hungary,EMPW_SMP,Gender equality in senior management positions in national administrations,PT_W,Percentage of women,S1311,Central government,2023,2023,EMPPS_REP,Public employment and representation,2015,,19,,A,Normal value,0,Units,_Z,Not applicable,,
DATAFLOW,OECD.GOV.GIP:DSD_GOV@DF_GOV_EMPPS_REP_2023(1.0),"Public employment and representation - Government at a glance indicators, 2023 edition",I,A,Annual,HUN,Hungary,EMPW_SMP,Gender equality in senior management positions in national administrations,PT_W,Percentage of women,S1311,Central government,2023,2023,EMPPS_REP,Public employment and representation,2016,,20.3,,A,Normal value,0,Units,_Z,Not applicable,,
DATAFLOW,OECD.GOV.GIP:DSD_GOV@DF_GOV_EMPPS_REP_2023(1.0),"Public employment and representation - Government at a glance indicators, 2023 edition",I,A,Annual,HUN,Hungary,EMPW_SMP,Gender equality in senior management positions in national administrations,PT_W,Percentage of women,S1311,Central government,2023,2023,EMPPS_REP,Public employment and representation,2017,,24.5,,A,Normal value,0,Units,_Z,Not applicable,,
DATAFLOW,OECD.GOV.GIP:DSD_GOV@DF_GOV_EMPPS_REP_2023(1.0),"Public employment and representation - Government at a glance indicators, 2023 edition",I,A,Annual,HUN,Hungary,EMPW_SMP,Gender equality in senior management positions in national administrations,PT_W,Percentage of women,S1311,Central government,2023,2023,EMPPS_REP,Public employment and representation,2018,,18.4,,A,Normal value,0,Units,_Z,Not applicable,,
DATAFLOW,OECD.GOV.GIP:DSD_GOV@DF_GOV_EMPPS_REP_2023(1.0),"Public employment and representation - Government at a glance indicators, 2023 edition",I,A,Annual,HUN,Hungary,EMPW_SMP,Gender equality in senior management positions in national administrations,PT_W,Percentage of women,S1311,Central government,2023,2023,EMPPS_REP,Public employment and representation,2019,,17.9,,A,Normal value,0,Units,_Z,Not applicable,,
DATAFLOW,OECD.GOV.GIP:DSD_GOV@DF_GOV_EMPPS_REP_2023(1.0),"Public employment and representation - Government at a glance indicators, 2023 edition",I,A,Annual,HUN,Hungary,EMPW_SMP,Gender equality in senior management positions in national administrations,PT_W,Percentage of women,S1311,Central government,2023,2023,EMPPS_REP,Public employment and representation,2020,,18.3,,A,Normal value,0,Units,_Z,Not applicable,,
DATAFLOW,OECD.GOV.GIP:DSD_GOV@DF_GOV_EMPPS_REP_2023(1.0),"Public employment and representation - Government at a glance indicators, 2023 edition",I,A,Annual,HUN,Hungary,EMPW_SMP,Gender equality in senior management positions in national administrations,PT_W,Percentage of women,S1311,Central government,2023,2023,EMPPS_REP,Public employment and representation,2021,,18.7,,A,Normal value,0,Units,_Z,Not applicable,,
DATAFLOW,OECD.GOV.GIP:DSD_GOV@DF_GOV_EMPPS_REP_2023(1.0),"Public employment and representation - Government at a glance indicators, 2023 edition",I,A,Annual,HUN,Hungary,EMPW_SMP,Gender equality in senior management positions in national administrations,PT_W,Percentage of women,S1311,Central government,2023,2023,EMPPS_REP,Public employment and representation,2022,,21.3,,A,Normal value,0,Units,_Z,Not applicable,,
DATAFLOW,OECD.GOV.GIP:DSD_GOV@DF_GOV_EMPPS_REP_2023(1.0),"Public employment and representation - Government at a glance indicators, 2023 edition",I,A,Annual,HUN,Hungary,EMPWPS,Gender equality in public sector employment,PT_W,Percentage of women,S1ZS,Public sector,2023,2023,EMPPS_REP,Public employment and representation,2020,,60.03,,A,Normal value,0,Units,_Z,Not applicable,,
DATAFLOW,OECD.GOV.GIP:DSD_GOV@DF_GOV_EMPPS_REP_2023(1.0),"Public employment and representation - Government at a glance indicators, 2023 edition",I,A,Annual,HUN,Hungary,EMPWPS,Gender equality in public sector employment,PT_W,Percentage of women,S1ZS,Public sector,2023,2023,EMPPS_REP,Public employment and representation,2011,,61.68,,A,Normal value,0,Units,_Z,Not applicable,,
DATAFLOW,OECD.GOV.GIP:DSD_GOV@DF_GOV_EMPPS_REP_2023(1.0),"Public employment and representation - Government at a glance indicators, 2023 edition",I,A,Annual,HUN,Hungary,EMPW_PJ,Gender equality in professional judges,PT_W,Percentage of women,_Z,Not applicable,2023,2023,EMPPS_REP,Public employment and representation,2014,,69,,A,Normal value,0,Units,_Z,Not applicable,,
DATAFLOW,OECD.GOV.GIP:DSD_GOV@DF_GOV_EMPPS_REP_2023(1.0),"Public employment and representation - Government at a glance indicators, 2023 edition",I,A,Annual,HUN,Hungary,EMPW_PJ,Gender equality in professional judges,PT_W,Percentage of women,_Z,Not applicable,2023,2023,EMPPS_REP,Public employment and representation,2020,,69,,A,Normal value,0,Units,_Z,Not applicable,,
DATAFLOW,OECD.GOV.GIP:DSD_GOV@DF_GOV_EMPPS_REP_2023(1.0),"Public employment and representation - Government at a glance indicators, 2023 edition",I,A,Annual,HUN,Hungary,EMPW_PARL,Gender equality in parliament,PT_W,Percentage of women,_Z,Not applicable,2023,2023,EMPPS_REP,Public employment and representation,2002,,9.1,,A,Normal value,0,Units,_Z,Not applicable,,
DATAFLOW,OECD.GOV.GIP:DSD_GOV@DF_GOV_EMPPS_REP_2023(1.0),"Public employment and representation - Government at a glance indicators, 2023 edition",I,A,Annual,HUN,Hungary,EMPW_PARL,Gender equality in parliament,PT_W,Percentage of women,_Z,Not applicable,2023,2023,EMPPS_REP,Public employment and representation,2012,,8.8,,A,Normal value,0,Units,_Z,Not applicable,,
DATAFLOW,OECD.GOV.GIP:DSD_GOV@DF_GOV_EMPPS_REP_2023(1.0),"Public employment and representation - Government at a glance indicators, 2023 edition",I,A,Annual,HUN,Hungary,EMPW_PARL,Gender equality in parliament,PT_W,Percentage of women,_Z,Not applicable,2023,2023,EMPPS_REP,Public employment and representation,2015,,10.1,,A,Normal value,0,Units,_Z,Not applicable,,
DATAFLOW,OECD.GOV.GIP:DSD_GOV@DF_GOV_EMPPS_REP_2023(1.0),"Public employment and representation - Government at a glance indicators, 2023 edition",I,A,Annual,HUN,Hungary,EMPW_PARL,Gender equality in parliament,PT_W,Percentage of women,_Z,Not applicable,2023,2023,EMPPS_REP,Public employment and representation,2017,,10.1,,A,Normal value,0,Units,_Z,Not applicable,,
DATAFLOW,OECD.GOV.GIP:DSD_GOV@DF_GOV_EMPPS_REP_2023(1.0),"Public employment and representation - Government at a glance indicators, 2023 edition",I,A,Annual,HUN,Hungary,EMPW_PARL,Gender equality in parliament,PT_W,Percentage of women,_Z,Not applicable,2023,2023,EMPPS_REP,Public employment and representation,2019,,12.6,,A,Normal value,0,Units,_Z,Not applicable,,
DATAFLOW,OECD.GOV.GIP:DSD_GOV@DF_GOV_EMPPS_REP_2023(1.0),"Public employment and representation - Government at a glance indicators, 2023 edition",I,A,Annual,HUN,Hungary,EMPW_PARL,Gender equality in parliament,PT_W,Percentage of women,_Z,Not applicable,2023,2023,EMPPS_REP,Public employment and representation,2021,,12.6,,A,Normal value,0,Units,_Z,Not applicable,,
DATAFLOW,OECD.GOV.GIP:DSD_GOV@DF_GOV_EMPPS_REP_2023(1.0),"Public employment and representation - Government at a glance indicators, 2023 edition",I,A,Annual,ESP,Spain,EMPW_PARL,Gender equality in parliament,PT_W,Percentage of women,_Z,Not applicable,2023,2023,EMPPS_REP,Public employment and representation,2023,,42.4,,A,Normal value,0,Units,_Z,Not applicable,,
DATAFLOW,OECD.GOV.GIP:DSD_GOV@DF_GOV_EMPPS_REP_2023(1.0),"Public employment and representation - Government at a glance indicators, 2023 edition",I,A,Annual,ESP,Spain,EMPW_SMP,Gender equality in senior management positions in national administrations,PT_W,Percentage of women,S1311,Central government,2023,2023,EMPPS_REP,Public employment and representation,2007,,33.3,,A,Normal value,0,Units,_Z,Not applicable,,
DATAFLOW,OECD.GOV.GIP:DSD_GOV@DF_GOV_EMPPS_REP_2023(1.0),"Public employment and representation - Government at a glance indicators, 2023 edition",I,A,Annual,ESP,Spain,EMPW_SMP,Gender equality in senior management positions in national administrations,PT_W,Percentage of women,S1311,Central government,2023,2023,EMPPS_REP,Public employment and representation,2008,,50,,A,Normal value,0,Units,_Z,Not applicable,,
DATAFLOW,OECD.GOV.GIP:DSD_GOV@DF_GOV_EMPPS_REP_2023(1.0),"Public employment and representation - Government at a glance indicators, 2023 edition",I,A,Annual,ESP,Spain,EMPW_SMP,Gender equality in senior management positions in national administrations,PT_W,Percentage of women,S1311,Central government,2023,2023,EMPPS_REP,Public employment and representation,2009,,32.8,,A,Normal value,0,Units,_Z,Not applicable,,
DATAFLOW,OECD.GOV.GIP:DSD_GOV@DF_GOV_EMPPS_REP_2023(1.0),"Public employment and representation - Government at a glance indicators, 2023 edition",I,A,Annual,ESP,Spain,EMPW_SMP,Gender equality in senior management positions in national administrations,PT_W,Percentage of women,S1311,Central government,2023,2023,EMPPS_REP,Public employment and representation,2010,,34.2,,A,Normal value,0,Units,_Z,Not applicable,,
DATAFLOW,OECD.GOV.GIP:DSD_GOV@DF_GOV_EMPPS_REP_2023(1.0),"Public employment and representation - Government at a glance indicators, 2023 edition",I,A,Annual,ESP,Spain,EMPW_SMP,Gender equality in senior management positions in national administrations,PT_W,Percentage of women,S1311,Central government,2023,2023,EMPPS_REP,Public employment and representation,2011,,39.9,,A,Normal value,0,Units,_Z,Not applicable,,
DATAFLOW,OECD.GOV.GIP:DSD_GOV@DF_GOV_EMPPS_REP_2023(1.0),"Public employment and representation - Government at a glance indicators, 2023 edition",I,A,Annual,ESP,Spain,EMPW_SMP,Gender equality in senior management positions in national administrations,PT_W,Percentage of women,S1311,Central government,2023,2023,EMPPS_REP,Public employment and representation,2012,,32.4,,A,Normal value,0,Units,_Z,Not applicable,,
DATAFLOW,OECD.GOV.GIP:DSD_GOV@DF_GOV_EMPPS_REP_2023(1.0),"Public employment and representation - Government at a glance indicators, 2023 edition",I,A,Annual,ESP,Spain,EMPW_SMP,Gender equality in senior management positions in national administrations,PT_W,Percentage of women,S1311,Central government,2023,2023,EMPPS_REP,Public employment and representation,2013,,31.8,,A,Normal value,0,Units,_Z,Not applicable,,
DATAFLOW,OECD.GOV.GIP:DSD_GOV@DF_GOV_EMPPS_REP_2023(1.0),"Public employment and representation - Government at a glance indicators, 2023 edition",I,A,Annual,ESP,Spain,EMPW_SMP,Gender equality in senior management positions in national administrations,PT_W,Percentage of women,S1311,Central government,2023,2023,EMPPS_REP,Public employment and representation,2014,,32,,A,Normal value,0,Units,_Z,Not applicable,,
DATAFLOW,OECD.GOV.GIP:DSD_GOV@DF_GOV_EMPPS_REP_2023(1.0),"Public employment and representation - Government at a glance indicators, 2023 edition",I,A,Annual,ESP,Spain,EMPW_SMP,Gender equality in senior management positions in national administrations,PT_W,Percentage of women,S1311,Central government,2023,2023,EMPPS_REP,Public employment and representation,2015,,30.1,,A,Normal value,0,Units,_Z,Not applicable,,
DATAFLOW,OECD.GOV.GIP:DSD_GOV@DF_GOV_EMPPS_REP_2023(1.0),"Public employment and representation - Government at a glance indicators, 2023 edition",I,A,Annual,ESP,Spain,EMPW_SMP,Gender equality in senior management positions in national administrations,PT_W,Percentage of women,S1311,Central government,2023,2023,EMPPS_REP,Public employment and representation,2016,,30.2,,A,Normal value,0,Units,_Z,Not applicable,,
DATAFLOW,OECD.GOV.GIP:DSD_GOV@DF_GOV_EMPPS_REP_2023(1.0),"Public employment and representation - Government at a glance indicators, 2023 edition",I,A,Annual,ESP,Spain,EMPW_SMP,Gender equality in senior management positions in national administrations,PT_W,Percentage of women,S1311,Central government,2023,2023,EMPPS_REP,Public employment and representation,2017,,28.7,,A,Normal value,0,Units,_Z,Not applicable,,
DATAFLOW,OECD.GOV.GIP:DSD_GOV@DF_GOV_EMPPS_REP_2023(1.0),"Public employment and representation - Government at a glance indicators, 2023 edition",I,A,Annual,ESP,Spain,EMPW_SMP,Gender equality in senior management positions in national administrations,PT_W,Percentage of women,S1311,Central government,2023,2023,EMPPS_REP,Public employment and representation,2018,,39.2,,A,Normal value,0,Units,_Z,Not applicable,,
DATAFLOW,OECD.GOV.GIP:DSD_GOV@DF_GOV_EMPPS_REP_2023(1.0),"Public employment and representation - Government at a glance indicators, 2023 edition",I,A,Annual,ESP,Spain,EMPW_SMP,Gender equality in senior management positions in national administrations,PT_W,Percentage of women,S1311,Central government,2023,2023,EMPPS_REP,Public employment and representation,2019,,41.2,,A,Normal value,0,Units,_Z,Not applicable,,
DATAFLOW,OECD.GOV.GIP:DSD_GOV@DF_GOV_EMPPS_REP_2023(1.0),"Public employment and representation - Government at a glance indicators, 2023 edition",I,A,Annual,ESP,Spain,EMPW_SMP,Gender equality in senior management positions in national administrations,PT_W,Percentage of women,S1311,Central government,2023,2023,EMPPS_REP,Public employment and representation,2020,,42.9,,A,Normal value,0,Units,_Z,Not applicable,,
DATAFLOW,OECD.GOV.GIP:DSD_GOV@DF_GOV_EMPPS_REP_2023(1.0),"Public employment and representation - Government at a glance indicators, 2023 edition",I,A,Annual,ESP,Spain,EMPW_SMP,Gender equality in senior management positions in national administrations,PT_W,Percentage of women,S1311,Central government,2023,2023,EMPPS_REP,Public employment and representation,2021,,43.1,,A,Normal value,0,Units,_Z,Not applicable,,
DATAFLOW,OECD.GOV.GIP:DSD_GOV@DF_GOV_EMPPS_REP_2023(1.0),"Public employment and representation - Government at a glance indicators, 2023 edition",I,A,Annual,ESP,Spain,EMPW_SMP,Gender equality in senior management positions in national administrations,PT_W,Percentage of women,S1311,Central government,2023,2023,EMPPS_REP,Public employment and representation,2022,,48.5,,A,Normal value,0,Units,_Z,Not applicable,,
DATAFLOW,OECD.GOV.GIP:DSD_GOV@DF_GOV_EMPPS_REP_2023(1.0),"Public employment and representation - Government at a glance indicators, 2023 edition",I,A,Annual,ESP,Spain,EMPWPS,Gender equality in public sector employment,PT_W,Percentage of women,S1ZS,Public sector,2023,2023,EMPPS_REP,Public employment and representation,2020,,56.11,,A,Normal value,0,Units,_Z,Not applicable,,
DATAFLOW,OECD.GOV.GIP:DSD_GOV@DF_GOV_EMPPS_REP_2023(1.0),"Public employment and representation - Government at a glance indicators, 2023 edition",I,A,Annual,ESP,Spain,EMPWPS,Gender equality in public sector employment,PT_W,Percentage of women,S1ZS,Public sector,2023,2023,EMPPS_REP,Public employment and representation,2011,,54.12,,A,Normal value,0,Units,_Z,Not applicable,,
DATAFLOW,OECD.GOV.GIP:DSD_GOV@DF_GOV_EMPPS_REP_2023(1.0),"Public employment and representation - Government at a glance indicators, 2023 edition",I,A,Annual,ESP,Spain,EMPW_PJ,Gender equality in professional judges,PT_W,Percentage of women,_Z,Not applicable,2023,2023,EMPPS_REP,Public employment and representation,2014,,52,,A,Normal value,0,Units,_Z,Not applicable,,
DATAFLOW,OECD.GOV.GIP:DSD_GOV@DF_GOV_EMPPS_REP_2023(1.0),"Public employment and representation - Government at a glance indicators, 2023 edition",I,A,Annual,ESP,Spain,EMPW_PJ,Gender equality in professional judges,PT_W,Percentage of women,_Z,Not applicable,2023,2023,EMPPS_REP,Public employment and representation,2020,,55,,A,Normal value,0,Units,_Z,Not applicable,,
DATAFLOW,OECD.GOV.GIP:DSD_GOV@DF_GOV_EMPPS_REP_2023(1.0),"Public employment and representation - Government at a glance indicators, 2023 edition",I,A,Annual,ESP,Spain,EMPW_PARL,Gender equality in parliament,PT_W,Percentage of women,_Z,Not applicable,2023,2023,EMPPS_REP,Public employment and representation,2002,,28.3,,A,Normal value,0,Units,_Z,Not applicable,,
DATAFLOW,OECD.GOV.GIP:DSD_GOV@DF_GOV_EMPPS_REP_2023(1.0),"Public employment and representation - Government at a glance indicators, 2023 edition",I,A,Annual,ESP,Spain,EMPW_PARL,Gender equality in parliament,PT_W,Percentage of women,_Z,Not applicable,2023,2023,EMPPS_REP,Public employment and representation,2012,,36,,A,Normal value,0,Units,_Z,Not applicable,,
DATAFLOW,OECD.GOV.GIP:DSD_GOV@DF_GOV_EMPPS_REP_2023(1.0),"Public employment and representation - Government at a glance indicators, 2023 edition",I,A,Annual,ESP,Spain,EMPW_PARL,Gender equality in parliament,PT_W,Percentage of women,_Z,Not applicable,2023,2023,EMPPS_REP,Public employment and representation,2015,,41.1,,A,Normal value,0,Units,_Z,Not applicable,,
DATAFLOW,OECD.GOV.GIP:DSD_GOV@DF_GOV_EMPPS_REP_2023(1.0),"Public employment and representation - Government at a glance indicators, 2023 edition",I,A,Annual,ESP,Spain,EMPW_PARL,Gender equality in parliament,PT_W,Percentage of women,_Z,Not applicable,2023,2023,EMPPS_REP,Public employment and representation,2017,,39.1,,A,Normal value,0,Units,_Z,Not applicable,,
DATAFLOW,OECD.GOV.GIP:DSD_GOV@DF_GOV_EMPPS_REP_2023(1.0),"Public employment and representation - Government at a glance indicators, 2023 edition",I,A,Annual,ESP,Spain,EMPW_PARL,Gender equality in parliament,PT_W,Percentage of women,_Z,Not applicable,2023,2023,EMPPS_REP,Public employment and representation,2019,,41.1,,A,Normal value,0,Units,_Z,Not applicable,,
DATAFLOW,OECD.GOV.GIP:DSD_GOV@DF_GOV_EMPPS_REP_2023(1.0),"Public employment and representation - Government at a glance indicators, 2023 edition",I,A,Annual,ESP,Spain,EMPW_PARL,Gender equality in parliament,PT_W,Percentage of women,_Z,Not applicable,2023,2023,EMPPS_REP,Public employment and representation,2021,,44,,A,Normal value,0,Units,_Z,Not applicable,,
DATAFLOW,OECD.GOV.GIP:DSD_GOV@DF_GOV_EMPPS_REP_2023(1.0),"Public employment and representation - Government at a glance indicators, 2023 edition",I,A,Annual,FIN,Finland,EMPW_PARL,Gender equality in parliament,PT_W,Percentage of women,_Z,Not applicable,2023,2023,EMPPS_REP,Public employment and representation,2023,,45.5,,A,Normal value,0,Units,_Z,Not applicable,,
DATAFLOW,OECD.GOV.GIP:DSD_GOV@DF_GOV_EMPPS_REP_2023(1.0),"Public employment and representation - Government at a glance indicators, 2023 edition",I,A,Annual,FIN,Finland,EMPW_SMP,Gender equality in senior management positions in national administrations,PT_W,Percentage of women,S1311,Central government,2023,2023,EMPPS_REP,Public employment and representation,2007,,36.1,,A,Normal value,0,Units,_Z,Not applicable,,
DATAFLOW,OECD.GOV.GIP:DSD_GOV@DF_GOV_EMPPS_REP_2023(1.0),"Public employment and representation - Government at a glance indicators, 2023 edition",I,A,Annual,FIN,Finland,EMPW_SMP,Gender equality in senior management positions in national administrations,PT_W,Percentage of women,S1311,Central government,2023,2023,EMPPS_REP,Public employment and representation,2008,,23.8,,A,Normal value,0,Units,_Z,Not applicable,,
DATAFLOW,OECD.GOV.GIP:DSD_GOV@DF_GOV_EMPPS_REP_2023(1.0),"Public employment and representation - Government at a glance indicators, 2023 edition",I,A,Annual,FIN,Finland,EMPW_SMP,Gender equality in senior management positions in national administrations,PT_W,Percentage of women,S1311,Central government,2023,2023,EMPPS_REP,Public employment and representation,2009,,25.3,,A,Normal value,0,Units,_Z,Not applicable,,
DATAFLOW,OECD.GOV.GIP:DSD_GOV@DF_GOV_EMPPS_REP_2023(1.0),"Public employment and representation - Government at a glance indicators, 2023 edition",I,A,Annual,FIN,Finland,EMPW_SMP,Gender equality in senior management positions in national administrations,PT_W,Percentage of women,S1311,Central government,2023,2023,EMPPS_REP,Public employment and representation,2010,,25.9,,A,Normal value,0,Units,_Z,Not applicable,,
DATAFLOW,OECD.GOV.GIP:DSD_GOV@DF_GOV_EMPPS_REP_2023(1.0),"Public employment and representation - Government at a glance indicators, 2023 edition",I,A,Annual,FIN,Finland,EMPW_SMP,Gender equality in senior management positions in national administrations,PT_W,Percentage of women,S1311,Central government,2023,2023,EMPPS_REP,Public employment and representation,2011,,24.4,,A,Normal value,0,Units,_Z,Not applicable,,
DATAFLOW,OECD.GOV.GIP:DSD_GOV@DF_GOV_EMPPS_REP_2023(1.0),"Public employment and representation - Government at a glance indicators, 2023 edition",I,A,Annual,FIN,Finland,EMPW_SMP,Gender equality in senior management positions in national administrations,PT_W,Percentage of women,S1311,Central government,2023,2023,EMPPS_REP,Public employment and representation,2012,,41.2,,A,Normal value,0,Units,_Z,Not applicable,,
DATAFLOW,OECD.GOV.GIP:DSD_GOV@DF_GOV_EMPPS_REP_2023(1.0),"Public employment and representation - Government at a glance indicators, 2023 edition",I,A,Annual,FIN,Finland,EMPW_SMP,Gender equality in senior management positions in national administrations,PT_W,Percentage of women,S1311,Central government,2023,2023,EMPPS_REP,Public employment and representation,2013,,44.4,,A,Normal value,0,Units,_Z,Not applicable,,
DATAFLOW,OECD.GOV.GIP:DSD_GOV@DF_GOV_EMPPS_REP_2023(1.0),"Public employment and representation - Government at a glance indicators, 2023 edition",I,A,Annual,FIN,Finland,EMPW_SMP,Gender equality in senior management positions in national administrations,PT_W,Percentage of women,S1311,Central government,2023,2023,EMPPS_REP,Public employment and representation,2014,,43.6,,A,Normal value,0,Units,_Z,Not applicable,,
DATAFLOW,OECD.GOV.GIP:DSD_GOV@DF_GOV_EMPPS_REP_2023(1.0),"Public employment and representation - Government at a glance indicators, 2023 edition",I,A,Annual,FIN,Finland,EMPW_SMP,Gender equality in senior management positions in national administrations,PT_W,Percentage of women,S1311,Central government,2023,2023,EMPPS_REP,Public employment and representation,2015,,43.8,,A,Normal value,0,Units,_Z,Not applicable,,
DATAFLOW,OECD.GOV.GIP:DSD_GOV@DF_GOV_EMPPS_REP_2023(1.0),"Public employment and representation - Government at a glance indicators, 2023 edition",I,A,Annual,FIN,Finland,EMPW_SMP,Gender equality in senior management positions in national administrations,PT_W,Percentage of women,S1311,Central government,2023,2023,EMPPS_REP,Public employment and representation,2016,,48.9,,A,Normal value,0,Units,_Z,Not applicable,,
DATAFLOW,OECD.GOV.GIP:DSD_GOV@DF_GOV_EMPPS_REP_2023(1.0),"Public employment and representation - Government at a glance indicators, 2023 edition",I,A,Annual,FIN,Finland,EMPW_SMP,Gender equality in senior management positions in national administrations,PT_W,Percentage of women,S1311,Central government,2023,2023,EMPPS_REP,Public employment and representation,2017,,50.1,,A,Normal value,0,Units,_Z,Not applicable,,
DATAFLOW,OECD.GOV.GIP:DSD_GOV@DF_GOV_EMPPS_REP_2023(1.0),"Public employment and representation - Government at a glance indicators, 2023 edition",I,A,Annual,FIN,Finland,EMPW_SMP,Gender equality in senior management positions in national administrations,PT_W,Percentage of women,S1311,Central government,2023,2023,EMPPS_REP,Public employment and representation,2018,,50.7,,A,Normal value,0,Units,_Z,Not applicable,,
DATAFLOW,OECD.GOV.GIP:DSD_GOV@DF_GOV_EMPPS_REP_2023(1.0),"Public employment and representation - Government at a glance indicators, 2023 edition",I,A,Annual,FIN,Finland,EMPW_SMP,Gender equality in senior management positions in national administrations,PT_W,Percentage of women,S1311,Central government,2023,2023,EMPPS_REP,Public employment and representation,2019,,51.2,,A,Normal value,0,Units,_Z,Not applicable,,
DATAFLOW,OECD.GOV.GIP:DSD_GOV@DF_GOV_EMPPS_REP_2023(1.0),"Public employment and representation - Government at a glance indicators, 2023 edition",I,A,Annual,FIN,Finland,EMPW_SMP,Gender equality in senior management positions in national administrations,PT_W,Percentage of women,S1311,Central government,2023,2023,EMPPS_REP,Public employment and representation,2020,,55.5,,A,Normal value,0,Units,_Z,Not applicable,,
DATAFLOW,OECD.GOV.GIP:DSD_GOV@DF_GOV_EMPPS_REP_2023(1.0),"Public employment and representation - Government at a glance indicators, 2023 edition",I,A,Annual,FIN,Finland,EMPW_SMP,Gender equality in senior management positions in national administrations,PT_W,Percentage of women,S1311,Central government,2023,2023,EMPPS_REP,Public employment and representation,2021,,56.3,,A,Normal value,0,Units,_Z,Not applicable,,
DATAFLOW,OECD.GOV.GIP:DSD_GOV@DF_GOV_EMPPS_REP_2023(1.0),"Public employment and representation - Government at a glance indicators, 2023 edition",I,A,Annual,FIN,Finland,EMPW_SMP,Gender equality in senior management positions in national administrations,PT_W,Percentage of women,S1311,Central government,2023,2023,EMPPS_REP,Public employment and representation,2022,,52.3,,A,Normal value,0,Units,_Z,Not applicable,,
DATAFLOW,OECD.GOV.GIP:DSD_GOV@DF_GOV_EMPPS_REP_2023(1.0),"Public employment and representation - Government at a glance indicators, 2023 edition",I,A,Annual,FIN,Finland,EMPWPS,Gender equality in public sector employment,PT_W,Percentage of women,S1ZS,Public sector,2023,2023,EMPPS_REP,Public employment and representation,2020,,72.19,,A,Normal value,0,Units,_Z,Not applicable,,
DATAFLOW,OECD.GOV.GIP:DSD_GOV@DF_GOV_EMPPS_REP_2023(1.0),"Public employment and representation - Government at a glance indicators, 2023 edition",I,A,Annual,FIN,Finland,EMPWPS,Gender equality in public sector employment,PT_W,Percentage of women,S1ZS,Public sector,2023,2023,EMPPS_REP,Public employment and representation,2011,,71.36,,A,Normal value,0,Units,_Z,Not applicable,,
DATAFLOW,OECD.GOV.GIP:DSD_GOV@DF_GOV_EMPPS_REP_2023(1.0),"Public employment and representation - Government at a glance indicators, 2023 edition",I,A,Annual,FIN,Finland,EMPW_PJ,Gender equality in professional judges,PT_W,Percentage of women,_Z,Not applicable,2023,2023,EMPPS_REP,Public employment and representation,2014,,52,,A,Normal value,0,Units,_Z,Not applicable,,
DATAFLOW,OECD.GOV.GIP:DSD_GOV@DF_GOV_EMPPS_REP_2023(1.0),"Public employment and representation - Government at a glance indicators, 2023 edition",I,A,Annual,FIN,Finland,EMPW_PJ,Gender equality in professional judges,PT_W,Percentage of women,_Z,Not applicable,2023,2023,EMPPS_REP,Public employment and representation,2020,,60,,A,Normal value,0,Units,_Z,Not applicable,,
DATAFLOW,OECD.GOV.GIP:DSD_GOV@DF_GOV_EMPPS_REP_2023(1.0),"Public employment and representation - Government at a glance indicators, 2023 edition",I,A,Annual,FIN,Finland,EMPW_PARL,Gender equality in parliament,PT_W,Percentage of women,_Z,Not applicable,2023,2023,EMPPS_REP,Public employment and representation,2002,,36.5,,A,Normal value,0,Units,_Z,Not applicable,,
DATAFLOW,OECD.GOV.GIP:DSD_GOV@DF_GOV_EMPPS_REP_2023(1.0),"Public employment and representation - Government at a glance indicators, 2023 edition",I,A,Annual,FIN,Finland,EMPW_PARL,Gender equality in parliament,PT_W,Percentage of women,_Z,Not applicable,2023,2023,EMPPS_REP,Public employment and representation,2012,,42.5,,A,Normal value,0,Units,_Z,Not applicable,,
DATAFLOW,OECD.GOV.GIP:DSD_GOV@DF_GOV_EMPPS_REP_2023(1.0),"Public employment and representation - Government at a glance indicators, 2023 edition",I,A,Annual,FIN,Finland,EMPW_PARL,Gender equality in parliament,PT_W,Percentage of women,_Z,Not applicable,2023,2023,EMPPS_REP,Public employment and representation,2015,,41.5,,A,Normal value,0,Units,_Z,Not applicable,,
DATAFLOW,OECD.GOV.GIP:DSD_GOV@DF_GOV_EMPPS_REP_2023(1.0),"Public employment and representation - Government at a glance indicators, 2023 edition",I,A,Annual,FIN,Finland,EMPW_PARL,Gender equality in parliament,PT_W,Percentage of women,_Z,Not applicable,2023,2023,EMPPS_REP,Public employment and representation,2017,,42,,A,Normal value,0,Units,_Z,Not applicable,,
DATAFLOW,OECD.GOV.GIP:DSD_GOV@DF_GOV_EMPPS_REP_2023(1.0),"Public employment and representation - Government at a glance indicators, 2023 edition",I,A,Annual,FIN,Finland,EMPW_PARL,Gender equality in parliament,PT_W,Percentage of women,_Z,Not applicable,2023,2023,EMPPS_REP,Public employment and representation,2019,,46,,A,Normal value,0,Units,_Z,Not applicable,,
DATAFLOW,OECD.GOV.GIP:DSD_GOV@DF_GOV_EMPPS_REP_2023(1.0),"Public employment and representation - Government at a glance indicators, 2023 edition",I,A,Annual,FIN,Finland,EMPW_PARL,Gender equality in parliament,PT_W,Percentage of women,_Z,Not applicable,2023,2023,EMPPS_REP,Public employment and representation,2021,,46,,A,Normal value,0,Units,_Z,Not applicable,,
DATAFLOW,OECD.GOV.GIP:DSD_GOV@DF_GOV_EMPPS_REP_2023(1.0),"Public employment and representation - Government at a glance indicators, 2023 edition",I,A,Annual,ROU,Romania,EMPW_SMP,Gender equality in senior management positions in national administrations,PT_W,Percentage of women,S1311,Central government,2023,2023,EMPPS_REP,Public employment and representation,2010,,30.8,,A,Normal value,0,Units,_Z,Not applicable,,
DATAFLOW,OECD.GOV.GIP:DSD_GOV@DF_GOV_EMPPS_REP_2023(1.0),"Public employment and representation - Government at a glance indicators, 2023 edition",I,A,Annual,ROU,Romania,EMPW_SMP,Gender equality in senior management positions in national administrations,PT_W,Percentage of women,S1311,Central government,2023,2023,EMPPS_REP,Public employment and representation,2011,,59.1,,A,Normal value,0,Units,_Z,Not applicable,,
DATAFLOW,OECD.GOV.GIP:DSD_GOV@DF_GOV_EMPPS_REP_2023(1.0),"Public employment and representation - Government at a glance indicators, 2023 edition",I,A,Annual,ROU,Romania,EMPW_SMP,Gender equality in senior management positions in national administrations,PT_W,Percentage of women,S1311,Central government,2023,2023,EMPPS_REP,Public employment and representation,2012,,51.6,,A,Normal value,0,Units,_Z,Not applicable,,
DATAFLOW,OECD.GOV.GIP:DSD_GOV@DF_GOV_EMPPS_REP_2023(1.0),"Public employment and representation - Government at a glance indicators, 2023 edition",I,A,Annual,ROU,Romania,EMPW_SMP,Gender equality in senior management positions in national administrations,PT_W,Percentage of women,S1311,Central government,2023,2023,EMPPS_REP,Public employment and representation,2013,,50.2,,A,Normal value,0,Units,_Z,Not applicable,,
DATAFLOW,OECD.GOV.GIP:DSD_GOV@DF_GOV_EMPPS_REP_2023(1.0),"Public employment and representation - Government at a glance indicators, 2023 edition",I,A,Annual,ROU,Romania,EMPW_SMP,Gender equality in senior management positions in national administrations,PT_W,Percentage of women,S1311,Central government,2023,2023,EMPPS_REP,Public employment and representation,2014,,52.4,,A,Normal value,0,Units,_Z,Not applicable,,
DATAFLOW,OECD.GOV.GIP:DSD_GOV@DF_GOV_EMPPS_REP_2023(1.0),"Public employment and representation - Government at a glance indicators, 2023 edition",I,A,Annual,ROU,Romania,EMPW_SMP,Gender equality in senior management positions in national administrations,PT_W,Percentage of women,S1311,Central government,2023,2023,EMPPS_REP,Public employment and representation,2015,,51.7,,A,Normal value,0,Units,_Z,Not applicable,,
DATAFLOW,OECD.GOV.GIP:DSD_GOV@DF_GOV_EMPPS_REP_2023(1.0),"Public employment and representation - Government at a glance indicators, 2023 edition",I,A,Annual,ROU,Romania,EMPW_SMP,Gender equality in senior management positions in national administrations,PT_W,Percentage of women,S1311,Central government,2023,2023,EMPPS_REP,Public employment and representation,2016,,53.4,,A,Normal value,0,Units,_Z,Not applicable,,
DATAFLOW,OECD.GOV.GIP:DSD_GOV@DF_GOV_EMPPS_REP_2023(1.0),"Public employment and representation - Government at a glance indicators, 2023 edition",I,A,Annual,ROU,Romania,EMPW_SMP,Gender equality in senior management positions in national administrations,PT_W,Percentage of women,S1311,Central government,2023,2023,EMPPS_REP,Public employment and representation,2017,,51.9,,A,Normal value,0,Units,_Z,Not applicable,,
DATAFLOW,OECD.GOV.GIP:DSD_GOV@DF_GOV_EMPPS_REP_2023(1.0),"Public employment and representation - Government at a glance indicators, 2023 edition",I,A,Annual,ROU,Romania,EMPW_SMP,Gender equality in senior management positions in national administrations,PT_W,Percentage of women,S1311,Central government,2023,2023,EMPPS_REP,Public employment and representation,2018,,49.6,,A,Normal value,0,Units,_Z,Not applicable,,
DATAFLOW,OECD.GOV.GIP:DSD_GOV@DF_GOV_EMPPS_REP_2023(1.0),"Public employment and representation - Government at a glance indicators, 2023 edition",I,A,Annual,ROU,Romania,EMPW_SMP,Gender equality in senior management positions in national administrations,PT_W,Percentage of women,S1311,Central government,2023,2023,EMPPS_REP,Public employment and representation,2019,,53.5,,A,Normal value,0,Units,_Z,Not applicable,,
DATAFLOW,OECD.GOV.GIP:DSD_GOV@DF_GOV_EMPPS_REP_2023(1.0),"Public employment and representation - Government at a glance indicators, 2023 edition",I,A,Annual,ROU,Romania,EMPW_SMP,Gender equality in senior management positions in national administrations,PT_W,Percentage of women,S1311,Central government,2023,2023,EMPPS_REP,Public employment and representation,2020,,54.3,,A,Normal value,0,Units,_Z,Not applicable,,
DATAFLOW,OECD.GOV.GIP:DSD_GOV@DF_GOV_EMPPS_REP_2023(1.0),"Public employment and representation - Government at a glance indicators, 2023 edition",I,A,Annual,ROU,Romania,EMPW_SMP,Gender equality in senior management positions in national administrations,PT_W,Percentage of women,S1311,Central government,2023,2023,EMPPS_REP,Public employment and representation,2021,,53.9,,A,Normal value,0,Units,_Z,Not applicable,,
DATAFLOW,OECD.GOV.GIP:DSD_GOV@DF_GOV_EMPPS_REP_2023(1.0),"Public employment and representation - Government at a glance indicators, 2023 edition",I,A,Annual,ROU,Romania,EMPW_SMP,Gender equality in senior management positions in national administrations,PT_W,Percentage of women,S1311,Central government,2023,2023,EMPPS_REP,Public employment and representation,2022,,50.2,,A,Normal value,0,Units,_Z,Not applicable,,
DATAFLOW,OECD.GOV.GIP:DSD_GOV@DF_GOV_EMPPS_REP_2023(1.0),"Public employment and representation - Government at a glance indicators, 2023 edition",I,A,Annual,ROU,Romania,EMPWPS,Gender equality in public sector employment,PT_W,Percentage of women,S1ZS,Public sector,2023,2023,EMPPS_REP,Public employment and representation,2020,,53.36,,A,Normal value,0,Units,_Z,Not applicable,,
DATAFLOW,OECD.GOV.GIP:DSD_GOV@DF_GOV_EMPPS_REP_2023(1.0),"Public employment and representation - Government at a glance indicators, 2023 edition",I,A,Annual,ROU,Romania,EMPWPS,Gender equality in public sector employment,PT_W,Percentage of women,S1ZS,Public sector,2023,2023,EMPPS_REP,Public employment and representation,2011,,52.24,,A,Normal value,0,Units,_Z,Not applicable,,
DATAFLOW,OECD.GOV.GIP:DSD_GOV@DF_GOV_EMPPS_REP_2023(1.0),"Public employment and representation - Government at a glance indicators, 2023 edition",I,A,Annual,ROU,Romania,EMPW_PARL,Gender equality in parliament,PT_W,Percentage of women,_Z,Not applicable,2023,2023,EMPPS_REP,Public employment and representation,2012,,11.2,,A,Normal value,0,Units,_Z,Not applicable,,
DATAFLOW,OECD.GOV.GIP:DSD_GOV@DF_GOV_EMPPS_REP_2023(1.0),"Public employment and representation - Government at a glance indicators, 2023 edition",I,A,Annual,ROU,Romania,EMPW_PARL,Gender equality in parliament,PT_W,Percentage of women,_Z,Not applicable,2023,2023,EMPPS_REP,Public employment and representation,2017,,20.7,,A,Normal value,0,Units,_Z,Not applicable,,
DATAFLOW,OECD.GOV.GIP:DSD_GOV@DF_GOV_EMPPS_REP_2023(1.0),"Public employment and representation - Government at a glance indicators, 2023 edition",I,A,Annual,ROU,Romania,EMPW_PARL,Gender equality in parliament,PT_W,Percentage of women,_Z,Not applicable,2023,2023,EMPPS_REP,Public employment and representation,2019,,20.7,,A,Normal value,0,Units,_Z,Not applicable,,
DATAFLOW,OECD.GOV.GIP:DSD_GOV@DF_GOV_EMPPS_REP_2023(1.0),"Public employment and representation - Government at a glance indicators, 2023 edition",I,A,Annual,ROU,Romania,EMPW_PARL,Gender equality in parliament,PT_W,Percentage of women,_Z,Not applicable,2023,2023,EMPPS_REP,Public employment and representation,2021,,18.5,,A,Normal value,0,Units,_Z,Not applicable,,
DATAFLOW,OECD.GOV.GIP:DSD_GOV@DF_GOV_EMPPS_REP_2023(1.0),"Public employment and representation - Government at a glance indicators, 2023 edition",I,A,Annual,ROU,Romania,EMPW_PARL,Gender equality in parliament,PT_W,Percentage of women,_Z,Not applicable,2023,2023,EMPPS_REP,Public employment and representation,2023,,19.1,,A,Normal value,0,Units,_Z,Not applicable,,
DATAFLOW,OECD.GOV.GIP:DSD_GOV@DF_GOV_EMPPS_REP_2023(1.0),"Public employment and representation - Government at a glance indicators, 2023 edition",I,A,Annual,ROU,Romania,EMPW_SMP,Gender equality in senior management positions in national administrations,PT_W,Percentage of women,S1311,Central government,2023,2023,EMPPS_REP,Public employment and representation,2007,,35.2,,A,Normal value,0,Units,_Z,Not applicable,,
DATAFLOW,OECD.GOV.GIP:DSD_GOV@DF_GOV_EMPPS_REP_2023(1.0),"Public employment and representation - Government at a glance indicators, 2023 edition",I,A,Annual,ROU,Romania,EMPW_SMP,Gender equality in senior management positions in national administrations,PT_W,Percentage of women,S1311,Central government,2023,2023,EMPPS_REP,Public employment and representation,2008,,42.4,,A,Normal value,0,Units,_Z,Not applicable,,
DATAFLOW,OECD.GOV.GIP:DSD_GOV@DF_GOV_EMPPS_REP_2023(1.0),"Public employment and representation - Government at a glance indicators, 2023 edition",I,A,Annual,ROU,Romania,EMPW_SMP,Gender equality in senior management positions in national administrations,PT_W,Percentage of women,S1311,Central government,2023,2023,EMPPS_REP,Public employment and representation,2009,,39.6,,A,Normal value,0,Units,_Z,Not applicable,,
