STRUCTURE,STRUCTURE_ID,STRUCTURE_NAME,ACTION,REF_AREA,Reference area,MEASURE,Measure,UNIT_MEASURE,Unit of measure,PAY_PERIOD,Pay period,PRICE_BASE,Price base,AGGREGATION_OPERATION,Aggregation operation,SEX,Sex,TIME_PERIOD,Time period,OBS_VALUE,Observation value,BASE_PER,Base period,OBS_STATUS,Observation status,UNIT_MULT,Unit multiplier,DECIMALS,Decimals
DATAFLOW,OECD.ELS.SAE:DSD_EARNINGS@GENDER_WAGE_GAP(1.1),Gender wage gap,I,AUS,Australia,GWP,Gender wage gap,PT_WG_SAL_M_D,Percentage of wages of men in the same decile,_Z,Not applicable,_Z,Not applicable,MEAN,Mean,_T,Total,1996,,0,,,,A,Normal value,0,Units,1,One
DATAFLOW,OECD.ELS.SAE:DSD_EARNINGS@GENDER_WAGE_GAP(1.1),Gender wage gap,I,CZE,Czechia,GWP,Gender wage gap,PT_WG_SAL_M_D,Percentage of wages of men in the same decile,_Z,Not applicable,_Z,Not applicable,MEAN,Mean,_T,Total,1998,,0,,,,A,Normal value,0,Units,1,One
DATAFLOW,OECD.ELS.SAE:DSD_EARNINGS@GENDER_WAGE_GAP(1.1),Gender wage gap,I,CZE,Czechia,GWP,Gender wage gap,PT_WG_SAL_M_D,Percentage of wages of men in the same decile,_Z,Not applicable,_Z,Not applicable,MEAN,Mean,_T,Total,2000,,0,,,,A,Normal value,0,Units,1,One
DATAFLOW,OECD.ELS.SAE:DSD_EARNINGS@GENDER_WAGE_GAP(1.1),Gender wage gap,I,FIN,Finland,GWP,Gender wage gap,PT_WG_SAL_M_D,Percentage of wages of men in the same decile,_Z,Not applicable,_Z,Not applicable,MEAN,Mean,_T,Total,1977,,0,,,,A,Normal value,0,Units,1,One
DATAFLOW,OECD.ELS.SAE:DSD_EARNINGS@GENDER_WAGE_GAP(1.1),Gender wage gap,I,HUN,Hungary,GWP,Gender wage gap,PT_WG_SAL_M_D,Percentage of wages of men in the same decile,_Z,Not applicable,_Z,Not applicable,MEAN,Mean,_T,Total,1986,,0,,,,A,Normal value,0,Units,1,One
DATAFLOW,OECD.ELS.SAE:DSD_EARNINGS@GENDER_WAGE_GAP(1.1),Gender wage gap,I,HUN,Hungary,GWP,Gender wage gap,PT_WG_SAL_M_D,Percentage of wages of men in the same decile,_Z,Not applicable,_Z,Not applicable,MEAN,Mean,_T,Total,1997,,0,,,,A,Normal value,0,Units,1,One
DATAFLOW,OECD.ELS.SAE:DSD_EARNINGS@GENDER_WAGE_GAP(1.1),Gender wage gap,I,ISL,Iceland,GWP,Gender wage gap,PT_WG_SAL_M_D,Percentage of wages of men in the same decile,_Z,Not applicable,_Z,Not applicable,MEAN,Mean,_T,Total,2022,,0,,,,A,Normal value,0,Units,1,One
DATAFLOW,OECD.ELS.SAE:DSD_EARNINGS@GENDER_WAGE_GAP(1.1),Gender wage gap,I,KOR,Korea,GWP,Gender wage gap,PT_WG_SAL_M_D,Percentage of wages of men in the same decile,_Z,Not applicable,_Z,Not applicable,MEAN,Mean,_T,Total,1984,,0,,,,A,Normal value,0,Units,1,One
DATAFLOW,OECD.ELS.SAE:DSD_EARNINGS@GENDER_WAGE_GAP(1.1),Gender wage gap,I,KOR,Korea,GWP,Gender wage gap,PT_WG_SAL_M_D,Percentage of wages of men in the same decile,_Z,Not applicable,_Z,Not applicable,MEAN,Mean,_T,Total,1986,,0,,,,A,Normal value,0,Units,1,One
DATAFLOW,OECD.ELS.SAE:DSD_EARNINGS@GENDER_WAGE_GAP(1.1),Gender wage gap,I,KOR,Korea,GWP,Gender wage gap,PT_WG_SAL_M_D,Percentage of wages of men in the same decile,_Z,Not applicable,_Z,Not applicable,MEAN,Mean,_T,Total,1987,,0,,,,A,Normal value,0,Units,1,One
DATAFLOW,OECD.ELS.SAE:DSD_EARNINGS@GENDER_WAGE_GAP(1.1),Gender wage gap,I,KOR,Korea,GWP,Gender wage gap,PT_WG_SAL_M_D,Percentage of wages of men in the same decile,_Z,Not applicable,_Z,Not applicable,MEAN,Mean,_T,Total,1988,,0,,,,A,Normal value,0,Units,1,One
DATAFLOW,OECD.ELS.SAE:DSD_EARNINGS@GENDER_WAGE_GAP(1.1),Gender wage gap,I,KOR,Korea,GWP,Gender wage gap,PT_WG_SAL_M_D,Percentage of wages of men in the same decile,_Z,Not applicable,_Z,Not applicable,MEAN,Mean,_T,Total,1989,,0,,,,A,Normal value,0,Units,1,One
DATAFLOW,OECD.ELS.SAE:DSD_EARNINGS@GENDER_WAGE_GAP(1.1),Gender wage gap,I,KOR,Korea,GWP,Gender wage gap,PT_WG_SAL_M_D,Percentage of wages of men in the same decile,_Z,Not applicable,_Z,Not applicable,MEAN,Mean,_T,Total,1990,,0,,,,A,Normal value,0,Units,1,One
DATAFLOW,OECD.ELS.SAE:DSD_EARNINGS@GENDER_WAGE_GAP(1.1),Gender wage gap,I,KOR,Korea,GWP,Gender wage gap,PT_WG_SAL_M_D,Percentage of wages of men in the same decile,_Z,Not applicable,_Z,Not applicable,MEAN,Mean,_T,Total,1991,,0,,,,A,Normal value,0,Units,1,One
DATAFLOW,OECD.ELS.SAE:DSD_EARNINGS@GENDER_WAGE_GAP(1.1),Gender wage gap,I,LTU,Lithuania,GWP,Gender wage gap,PT_WG_SAL_M_D,Percentage of wages of men in the same decile,_Z,Not applicable,_Z,Not applicable,MEAN,Mean,_T,Total,2023,,0,,,,A,Normal value,0,Units,1,One
DATAFLOW,OECD.ELS.SAE:DSD_EARNINGS@GENDER_WAGE_GAP(1.1),Gender wage gap,I,NZL,New Zealand,GWP,Gender wage gap,PT_WG_SAL_M_D,Percentage of wages of men in the same decile,_Z,Not applicable,_Z,Not applicable,MEAN,Mean,_T,Total,1984,,0,,,,A,Normal value,0,Units,1,One
DATAFLOW,OECD.ELS.SAE:DSD_EARNINGS@GENDER_WAGE_GAP(1.1),Gender wage gap,I,NZL,New Zealand,GWP,Gender wage gap,PT_WG_SAL_M_D,Percentage of wages of men in the same decile,_Z,Not applicable,_Z,Not applicable,MEAN,Mean,_T,Total,1985,,0,,,,A,Normal value,0,Units,1,One
DATAFLOW,OECD.ELS.SAE:DSD_EARNINGS@GENDER_WAGE_GAP(1.1),Gender wage gap,I,NZL,New Zealand,GWP,Gender wage gap,PT_WG_SAL_M_D,Percentage of wages of men in the same decile,_Z,Not applicable,_Z,Not applicable,MEAN,Mean,_T,Total,1986,,0,,,,A,Normal value,0,Units,1,One
DATAFLOW,OECD.ELS.SAE:DSD_EARNINGS@GENDER_WAGE_GAP(1.1),Gender wage gap,I,NZL,New Zealand,GWP,Gender wage gap,PT_WG_SAL_M_D,Percentage of wages of men in the same decile,_Z,Not applicable,_Z,Not applicable,MEAN,Mean,_T,Total,1987,,0,,,,A,Normal value,0,Units,1,One
DATAFLOW,OECD.ELS.SAE:DSD_EARNINGS@GENDER_WAGE_GAP(1.1),Gender wage gap,I,NZL,New Zealand,GWP,Gender wage gap,PT_WG_SAL_M_D,Percentage of wages of men in the same decile,_Z,Not applicable,_Z,Not applicable,MEAN,Mean,_T,Total,1988,,0,,,,A,Normal value,0,Units,1,One
DATAFLOW,OECD.ELS.SAE:DSD_EARNINGS@GENDER_WAGE_GAP(1.1),Gender wage gap,I,NZL,New Zealand,GWP,Gender wage gap,PT_WG_SAL_M_D,Percentage of wages of men in the same decile,_Z,Not applicable,_Z,Not applicable,MEAN,Mean,_T,Total,1989,,0,,,,A,Normal value,0,Units,1,One
DATAFLOW,OECD.ELS.SAE:DSD_EARNINGS@GENDER_WAGE_GAP(1.1),Gender wage gap,I,NZL,New Zealand,GWP,Gender wage gap,PT_WG_SAL_M_D,Percentage of wages of men in the same decile,_Z,Not applicable,_Z,Not applicable,MEAN,Mean,_T,Total,1990,,0,,,,A,Normal value,0,Units,1,One
DATAFLOW,OECD.ELS.SAE:DSD_EARNINGS@GENDER_WAGE_GAP(1.1),Gender wage gap,I,NZL,New Zealand,GWP,Gender wage gap,PT_WG_SAL_M_D,Percentage of wages of men in the same decile,_Z,Not applicable,_Z,Not applicable,MEAN,Mean,_T,Total,1991,,0,,,,A,Normal value,0,Units,1,One
DATAFLOW,OECD.ELS.SAE:DSD_EARNINGS@GENDER_WAGE_GAP(1.1),Gender wage gap,I,NZL,New Zealand,GWP,Gender wage gap,PT_WG_SAL_M_D,Percentage of wages of men in the same decile,_Z,Not applicable,_Z,Not applicable,MEAN,Mean,_T,Total,1992,,0,,,,A,Normal value,0,Units,1,One
DATAFLOW,OECD.ELS.SAE:DSD_EARNINGS@GENDER_WAGE_GAP(1.1),Gender wage gap,I,NZL,New Zealand,GWP,Gender wage gap,PT_WG_SAL_M_D,Percentage of wages of men in the same decile,_Z,Not applicable,_Z,Not applicable,MEAN,Mean,_T,Total,1993,,0,,,,A,Normal value,0,Units,1,One
DATAFLOW,OECD.ELS.SAE:DSD_EARNINGS@GENDER_WAGE_GAP(1.1),Gender wage gap,I,NZL,New Zealand,GWP,Gender wage gap,PT_WG_SAL_M_D,Percentage of wages of men in the same decile,_Z,Not applicable,_Z,Not applicable,MEAN,Mean,_T,Total,1994,,0,,,,A,Normal value,0,Units,1,One
DATAFLOW,OECD.ELS.SAE:DSD_EARNINGS@GENDER_WAGE_GAP(1.1),Gender wage gap,I,NZL,New Zealand,GWP,Gender wage gap,PT_WG_SAL_M_D,Percentage of wages of men in the same decile,_Z,Not applicable,_Z,Not applicable,MEAN,Mean,_T,Total,1995,,0,,,,A,Normal value,0,Units,1,One
DATAFLOW,OECD.ELS.SAE:DSD_EARNINGS@GENDER_WAGE_GAP(1.1),Gender wage gap,I,NZL,New Zealand,GWP,Gender wage gap,PT_WG_SAL_M_D,Percentage of wages of men in the same decile,_Z,Not applicable,_Z,Not applicable,MEAN,Mean,_T,Total,1996,,0,,,,A,Normal value,0,Units,1,One
DATAFLOW,OECD.ELS.SAE:DSD_EARNINGS@GENDER_WAGE_GAP(1.1),Gender wage gap,I,POL,Poland,GWP,Gender wage gap,PT_WG_SAL_M_D,Percentage of wages of men in the same decile,_Z,Not applicable,_Z,Not applicable,MEAN,Mean,_T,Total,1980,,0,,,,A,Normal value,0,Units,1,One
DATAFLOW,OECD.ELS.SAE:DSD_EARNINGS@GENDER_WAGE_GAP(1.1),Gender wage gap,I,POL,Poland,GWP,Gender wage gap,PT_WG_SAL_M_D,Percentage of wages of men in the same decile,_Z,Not applicable,_Z,Not applicable,MEAN,Mean,_T,Total,1981,,0,,,,A,Normal value,0,Units,1,One
DATAFLOW,OECD.ELS.SAE:DSD_EARNINGS@GENDER_WAGE_GAP(1.1),Gender wage gap,I,POL,Poland,GWP,Gender wage gap,PT_WG_SAL_M_D,Percentage of wages of men in the same decile,_Z,Not applicable,_Z,Not applicable,MEAN,Mean,_T,Total,1982,,0,,,,A,Normal value,0,Units,1,One
DATAFLOW,OECD.ELS.SAE:DSD_EARNINGS@GENDER_WAGE_GAP(1.1),Gender wage gap,I,POL,Poland,GWP,Gender wage gap,PT_WG_SAL_M_D,Percentage of wages of men in the same decile,_Z,Not applicable,_Z,Not applicable,MEAN,Mean,_T,Total,1983,,0,,,,A,Normal value,0,Units,1,One
DATAFLOW,OECD.ELS.SAE:DSD_EARNINGS@GENDER_WAGE_GAP(1.1),Gender wage gap,I,POL,Poland,GWP,Gender wage gap,PT_WG_SAL_M_D,Percentage of wages of men in the same decile,_Z,Not applicable,_Z,Not applicable,MEAN,Mean,_T,Total,1984,,0,,,,A,Normal value,0,Units,1,One
DATAFLOW,OECD.ELS.SAE:DSD_EARNINGS@GENDER_WAGE_GAP(1.1),Gender wage gap,I,POL,Poland,GWP,Gender wage gap,PT_WG_SAL_M_D,Percentage of wages of men in the same decile,_Z,Not applicable,_Z,Not applicable,MEAN,Mean,_T,Total,1985,,0,,,,A,Normal value,0,Units,1,One
DATAFLOW,OECD.ELS.SAE:DSD_EARNINGS@GENDER_WAGE_GAP(1.1),Gender wage gap,I,POL,Poland,GWP,Gender wage gap,PT_WG_SAL_M_D,Percentage of wages of men in the same decile,_Z,Not applicable,_Z,Not applicable,MEAN,Mean,_T,Total,1986,,0,,,,A,Normal value,0,Units,1,One
DATAFLOW,OECD.ELS.SAE:DSD_EARNINGS@GENDER_WAGE_GAP(1.1),Gender wage gap,I,POL,Poland,GWP,Gender wage gap,PT_WG_SAL_M_D,Percentage of wages of men in the same decile,_Z,Not applicable,_Z,Not applicable,MEAN,Mean,_T,Total,1987,,0,,,,A,Normal value,0,Units,1,One
DATAFLOW,OECD.ELS.SAE:DSD_EARNINGS@GENDER_WAGE_GAP(1.1),Gender wage gap,I,POL,Poland,GWP,Gender wage gap,PT_WG_SAL_M_D,Percentage of wages of men in the same decile,_Z,Not applicable,_Z,Not applicable,MEAN,Mean,_T,Total,1988,,0,,,,A,Normal value,0,Units,1,One
DATAFLOW,OECD.ELS.SAE:DSD_EARNINGS@GENDER_WAGE_GAP(1.1),Gender wage gap,I,POL,Poland,GWP,Gender wage gap,PT_WG_SAL_M_D,Percentage of wages of men in the same decile,_Z,Not applicable,_Z,Not applicable,MEAN,Mean,_T,Total,1989,,0,,,,A,Normal value,0,Units,1,One
DATAFLOW,OECD.ELS.SAE:DSD_EARNINGS@GENDER_WAGE_GAP(1.1),Gender wage gap,I,POL,Poland,GWP,Gender wage gap,PT_WG_SAL_M_D,Percentage of wages of men in the same decile,_Z,Not applicable,_Z,Not applicable,MEAN,Mean,_T,Total,1990,,0,,,,A,Normal value,0,Units,1,One
DATAFLOW,OECD.ELS.SAE:DSD_EARNINGS@GENDER_WAGE_GAP(1.1),Gender wage gap,I,POL,Poland,GWP,Gender wage gap,PT_WG_SAL_M_D,Percentage of wages of men in the same decile,_Z,Not applicable,_Z,Not applicable,MEAN,Mean,_T,Total,1991,,0,,,,A,Normal value,0,Units,1,One
DATAFLOW,OECD.ELS.SAE:DSD_EARNINGS@GENDER_WAGE_GAP(1.1),Gender wage gap,I,POL,Poland,GWP,Gender wage gap,PT_WG_SAL_M_D,Percentage of wages of men in the same decile,_Z,Not applicable,_Z,Not applicable,MEAN,Mean,_T,Total,1992,,0,,,,A,Normal value,0,Units,1,One
DATAFLOW,OECD.ELS.SAE:DSD_EARNINGS@GENDER_WAGE_GAP(1.1),Gender wage gap,I,POL,Poland,GWP,Gender wage gap,PT_WG_SAL_M_D,Percentage of wages of men in the same decile,_Z,Not applicable,_Z,Not applicable,MEAN,Mean,_T,Total,1993,,0,,,,A,Normal value,0,Units,1,One
DATAFLOW,OECD.ELS.SAE:DSD_EARNINGS@GENDER_WAGE_GAP(1.1),Gender wage gap,I,POL,Poland,GWP,Gender wage gap,PT_WG_SAL_M_D,Percentage of wages of men in the same decile,_Z,Not applicable,_Z,Not applicable,MEAN,Mean,_T,Total,1994,,0,,,,A,Normal value,0,Units,1,One
DATAFLOW,OECD.ELS.SAE:DSD_EARNINGS@GENDER_WAGE_GAP(1.1),Gender wage gap,I,POL,Poland,GWP,Gender wage gap,PT_WG_SAL_M_D,Percentage of wages of men in the same decile,_Z,Not applicable,_Z,Not applicable,MEAN,Mean,_T,Total,1997,,0,,,,A,Normal value,0,Units,1,One
DATAFLOW,OECD.ELS.SAE:DSD_EARNINGS@GENDER_WAGE_GAP(1.1),Gender wage gap,I,POL,Poland,GWP,Gender wage gap,PT_WG_SAL_M_D,Percentage of wages of men in the same decile,_Z,Not applicable,_Z,Not applicable,MEAN,Mean,_T,Total,2000,,0,,,,A,Normal value,0,Units,1,One
DATAFLOW,OECD.ELS.SAE:DSD_EARNINGS@GENDER_WAGE_GAP(1.1),Gender wage gap,I,POL,Poland,GWP,Gender wage gap,PT_WG_SAL_M_D,Percentage of wages of men in the same decile,_Z,Not applicable,_Z,Not applicable,MEAN,Mean,_T,Total,2003,,0,,,,A,Normal value,0,Units,1,One
DATAFLOW,OECD.ELS.SAE:DSD_EARNINGS@GENDER_WAGE_GAP(1.1),Gender wage gap,I,POL,Poland,GWP,Gender wage gap,PT_WG_SAL_M_D,Percentage of wages of men in the same decile,_Z,Not applicable,_Z,Not applicable,MEAN,Mean,_T,Total,2005,,0,,,,A,Normal value,0,Units,1,One
DATAFLOW,OECD.ELS.SAE:DSD_EARNINGS@GENDER_WAGE_GAP(1.1),Gender wage gap,I,POL,Poland,GWP,Gender wage gap,PT_WG_SAL_M_D,Percentage of wages of men in the same decile,_Z,Not applicable,_Z,Not applicable,MEAN,Mean,_T,Total,2007,,0,,,,A,Normal value,0,Units,1,One
DATAFLOW,OECD.ELS.SAE:DSD_EARNINGS@GENDER_WAGE_GAP(1.1),Gender wage gap,I,POL,Poland,GWP,Gender wage gap,PT_WG_SAL_M_D,Percentage of wages of men in the same decile,_Z,Not applicable,_Z,Not applicable,MEAN,Mean,_T,Total,2009,,0,,,,A,Normal value,0,Units,1,One
DATAFLOW,OECD.ELS.SAE:DSD_EARNINGS@GENDER_WAGE_GAP(1.1),Gender wage gap,I,POL,Poland,GWP,Gender wage gap,PT_WG_SAL_M_D,Percentage of wages of men in the same decile,_Z,Not applicable,_Z,Not applicable,MEAN,Mean,_T,Total,2011,,0,,,,A,Normal value,0,Units,1,One
DATAFLOW,OECD.ELS.SAE:DSD_EARNINGS@GENDER_WAGE_GAP(1.1),Gender wage gap,I,POL,Poland,GWP,Gender wage gap,PT_WG_SAL_M_D,Percentage of wages of men in the same decile,_Z,Not applicable,_Z,Not applicable,MEAN,Mean,_T,Total,2013,,0,,,,A,Normal value,0,Units,1,One
DATAFLOW,OECD.ELS.SAE:DSD_EARNINGS@GENDER_WAGE_GAP(1.1),Gender wage gap,I,CHE,Switzerland,GWP,Gender wage gap,PT_WG_SAL_M_D,Percentage of wages of men in the same decile,_Z,Not applicable,_Z,Not applicable,MEAN,Mean,_T,Total,2023,,0,,,,A,Normal value,0,Units,1,One
DATAFLOW,OECD.ELS.SAE:DSD_EARNINGS@GENDER_WAGE_GAP(1.1),Gender wage gap,I,TUR,Türkiye,GWP,Gender wage gap,PT_WG_SAL_M_D,Percentage of wages of men in the same decile,_Z,Not applicable,_Z,Not applicable,MEAN,Mean,_T,Total,2010,,0,,,,A,Normal value,0,Units,1,One
DATAFLOW,OECD.ELS.SAE:DSD_EARNINGS@GENDER_WAGE_GAP(1.1),Gender wage gap,I,AUS,Australia,GWP,Gender wage gap,PT_WG_SAL_M_D,Percentage of wages of men in the same decile,_Z,Not applicable,_Z,Not applicable,MEAN,Mean,_T,Total,1975,,25.65789474,,,,A,Normal value,0,Units,1,One
DATAFLOW,OECD.ELS.SAE:DSD_EARNINGS@GENDER_WAGE_GAP(1.1),Gender wage gap,I,AUS,Australia,GWP,Gender wage gap,PT_WG_SAL_M_D,Percentage of wages of men in the same decile,_Z,Not applicable,_Z,Not applicable,MEAN,Mean,_T,Total,1976,,24.71264368,,,,A,Normal value,0,Units,1,One
DATAFLOW,OECD.ELS.SAE:DSD_EARNINGS@GENDER_WAGE_GAP(1.1),Gender wage gap,I,AUS,Australia,GWP,Gender wage gap,PT_WG_SAL_M_D,Percentage of wages of men in the same decile,_Z,Not applicable,_Z,Not applicable,MEAN,Mean,_T,Total,1977,,23.56020942,,,,A,Normal value,0,Units,1,One
DATAFLOW,OECD.ELS.SAE:DSD_EARNINGS@GENDER_WAGE_GAP(1.1),Gender wage gap,I,AUS,Australia,GWP,Gender wage gap,PT_WG_SAL_M_D,Percentage of wages of men in the same decile,_Z,Not applicable,_Z,Not applicable,MEAN,Mean,_T,Total,1978,,22.48803828,,,,A,Normal value,0,Units,1,One
DATAFLOW,OECD.ELS.SAE:DSD_EARNINGS@GENDER_WAGE_GAP(1.1),Gender wage gap,I,AUS,Australia,GWP,Gender wage gap,PT_WG_SAL_M_D,Percentage of wages of men in the same decile,_Z,Not applicable,_Z,Not applicable,MEAN,Mean,_T,Total,1979,,22.76785714,,,,A,Normal value,0,Units,1,One
DATAFLOW,OECD.ELS.SAE:DSD_EARNINGS@GENDER_WAGE_GAP(1.1),Gender wage gap,I,AUS,Australia,GWP,Gender wage gap,PT_WG_SAL_M_D,Percentage of wages of men in the same decile,_Z,Not applicable,_Z,Not applicable,MEAN,Mean,_T,Total,1980,,22.05645161,,,,A,Normal value,0,Units,1,One
DATAFLOW,OECD.ELS.SAE:DSD_EARNINGS@GENDER_WAGE_GAP(1.1),Gender wage gap,I,AUS,Australia,GWP,Gender wage gap,PT_WG_SAL_M_D,Percentage of wages of men in the same decile,_Z,Not applicable,_Z,Not applicable,MEAN,Mean,_T,Total,1981,,21.37681159,,,,A,Normal value,0,Units,1,One
DATAFLOW,OECD.ELS.SAE:DSD_EARNINGS@GENDER_WAGE_GAP(1.1),Gender wage gap,I,AUS,Australia,GWP,Gender wage gap,PT_WG_SAL_M_D,Percentage of wages of men in the same decile,_Z,Not applicable,_Z,Not applicable,MEAN,Mean,_T,Total,1982,,23.91304348,,,,A,Normal value,0,Units,1,One
DATAFLOW,OECD.ELS.SAE:DSD_EARNINGS@GENDER_WAGE_GAP(1.1),Gender wage gap,I,AUS,Australia,GWP,Gender wage gap,PT_WG_SAL_M_D,Percentage of wages of men in the same decile,_Z,Not applicable,_Z,Not applicable,MEAN,Mean,_T,Total,1983,,21.76470588,,,,A,Normal value,0,Units,1,One
DATAFLOW,OECD.ELS.SAE:DSD_EARNINGS@GENDER_WAGE_GAP(1.1),Gender wage gap,I,AUS,Australia,GWP,Gender wage gap,PT_WG_SAL_M_D,Percentage of wages of men in the same decile,_Z,Not applicable,_Z,Not applicable,MEAN,Mean,_T,Total,1984,,22.13114754,,,,A,Normal value,0,Units,1,One
DATAFLOW,OECD.ELS.SAE:DSD_EARNINGS@GENDER_WAGE_GAP(1.1),Gender wage gap,I,AUS,Australia,GWP,Gender wage gap,PT_WG_SAL_M_D,Percentage of wages of men in the same decile,_Z,Not applicable,_Z,Not applicable,MEAN,Mean,_T,Total,1985,,23.0964467,,,,A,Normal value,0,Units,1,One
DATAFLOW,OECD.ELS.SAE:DSD_EARNINGS@GENDER_WAGE_GAP(1.1),Gender wage gap,I,AUS,Australia,GWP,Gender wage gap,PT_WG_SAL_M_D,Percentage of wages of men in the same decile,_Z,Not applicable,_Z,Not applicable,MEAN,Mean,_T,Total,1986,,20.71428571,,,,A,Normal value,0,Units,1,One
DATAFLOW,OECD.ELS.SAE:DSD_EARNINGS@GENDER_WAGE_GAP(1.1),Gender wage gap,I,AUS,Australia,GWP,Gender wage gap,PT_WG_SAL_M_D,Percentage of wages of men in the same decile,_Z,Not applicable,_Z,Not applicable,MEAN,Mean,_T,Total,1987,,20.4954955,,,,A,Normal value,0,Units,1,One
DATAFLOW,OECD.ELS.SAE:DSD_EARNINGS@GENDER_WAGE_GAP(1.1),Gender wage gap,I,AUS,Australia,GWP,Gender wage gap,PT_WG_SAL_M_D,Percentage of wages of men in the same decile,_Z,Not applicable,_Z,Not applicable,MEAN,Mean,_T,Total,1988,,20.79831933,,,,A,Normal value,0,Units,1,One
DATAFLOW,OECD.ELS.SAE:DSD_EARNINGS@GENDER_WAGE_GAP(1.1),Gender wage gap,I,AUS,Australia,GWP,Gender wage gap,PT_WG_SAL_M_D,Percentage of wages of men in the same decile,_Z,Not applicable,_Z,Not applicable,MEAN,Mean,_T,Total,1989,,21.19460501,,,,A,Normal value,0,Units,1,One
DATAFLOW,OECD.ELS.SAE:DSD_EARNINGS@GENDER_WAGE_GAP(1.1),Gender wage gap,I,AUS,Australia,GWP,Gender wage gap,PT_WG_SAL_M_D,Percentage of wages of men in the same decile,_Z,Not applicable,_Z,Not applicable,MEAN,Mean,_T,Total,1990,,20.73394495,,,,A,Normal value,0,Units,1,One
DATAFLOW,OECD.ELS.SAE:DSD_EARNINGS@GENDER_WAGE_GAP(1.1),Gender wage gap,I,AUS,Australia,GWP,Gender wage gap,PT_WG_SAL_M_D,Percentage of wages of men in the same decile,_Z,Not applicable,_Z,Not applicable,MEAN,Mean,_T,Total,1991,,19.12280702,,,,A,Normal value,0,Units,1,One
DATAFLOW,OECD.ELS.SAE:DSD_EARNINGS@GENDER_WAGE_GAP(1.1),Gender wage gap,I,AUS,Australia,GWP,Gender wage gap,PT_WG_SAL_M_D,Percentage of wages of men in the same decile,_Z,Not applicable,_Z,Not applicable,MEAN,Mean,_T,Total,1992,,17.62711864,,,,A,Normal value,0,Units,1,One
DATAFLOW,OECD.ELS.SAE:DSD_EARNINGS@GENDER_WAGE_GAP(1.1),Gender wage gap,I,AUS,Australia,GWP,Gender wage gap,PT_WG_SAL_M_D,Percentage of wages of men in the same decile,_Z,Not applicable,_Z,Not applicable,MEAN,Mean,_T,Total,1993,,18.53035144,,,,A,Normal value,0,Units,1,One
DATAFLOW,OECD.ELS.SAE:DSD_EARNINGS@GENDER_WAGE_GAP(1.1),Gender wage gap,I,AUS,Australia,GWP,Gender wage gap,PT_WG_SAL_M_D,Percentage of wages of men in the same decile,_Z,Not applicable,_Z,Not applicable,MEAN,Mean,_T,Total,1994,,20,,,,A,Normal value,0,Units,1,One
DATAFLOW,OECD.ELS.SAE:DSD_EARNINGS@GENDER_WAGE_GAP(1.1),Gender wage gap,I,AUS,Australia,GWP,Gender wage gap,PT_WG_SAL_M_D,Percentage of wages of men in the same decile,_Z,Not applicable,_Z,Not applicable,MEAN,Mean,_T,Total,1995,,18.15476191,,,,A,Normal value,0,Units,1,One
DATAFLOW,OECD.ELS.SAE:DSD_EARNINGS@GENDER_WAGE_GAP(1.1),Gender wage gap,I,AUS,Australia,GWP,Gender wage gap,PT_WG_SAL_M_D,Percentage of wages of men in the same decile,_Z,Not applicable,_Z,Not applicable,MEAN,Mean,_T,Total,1997,,19.44074567,,,,A,Normal value,0,Units,1,One
DATAFLOW,OECD.ELS.SAE:DSD_EARNINGS@GENDER_WAGE_GAP(1.1),Gender wage gap,I,AUS,Australia,GWP,Gender wage gap,PT_WG_SAL_M_D,Percentage of wages of men in the same decile,_Z,Not applicable,_Z,Not applicable,MEAN,Mean,_T,Total,1998,,18.16993464,,,,A,Normal value,0,Units,1,One
DATAFLOW,OECD.ELS.SAE:DSD_EARNINGS@GENDER_WAGE_GAP(1.1),Gender wage gap,I,AUS,Australia,GWP,Gender wage gap,PT_WG_SAL_M_D,Percentage of wages of men in the same decile,_Z,Not applicable,_Z,Not applicable,MEAN,Mean,_T,Total,1999,,18.6407815,,,,A,Normal value,0,Units,1,One
DATAFLOW,OECD.ELS.SAE:DSD_EARNINGS@GENDER_WAGE_GAP(1.1),Gender wage gap,I,AUS,Australia,GWP,Gender wage gap,PT_WG_SAL_M_D,Percentage of wages of men in the same decile,_Z,Not applicable,_Z,Not applicable,MEAN,Mean,_T,Total,2000,,20.33371519,,,,A,Normal value,0,Units,1,One
DATAFLOW,OECD.ELS.SAE:DSD_EARNINGS@GENDER_WAGE_GAP(1.1),Gender wage gap,I,AUS,Australia,GWP,Gender wage gap,PT_WG_SAL_M_D,Percentage of wages of men in the same decile,_Z,Not applicable,_Z,Not applicable,MEAN,Mean,_T,Total,2001,,19.68854283,,,,A,Normal value,0,Units,1,One
DATAFLOW,OECD.ELS.SAE:DSD_EARNINGS@GENDER_WAGE_GAP(1.1),Gender wage gap,I,AUS,Australia,GWP,Gender wage gap,PT_WG_SAL_M_D,Percentage of wages of men in the same decile,_Z,Not applicable,_Z,Not applicable,MEAN,Mean,_T,Total,2002,,17.39593383,,,,A,Normal value,0,Units,1,One
DATAFLOW,OECD.ELS.SAE:DSD_EARNINGS@GENDER_WAGE_GAP(1.1),Gender wage gap,I,AUS,Australia,GWP,Gender wage gap,PT_WG_SAL_M_D,Percentage of wages of men in the same decile,_Z,Not applicable,_Z,Not applicable,MEAN,Mean,_T,Total,2003,,18.35189069,,,,A,Normal value,0,Units,1,One
DATAFLOW,OECD.ELS.SAE:DSD_EARNINGS@GENDER_WAGE_GAP(1.1),Gender wage gap,I,AUS,Australia,GWP,Gender wage gap,PT_WG_SAL_M_D,Percentage of wages of men in the same decile,_Z,Not applicable,_Z,Not applicable,MEAN,Mean,_T,Total,2004,,17.72406848,,,,A,Normal value,0,Units,1,One
DATAFLOW,OECD.ELS.SAE:DSD_EARNINGS@GENDER_WAGE_GAP(1.1),Gender wage gap,I,AUS,Australia,GWP,Gender wage gap,PT_WG_SAL_M_D,Percentage of wages of men in the same decile,_Z,Not applicable,_Z,Not applicable,MEAN,Mean,_T,Total,2005,,18.43361987,,,,A,Normal value,0,Units,1,One
DATAFLOW,OECD.ELS.SAE:DSD_EARNINGS@GENDER_WAGE_GAP(1.1),Gender wage gap,I,AUS,Australia,GWP,Gender wage gap,PT_WG_SAL_M_D,Percentage of wages of men in the same decile,_Z,Not applicable,_Z,Not applicable,MEAN,Mean,_T,Total,2006,,19.07308378,,,,A,Normal value,0,Units,1,One
DATAFLOW,OECD.ELS.SAE:DSD_EARNINGS@GENDER_WAGE_GAP(1.1),Gender wage gap,I,AUS,Australia,GWP,Gender wage gap,PT_WG_SAL_M_D,Percentage of wages of men in the same decile,_Z,Not applicable,_Z,Not applicable,MEAN,Mean,_T,Total,2007,,19.88448845,,,,A,Normal value,0,Units,1,One
DATAFLOW,OECD.ELS.SAE:DSD_EARNINGS@GENDER_WAGE_GAP(1.1),Gender wage gap,I,AUS,Australia,GWP,Gender wage gap,PT_WG_SAL_M_D,Percentage of wages of men in the same decile,_Z,Not applicable,_Z,Not applicable,MEAN,Mean,_T,Total,2008,,19.34189406,,,,A,Normal value,0,Units,1,One
DATAFLOW,OECD.ELS.SAE:DSD_EARNINGS@GENDER_WAGE_GAP(1.1),Gender wage gap,I,AUS,Australia,GWP,Gender wage gap,PT_WG_SAL_M_D,Percentage of wages of men in the same decile,_Z,Not applicable,_Z,Not applicable,MEAN,Mean,_T,Total,2009,,19.72581874,,,,A,Normal value,0,Units,1,One
DATAFLOW,OECD.ELS.SAE:DSD_EARNINGS@GENDER_WAGE_GAP(1.1),Gender wage gap,I,AUS,Australia,GWP,Gender wage gap,PT_WG_SAL_M_D,Percentage of wages of men in the same decile,_Z,Not applicable,_Z,Not applicable,MEAN,Mean,_T,Total,2010,,20.38123167,,,,A,Normal value,0,Units,1,One
DATAFLOW,OECD.ELS.SAE:DSD_EARNINGS@GENDER_WAGE_GAP(1.1),Gender wage gap,I,AUS,Australia,GWP,Gender wage gap,PT_WG_SAL_M_D,Percentage of wages of men in the same decile,_Z,Not applicable,_Z,Not applicable,MEAN,Mean,_T,Total,2011,,19.45830364,,,,A,Normal value,0,Units,1,One
DATAFLOW,OECD.ELS.SAE:DSD_EARNINGS@GENDER_WAGE_GAP(1.1),Gender wage gap,I,AUS,Australia,GWP,Gender wage gap,PT_WG_SAL_M_D,Percentage of wages of men in the same decile,_Z,Not applicable,_Z,Not applicable,MEAN,Mean,_T,Total,2012,,20.37659718,,,,A,Normal value,0,Units,1,One
DATAFLOW,OECD.ELS.SAE:DSD_EARNINGS@GENDER_WAGE_GAP(1.1),Gender wage gap,I,AUS,Australia,GWP,Gender wage gap,PT_WG_SAL_M_D,Percentage of wages of men in the same decile,_Z,Not applicable,_Z,Not applicable,MEAN,Mean,_T,Total,2013,,21.38690862,,,,A,Normal value,0,Units,1,One
DATAFLOW,OECD.ELS.SAE:DSD_EARNINGS@GENDER_WAGE_GAP(1.1),Gender wage gap,I,AUS,Australia,GWP,Gender wage gap,PT_WG_SAL_M_D,Percentage of wages of men in the same decile,_Z,Not applicable,_Z,Not applicable,MEAN,Mean,_T,Total,2014,,19.94496811,,,,A,Normal value,0,Units,1,One
DATAFLOW,OECD.ELS.SAE:DSD_EARNINGS@GENDER_WAGE_GAP(1.1),Gender wage gap,I,AUS,Australia,GWP,Gender wage gap,PT_WG_SAL_M_D,Percentage of wages of men in the same decile,_Z,Not applicable,_Z,Not applicable,MEAN,Mean,_T,Total,2015,,18.83669352,,,,A,Normal value,0,Units,1,One
DATAFLOW,OECD.ELS.SAE:DSD_EARNINGS@GENDER_WAGE_GAP(1.1),Gender wage gap,I,AUS,Australia,GWP,Gender wage gap,PT_WG_SAL_M_D,Percentage of wages of men in the same decile,_Z,Not applicable,_Z,Not applicable,MEAN,Mean,_T,Total,2016,,18.41601994,,,,A,Normal value,0,Units,1,One
DATAFLOW,OECD.ELS.SAE:DSD_EARNINGS@GENDER_WAGE_GAP(1.1),Gender wage gap,I,AUS,Australia,GWP,Gender wage gap,PT_WG_SAL_M_D,Percentage of wages of men in the same decile,_Z,Not applicable,_Z,Not applicable,MEAN,Mean,_T,Total,2017,,15.31138461,,,,A,Normal value,0,Units,1,One
DATAFLOW,OECD.ELS.SAE:DSD_EARNINGS@GENDER_WAGE_GAP(1.1),Gender wage gap,I,AUS,Australia,GWP,Gender wage gap,PT_WG_SAL_M_D,Percentage of wages of men in the same decile,_Z,Not applicable,_Z,Not applicable,MEAN,Mean,_T,Total,2018,,16.34133128,,,,A,Normal value,0,Units,1,One
DATAFLOW,OECD.ELS.SAE:DSD_EARNINGS@GENDER_WAGE_GAP(1.1),Gender wage gap,I,AUS,Australia,GWP,Gender wage gap,PT_WG_SAL_M_D,Percentage of wages of men in the same decile,_Z,Not applicable,_Z,Not applicable,MEAN,Mean,_T,Total,2019,,17.77653193,,,,A,Normal value,0,Units,1,One
DATAFLOW,OECD.ELS.SAE:DSD_EARNINGS@GENDER_WAGE_GAP(1.1),Gender wage gap,I,AUS,Australia,GWP,Gender wage gap,PT_WG_SAL_M_D,Percentage of wages of men in the same decile,_Z,Not applicable,_Z,Not applicable,MEAN,Mean,_T,Total,2020,,14.29781268,,,,A,Normal value,0,Units,1,One
DATAFLOW,OECD.ELS.SAE:DSD_EARNINGS@GENDER_WAGE_GAP(1.1),Gender wage gap,I,AUS,Australia,GWP,Gender wage gap,PT_WG_SAL_M_D,Percentage of wages of men in the same decile,_Z,Not applicable,_Z,Not applicable,MEAN,Mean,_T,Total,2021,,15.77333185,,,,A,Normal value,0,Units,1,One
DATAFLOW,OECD.ELS.SAE:DSD_EARNINGS@GENDER_WAGE_GAP(1.1),Gender wage gap,I,AUS,Australia,GWP,Gender wage gap,PT_WG_SAL_M_D,Percentage of wages of men in the same decile,_Z,Not applicable,_Z,Not applicable,MEAN,Mean,_T,Total,2022,,15.23969964,,,,A,Normal value,0,Units,1,One
DATAFLOW,OECD.ELS.SAE:DSD_EARNINGS@GENDER_WAGE_GAP(1.1),Gender wage gap,I,AUS,Australia,GWP,Gender wage gap,PT_WG_SAL_M_D,Percentage of wages of men in the same decile,_Z,Not applicable,_Z,Not applicable,MEAN,Mean,_T,Total,2023,,13.00002495,,,,A,Normal value,0,Units,1,One
DATAFLOW,OECD.ELS.SAE:DSD_EARNINGS@GENDER_WAGE_GAP(1.1),Gender wage gap,I,AUS,Australia,GWP,Gender wage gap,PT_WG_SAL_M_D,Percentage of wages of men in the same decile,_Z,Not applicable,_Z,Not applicable,MEAN,Mean,_T,Total,2024,,11.35703128,,,,A,Normal value,0,Units,1,One
DATAFLOW,OECD.ELS.SAE:DSD_EARNINGS@GENDER_WAGE_GAP(1.1),Gender wage gap,I,AUT,Austria,GWP,Gender wage gap,PT_WG_SAL_M_D,Percentage of wages of men in the same decile,_Z,Not applicable,_Z,Not applicable,MEAN,Mean,_T,Total,2000,,28.29763882,,,,A,Normal value,0,Units,1,One
DATAFLOW,OECD.ELS.SAE:DSD_EARNINGS@GENDER_WAGE_GAP(1.1),Gender wage gap,I,AUT,Austria,GWP,Gender wage gap,PT_WG_SAL_M_D,Percentage of wages of men in the same decile,_Z,Not applicable,_Z,Not applicable,MEAN,Mean,_T,Total,2001,,28.04396689,,,,A,Normal value,0,Units,1,One
DATAFLOW,OECD.ELS.SAE:DSD_EARNINGS@GENDER_WAGE_GAP(1.1),Gender wage gap,I,AUT,Austria,GWP,Gender wage gap,PT_WG_SAL_M_D,Percentage of wages of men in the same decile,_Z,Not applicable,_Z,Not applicable,MEAN,Mean,_T,Total,2002,,27.39245884,,,,A,Normal value,0,Units,1,One
DATAFLOW,OECD.ELS.SAE:DSD_EARNINGS@GENDER_WAGE_GAP(1.1),Gender wage gap,I,AUT,Austria,GWP,Gender wage gap,PT_WG_SAL_M_D,Percentage of wages of men in the same decile,_Z,Not applicable,_Z,Not applicable,MEAN,Mean,_T,Total,2003,,27.2818896,,,,A,Normal value,0,Units,1,One
DATAFLOW,OECD.ELS.SAE:DSD_EARNINGS@GENDER_WAGE_GAP(1.1),Gender wage gap,I,AUT,Austria,GWP,Gender wage gap,PT_WG_SAL_M_D,Percentage of wages of men in the same decile,_Z,Not applicable,_Z,Not applicable,MEAN,Mean,_T,Total,2004,,27.91124234,,,,A,Normal value,0,Units,1,One
DATAFLOW,OECD.ELS.SAE:DSD_EARNINGS@GENDER_WAGE_GAP(1.1),Gender wage gap,I,AUT,Austria,GWP,Gender wage gap,PT_WG_SAL_M_D,Percentage of wages of men in the same decile,_Z,Not applicable,_Z,Not applicable,MEAN,Mean,_T,Total,2005,,27.32388745,,,,A,Normal value,0,Units,1,One
DATAFLOW,OECD.ELS.SAE:DSD_EARNINGS@GENDER_WAGE_GAP(1.1),Gender wage gap,I,AUT,Austria,GWP,Gender wage gap,PT_WG_SAL_M_D,Percentage of wages of men in the same decile,_Z,Not applicable,_Z,Not applicable,MEAN,Mean,_T,Total,2006,,27.14676332,,,,A,Normal value,0,Units,1,One
DATAFLOW,OECD.ELS.SAE:DSD_EARNINGS@GENDER_WAGE_GAP(1.1),Gender wage gap,I,AUT,Austria,GWP,Gender wage gap,PT_WG_SAL_M_D,Percentage of wages of men in the same decile,_Z,Not applicable,_Z,Not applicable,MEAN,Mean,_T,Total,2007,,27.01663638,,,,A,Normal value,0,Units,1,One
DATAFLOW,OECD.ELS.SAE:DSD_EARNINGS@GENDER_WAGE_GAP(1.1),Gender wage gap,I,AUT,Austria,GWP,Gender wage gap,PT_WG_SAL_M_D,Percentage of wages of men in the same decile,_Z,Not applicable,_Z,Not applicable,MEAN,Mean,_T,Total,2008,,26.00535704,,,,A,Normal value,0,Units,1,One
DATAFLOW,OECD.ELS.SAE:DSD_EARNINGS@GENDER_WAGE_GAP(1.1),Gender wage gap,I,AUT,Austria,GWP,Gender wage gap,PT_WG_SAL_M_D,Percentage of wages of men in the same decile,_Z,Not applicable,_Z,Not applicable,MEAN,Mean,_T,Total,2009,,24.54597803,,,,A,Normal value,0,Units,1,One
DATAFLOW,OECD.ELS.SAE:DSD_EARNINGS@GENDER_WAGE_GAP(1.1),Gender wage gap,I,AUT,Austria,GWP,Gender wage gap,PT_WG_SAL_M_D,Percentage of wages of men in the same decile,_Z,Not applicable,_Z,Not applicable,MEAN,Mean,_T,Total,2010,,24.14373323,,,,A,Normal value,0,Units,1,One
DATAFLOW,OECD.ELS.SAE:DSD_EARNINGS@GENDER_WAGE_GAP(1.1),Gender wage gap,I,AUT,Austria,GWP,Gender wage gap,PT_WG_SAL_M_D,Percentage of wages of men in the same decile,_Z,Not applicable,_Z,Not applicable,MEAN,Mean,_T,Total,2011,,23.55489666,,,,A,Normal value,0,Units,1,One
DATAFLOW,OECD.ELS.SAE:DSD_EARNINGS@GENDER_WAGE_GAP(1.1),Gender wage gap,I,AUT,Austria,GWP,Gender wage gap,PT_WG_SAL_M_D,Percentage of wages of men in the same decile,_Z,Not applicable,_Z,Not applicable,MEAN,Mean,_T,Total,2012,,22.97117524,,,,A,Normal value,0,Units,1,One
DATAFLOW,OECD.ELS.SAE:DSD_EARNINGS@GENDER_WAGE_GAP(1.1),Gender wage gap,I,AUT,Austria,GWP,Gender wage gap,PT_WG_SAL_M_D,Percentage of wages of men in the same decile,_Z,Not applicable,_Z,Not applicable,MEAN,Mean,_T,Total,2013,,22.74180543,,,,A,Normal value,0,Units,1,One
DATAFLOW,OECD.ELS.SAE:DSD_EARNINGS@GENDER_WAGE_GAP(1.1),Gender wage gap,I,AUT,Austria,GWP,Gender wage gap,PT_WG_SAL_M_D,Percentage of wages of men in the same decile,_Z,Not applicable,_Z,Not applicable,MEAN,Mean,_T,Total,2014,,22.37372994,,,,A,Normal value,0,Units,1,One
DATAFLOW,OECD.ELS.SAE:DSD_EARNINGS@GENDER_WAGE_GAP(1.1),Gender wage gap,I,AUT,Austria,GWP,Gender wage gap,PT_WG_SAL_M_D,Percentage of wages of men in the same decile,_Z,Not applicable,_Z,Not applicable,MEAN,Mean,_T,Total,2015,,21.76276734,,,,A,Normal value,0,Units,1,One
DATAFLOW,OECD.ELS.SAE:DSD_EARNINGS@GENDER_WAGE_GAP(1.1),Gender wage gap,I,AUT,Austria,GWP,Gender wage gap,PT_WG_SAL_M_D,Percentage of wages of men in the same decile,_Z,Not applicable,_Z,Not applicable,MEAN,Mean,_T,Total,2016,,19.83322424,,,,A,Normal value,0,Units,1,One
DATAFLOW,OECD.ELS.SAE:DSD_EARNINGS@GENDER_WAGE_GAP(1.1),Gender wage gap,I,AUT,Austria,GWP,Gender wage gap,PT_WG_SAL_M_D,Percentage of wages of men in the same decile,_Z,Not applicable,_Z,Not applicable,MEAN,Mean,_T,Total,2017,,19.6190795,,,,A,Normal value,0,Units,1,One
DATAFLOW,OECD.ELS.SAE:DSD_EARNINGS@GENDER_WAGE_GAP(1.1),Gender wage gap,I,AUT,Austria,GWP,Gender wage gap,PT_WG_SAL_M_D,Percentage of wages of men in the same decile,_Z,Not applicable,_Z,Not applicable,MEAN,Mean,_T,Total,2018,,19.21299348,,,,A,Normal value,0,Units,1,One
DATAFLOW,OECD.ELS.SAE:DSD_EARNINGS@GENDER_WAGE_GAP(1.1),Gender wage gap,I,AUT,Austria,GWP,Gender wage gap,PT_WG_SAL_M_D,Percentage of wages of men in the same decile,_Z,Not applicable,_Z,Not applicable,MEAN,Mean,_T,Total,2019,,18.39321854,,,,A,Normal value,0,Units,1,One
DATAFLOW,OECD.ELS.SAE:DSD_EARNINGS@GENDER_WAGE_GAP(1.1),Gender wage gap,I,AUT,Austria,GWP,Gender wage gap,PT_WG_SAL_M_D,Percentage of wages of men in the same decile,_Z,Not applicable,_Z,Not applicable,MEAN,Mean,_T,Total,2020,,16.9025604,,,,A,Normal value,0,Units,1,One
DATAFLOW,OECD.ELS.SAE:DSD_EARNINGS@GENDER_WAGE_GAP(1.1),Gender wage gap,I,AUT,Austria,GWP,Gender wage gap,PT_WG_SAL_M_D,Percentage of wages of men in the same decile,_Z,Not applicable,_Z,Not applicable,MEAN,Mean,_T,Total,2021,,16.81950144,,,,A,Normal value,0,Units,1,One
DATAFLOW,OECD.ELS.SAE:DSD_EARNINGS@GENDER_WAGE_GAP(1.1),Gender wage gap,I,AUT,Austria,GWP,Gender wage gap,PT_WG_SAL_M_D,Percentage of wages of men in the same decile,_Z,Not applicable,_Z,Not applicable,MEAN,Mean,_T,Total,2022,,16.58532495,,,,A,Normal value,0,Units,1,One
DATAFLOW,OECD.ELS.SAE:DSD_EARNINGS@GENDER_WAGE_GAP(1.1),Gender wage gap,I,AUT,Austria,GWP,Gender wage gap,PT_WG_SAL_M_D,Percentage of wages of men in the same decile,_Z,Not applicable,_Z,Not applicable,MEAN,Mean,_T,Total,2023,,16.16614083,,,,A,Normal value,0,Units,1,One
DATAFLOW,OECD.ELS.SAE:DSD_EARNINGS@GENDER_WAGE_GAP(1.1),Gender wage gap,I,BEL,Belgium,GWP,Gender wage gap,PT_WG_SAL_M_D,Percentage of wages of men in the same decile,_Z,Not applicable,_Z,Not applicable,MEAN,Mean,_T,Total,1999,,18.53908586,,,,A,Normal value,0,Units,1,One
DATAFLOW,OECD.ELS.SAE:DSD_EARNINGS@GENDER_WAGE_GAP(1.1),Gender wage gap,I,BEL,Belgium,GWP,Gender wage gap,PT_WG_SAL_M_D,Percentage of wages of men in the same decile,_Z,Not applicable,_Z,Not applicable,MEAN,Mean,_T,Total,2000,,17.47491639,,,,A,Normal value,0,Units,1,One
DATAFLOW,OECD.ELS.SAE:DSD_EARNINGS@GENDER_WAGE_GAP(1.1),Gender wage gap,I,BEL,Belgium,GWP,Gender wage gap,PT_WG_SAL_M_D,Percentage of wages of men in the same decile,_Z,Not applicable,_Z,Not applicable,MEAN,Mean,_T,Total,2001,,16.10711431,,,,A,Normal value,0,Units,1,One
DATAFLOW,OECD.ELS.SAE:DSD_EARNINGS@GENDER_WAGE_GAP(1.1),Gender wage gap,I,BEL,Belgium,GWP,Gender wage gap,PT_WG_SAL_M_D,Percentage of wages of men in the same decile,_Z,Not applicable,_Z,Not applicable,MEAN,Mean,_T,Total,2002,,14.98616054,,,,A,Normal value,0,Units,1,One
DATAFLOW,OECD.ELS.SAE:DSD_EARNINGS@GENDER_WAGE_GAP(1.1),Gender wage gap,I,BEL,Belgium,GWP,Gender wage gap,PT_WG_SAL_M_D,Percentage of wages of men in the same decile,_Z,Not applicable,_Z,Not applicable,MEAN,Mean,_T,Total,2003,,16.56716418,,,,A,Normal value,0,Units,1,One
DATAFLOW,OECD.ELS.SAE:DSD_EARNINGS@GENDER_WAGE_GAP(1.1),Gender wage gap,I,BEL,Belgium,GWP,Gender wage gap,PT_WG_SAL_M_D,Percentage of wages of men in the same decile,_Z,Not applicable,_Z,Not applicable,MEAN,Mean,_T,Total,2004,,15.01632209,,,,A,Normal value,0,Units,1,One
DATAFLOW,OECD.ELS.SAE:DSD_EARNINGS@GENDER_WAGE_GAP(1.1),Gender wage gap,I,BEL,Belgium,GWP,Gender wage gap,PT_WG_SAL_M_D,Percentage of wages of men in the same decile,_Z,Not applicable,_Z,Not applicable,MEAN,Mean,_T,Total,2005,,14.47979979,,,,A,Normal value,0,Units,1,One
DATAFLOW,OECD.ELS.SAE:DSD_EARNINGS@GENDER_WAGE_GAP(1.1),Gender wage gap,I,BEL,Belgium,GWP,Gender wage gap,PT_WG_SAL_M_D,Percentage of wages of men in the same decile,_Z,Not applicable,_Z,Not applicable,MEAN,Mean,_T,Total,2006,,12.47364722,,,,A,Normal value,0,Units,1,One
DATAFLOW,OECD.ELS.SAE:DSD_EARNINGS@GENDER_WAGE_GAP(1.1),Gender wage gap,I,BEL,Belgium,GWP,Gender wage gap,PT_WG_SAL_M_D,Percentage of wages of men in the same decile,_Z,Not applicable,_Z,Not applicable,MEAN,Mean,_T,Total,2007,,11.68608636,,,,A,Normal value,0,Units,1,One
DATAFLOW,OECD.ELS.SAE:DSD_EARNINGS@GENDER_WAGE_GAP(1.1),Gender wage gap,I,BEL,Belgium,GWP,Gender wage gap,PT_WG_SAL_M_D,Percentage of wages of men in the same decile,_Z,Not applicable,_Z,Not applicable,MEAN,Mean,_T,Total,2008,,11.25082727,,,,A,Normal value,0,Units,1,One
DATAFLOW,OECD.ELS.SAE:DSD_EARNINGS@GENDER_WAGE_GAP(1.1),Gender wage gap,I,BEL,Belgium,GWP,Gender wage gap,PT_WG_SAL_M_D,Percentage of wages of men in the same decile,_Z,Not applicable,_Z,Not applicable,MEAN,Mean,_T,Total,2009,,10.30595813,,,,A,Normal value,0,Units,1,One
DATAFLOW,OECD.ELS.SAE:DSD_EARNINGS@GENDER_WAGE_GAP(1.1),Gender wage gap,I,BEL,Belgium,GWP,Gender wage gap,PT_WG_SAL_M_D,Percentage of wages of men in the same decile,_Z,Not applicable,_Z,Not applicable,MEAN,Mean,_T,Total,2010,,10.02514142,,,,A,Normal value,0,Units,1,One
DATAFLOW,OECD.ELS.SAE:DSD_EARNINGS@GENDER_WAGE_GAP(1.1),Gender wage gap,I,BEL,Belgium,GWP,Gender wage gap,PT_WG_SAL_M_D,Percentage of wages of men in the same decile,_Z,Not applicable,_Z,Not applicable,MEAN,Mean,_T,Total,2011,,8.072437078,,,,A,Normal value,0,Units,1,One
DATAFLOW,OECD.ELS.SAE:DSD_EARNINGS@GENDER_WAGE_GAP(1.1),Gender wage gap,I,BEL,Belgium,GWP,Gender wage gap,PT_WG_SAL_M_D,Percentage of wages of men in the same decile,_Z,Not applicable,_Z,Not applicable,MEAN,Mean,_T,Total,2012,,7.259036145,,,,A,Normal value,0,Units,1,One
DATAFLOW,OECD.ELS.SAE:DSD_EARNINGS@GENDER_WAGE_GAP(1.1),Gender wage gap,I,BEL,Belgium,GWP,Gender wage gap,PT_WG_SAL_M_D,Percentage of wages of men in the same decile,_Z,Not applicable,_Z,Not applicable,MEAN,Mean,_T,Total,2013,,6.525625745,,,,A,Normal value,0,Units,1,One
DATAFLOW,OECD.ELS.SAE:DSD_EARNINGS@GENDER_WAGE_GAP(1.1),Gender wage gap,I,BEL,Belgium,GWP,Gender wage gap,PT_WG_SAL_M_D,Percentage of wages of men in the same decile,_Z,Not applicable,_Z,Not applicable,MEAN,Mean,_T,Total,2014,,6.309420916,,,,A,Normal value,0,Units,1,One
DATAFLOW,OECD.ELS.SAE:DSD_EARNINGS@GENDER_WAGE_GAP(1.1),Gender wage gap,I,BEL,Belgium,GWP,Gender wage gap,PT_WG_SAL_M_D,Percentage of wages of men in the same decile,_Z,Not applicable,_Z,Not applicable,MEAN,Mean,_T,Total,2015,,6.082238721,,,,A,Normal value,0,Units,1,One
DATAFLOW,OECD.ELS.SAE:DSD_EARNINGS@GENDER_WAGE_GAP(1.1),Gender wage gap,I,BEL,Belgium,GWP,Gender wage gap,PT_WG_SAL_M_D,Percentage of wages of men in the same decile,_Z,Not applicable,_Z,Not applicable,MEAN,Mean,_T,Total,2016,,5.254237288,,,,A,Normal value,0,Units,1,One
DATAFLOW,OECD.ELS.SAE:DSD_EARNINGS@GENDER_WAGE_GAP(1.1),Gender wage gap,I,BEL,Belgium,GWP,Gender wage gap,PT_WG_SAL_M_D,Percentage of wages of men in the same decile,_Z,Not applicable,_Z,Not applicable,MEAN,Mean,_T,Total,2017,,5.099778271,,,,A,Normal value,0,Units,1,One
DATAFLOW,OECD.ELS.SAE:DSD_EARNINGS@GENDER_WAGE_GAP(1.1),Gender wage gap,I,BEL,Belgium,GWP,Gender wage gap,PT_WG_SAL_M_D,Percentage of wages of men in the same decile,_Z,Not applicable,_Z,Not applicable,MEAN,Mean,_T,Total,2018,,5.082454718,,,,A,Normal value,0,Units,1,One
DATAFLOW,OECD.ELS.SAE:DSD_EARNINGS@GENDER_WAGE_GAP(1.1),Gender wage gap,I,BEL,Belgium,GWP,Gender wage gap,PT_WG_SAL_M_D,Percentage of wages of men in the same decile,_Z,Not applicable,_Z,Not applicable,MEAN,Mean,_T,Total,2019,,4.098791382,,,,A,Normal value,0,Units,1,One
DATAFLOW,OECD.ELS.SAE:DSD_EARNINGS@GENDER_WAGE_GAP(1.1),Gender wage gap,I,BEL,Belgium,GWP,Gender wage gap,PT_WG_SAL_M_D,Percentage of wages of men in the same decile,_Z,Not applicable,_Z,Not applicable,MEAN,Mean,_T,Total,2020,,0.416992442,,,,A,Normal value,0,Units,1,One
DATAFLOW,OECD.ELS.SAE:DSD_EARNINGS@GENDER_WAGE_GAP(1.1),Gender wage gap,I,BEL,Belgium,GWP,Gender wage gap,PT_WG_SAL_M_D,Percentage of wages of men in the same decile,_Z,Not applicable,_Z,Not applicable,MEAN,Mean,_T,Total,2021,,0.642013354,,,,A,Normal value,0,Units,1,One
DATAFLOW,OECD.ELS.SAE:DSD_EARNINGS@GENDER_WAGE_GAP(1.1),Gender wage gap,I,BEL,Belgium,GWP,Gender wage gap,PT_WG_SAL_M_D,Percentage of wages of men in the same decile,_Z,Not applicable,_Z,Not applicable,MEAN,Mean,_T,Total,2022,,0.783162017,,,,A,Normal value,0,Units,1,One
DATAFLOW,OECD.ELS.SAE:DSD_EARNINGS@GENDER_WAGE_GAP(1.1),Gender wage gap,I,BEL,Belgium,GWP,Gender wage gap,PT_WG_SAL_M_D,Percentage of wages of men in the same decile,_Z,Not applicable,_Z,Not applicable,MEAN,Mean,_T,Total,2023,,1.189691351,,,,A,Normal value,0,Units,1,One
DATAFLOW,OECD.ELS.SAE:DSD_EARNINGS@GENDER_WAGE_GAP(1.1),Gender wage gap,I,CAN,Canada,GWP,Gender wage gap,PT_WG_SAL_M_D,Percentage of wages of men in the same decile,_Z,Not applicable,_Z,Not applicable,MEAN,Mean,_T,Total,1997,,22.76449574,,,,A,Normal value,0,Units,1,One
DATAFLOW,OECD.ELS.SAE:DSD_EARNINGS@GENDER_WAGE_GAP(1.1),Gender wage gap,I,CAN,Canada,GWP,Gender wage gap,PT_WG_SAL_M_D,Percentage of wages of men in the same decile,_Z,Not applicable,_Z,Not applicable,MEAN,Mean,_T,Total,1998,,23.15120815,,,,A,Normal value,0,Units,1,One
DATAFLOW,OECD.ELS.SAE:DSD_EARNINGS@GENDER_WAGE_GAP(1.1),Gender wage gap,I,CAN,Canada,GWP,Gender wage gap,PT_WG_SAL_M_D,Percentage of wages of men in the same decile,_Z,Not applicable,_Z,Not applicable,MEAN,Mean,_T,Total,1999,,23.00278942,,,,A,Normal value,0,Units,1,One
DATAFLOW,OECD.ELS.SAE:DSD_EARNINGS@GENDER_WAGE_GAP(1.1),Gender wage gap,I,CAN,Canada,GWP,Gender wage gap,PT_WG_SAL_M_D,Percentage of wages of men in the same decile,_Z,Not applicable,_Z,Not applicable,MEAN,Mean,_T,Total,2000,,23.39336881,,,,A,Normal value,0,Units,1,One
DATAFLOW,OECD.ELS.SAE:DSD_EARNINGS@GENDER_WAGE_GAP(1.1),Gender wage gap,I,CAN,Canada,GWP,Gender wage gap,PT_WG_SAL_M_D,Percentage of wages of men in the same decile,_Z,Not applicable,_Z,Not applicable,MEAN,Mean,_T,Total,2001,,23.30641766,,,,A,Normal value,0,Units,1,One
DATAFLOW,OECD.ELS.SAE:DSD_EARNINGS@GENDER_WAGE_GAP(1.1),Gender wage gap,I,CAN,Canada,GWP,Gender wage gap,PT_WG_SAL_M_D,Percentage of wages of men in the same decile,_Z,Not applicable,_Z,Not applicable,MEAN,Mean,_T,Total,2002,,22.1238294,,,,A,Normal value,0,Units,1,One
DATAFLOW,OECD.ELS.SAE:DSD_EARNINGS@GENDER_WAGE_GAP(1.1),Gender wage gap,I,CAN,Canada,GWP,Gender wage gap,PT_WG_SAL_M_D,Percentage of wages of men in the same decile,_Z,Not applicable,_Z,Not applicable,MEAN,Mean,_T,Total,2003,,21.40184466,,,,A,Normal value,0,Units,1,One
DATAFLOW,OECD.ELS.SAE:DSD_EARNINGS@GENDER_WAGE_GAP(1.1),Gender wage gap,I,CAN,Canada,GWP,Gender wage gap,PT_WG_SAL_M_D,Percentage of wages of men in the same decile,_Z,Not applicable,_Z,Not applicable,MEAN,Mean,_T,Total,2004,,20.68925275,,,,A,Normal value,0,Units,1,One
DATAFLOW,OECD.ELS.SAE:DSD_EARNINGS@GENDER_WAGE_GAP(1.1),Gender wage gap,I,CAN,Canada,GWP,Gender wage gap,PT_WG_SAL_M_D,Percentage of wages of men in the same decile,_Z,Not applicable,_Z,Not applicable,MEAN,Mean,_T,Total,2005,,20.13391643,,,,A,Normal value,0,Units,1,One
DATAFLOW,OECD.ELS.SAE:DSD_EARNINGS@GENDER_WAGE_GAP(1.1),Gender wage gap,I,CAN,Canada,GWP,Gender wage gap,PT_WG_SAL_M_D,Percentage of wages of men in the same decile,_Z,Not applicable,_Z,Not applicable,MEAN,Mean,_T,Total,2006,,20.75155372,,,,A,Normal value,0,Units,1,One
DATAFLOW,OECD.ELS.SAE:DSD_EARNINGS@GENDER_WAGE_GAP(1.1),Gender wage gap,I,CAN,Canada,GWP,Gender wage gap,PT_WG_SAL_M_D,Percentage of wages of men in the same decile,_Z,Not applicable,_Z,Not applicable,MEAN,Mean,_T,Total,2007,,20.89448296,,,,A,Normal value,0,Units,1,One
DATAFLOW,OECD.ELS.SAE:DSD_EARNINGS@GENDER_WAGE_GAP(1.1),Gender wage gap,I,CAN,Canada,GWP,Gender wage gap,PT_WG_SAL_M_D,Percentage of wages of men in the same decile,_Z,Not applicable,_Z,Not applicable,MEAN,Mean,_T,Total,2008,,21.20306664,,,,A,Normal value,0,Units,1,One
DATAFLOW,OECD.ELS.SAE:DSD_EARNINGS@GENDER_WAGE_GAP(1.1),Gender wage gap,I,CAN,Canada,GWP,Gender wage gap,PT_WG_SAL_M_D,Percentage of wages of men in the same decile,_Z,Not applicable,_Z,Not applicable,MEAN,Mean,_T,Total,2009,,19.62402129,,,,A,Normal value,0,Units,1,One
DATAFLOW,OECD.ELS.SAE:DSD_EARNINGS@GENDER_WAGE_GAP(1.1),Gender wage gap,I,CAN,Canada,GWP,Gender wage gap,PT_WG_SAL_M_D,Percentage of wages of men in the same decile,_Z,Not applicable,_Z,Not applicable,MEAN,Mean,_T,Total,2010,,19.29934989,,,,A,Normal value,0,Units,1,One
DATAFLOW,OECD.ELS.SAE:DSD_EARNINGS@GENDER_WAGE_GAP(1.1),Gender wage gap,I,CAN,Canada,GWP,Gender wage gap,PT_WG_SAL_M_D,Percentage of wages of men in the same decile,_Z,Not applicable,_Z,Not applicable,MEAN,Mean,_T,Total,2011,,18.74217081,,,,A,Normal value,0,Units,1,One
DATAFLOW,OECD.ELS.SAE:DSD_EARNINGS@GENDER_WAGE_GAP(1.1),Gender wage gap,I,CAN,Canada,GWP,Gender wage gap,PT_WG_SAL_M_D,Percentage of wages of men in the same decile,_Z,Not applicable,_Z,Not applicable,MEAN,Mean,_T,Total,2012,,18.5265915,,,,A,Normal value,0,Units,1,One
DATAFLOW,OECD.ELS.SAE:DSD_EARNINGS@GENDER_WAGE_GAP(1.1),Gender wage gap,I,CAN,Canada,GWP,Gender wage gap,PT_WG_SAL_M_D,Percentage of wages of men in the same decile,_Z,Not applicable,_Z,Not applicable,MEAN,Mean,_T,Total,2013,,18.47757423,,,,A,Normal value,0,Units,1,One
DATAFLOW,OECD.ELS.SAE:DSD_EARNINGS@GENDER_WAGE_GAP(1.1),Gender wage gap,I,CAN,Canada,GWP,Gender wage gap,PT_WG_SAL_M_D,Percentage of wages of men in the same decile,_Z,Not applicable,_Z,Not applicable,MEAN,Mean,_T,Total,2014,,18.3583841,,,,A,Normal value,0,Units,1,One
DATAFLOW,OECD.ELS.SAE:DSD_EARNINGS@GENDER_WAGE_GAP(1.1),Gender wage gap,I,CAN,Canada,GWP,Gender wage gap,PT_WG_SAL_M_D,Percentage of wages of men in the same decile,_Z,Not applicable,_Z,Not applicable,MEAN,Mean,_T,Total,2015,,17.99712911,,,,A,Normal value,0,Units,1,One
DATAFLOW,OECD.ELS.SAE:DSD_EARNINGS@GENDER_WAGE_GAP(1.1),Gender wage gap,I,CAN,Canada,GWP,Gender wage gap,PT_WG_SAL_M_D,Percentage of wages of men in the same decile,_Z,Not applicable,_Z,Not applicable,MEAN,Mean,_T,Total,2016,,17.69040345,,,,A,Normal value,0,Units,1,One
DATAFLOW,OECD.ELS.SAE:DSD_EARNINGS@GENDER_WAGE_GAP(1.1),Gender wage gap,I,CAN,Canada,GWP,Gender wage gap,PT_WG_SAL_M_D,Percentage of wages of men in the same decile,_Z,Not applicable,_Z,Not applicable,MEAN,Mean,_T,Total,2017,,18.03417481,,,,A,Normal value,0,Units,1,One
DATAFLOW,OECD.ELS.SAE:DSD_EARNINGS@GENDER_WAGE_GAP(1.1),Gender wage gap,I,CAN,Canada,GWP,Gender wage gap,PT_WG_SAL_M_D,Percentage of wages of men in the same decile,_Z,Not applicable,_Z,Not applicable,MEAN,Mean,_T,Total,2018,,17.3550548,,,,A,Normal value,0,Units,1,One
DATAFLOW,OECD.ELS.SAE:DSD_EARNINGS@GENDER_WAGE_GAP(1.1),Gender wage gap,I,CAN,Canada,GWP,Gender wage gap,PT_WG_SAL_M_D,Percentage of wages of men in the same decile,_Z,Not applicable,_Z,Not applicable,MEAN,Mean,_T,Total,2019,,16.97332896,,,,A,Normal value,0,Units,1,One
DATAFLOW,OECD.ELS.SAE:DSD_EARNINGS@GENDER_WAGE_GAP(1.1),Gender wage gap,I,CAN,Canada,GWP,Gender wage gap,PT_WG_SAL_M_D,Percentage of wages of men in the same decile,_Z,Not applicable,_Z,Not applicable,MEAN,Mean,_T,Total,2020,,15.90400787,,,,A,Normal value,0,Units,1,One
DATAFLOW,OECD.ELS.SAE:DSD_EARNINGS@GENDER_WAGE_GAP(1.1),Gender wage gap,I,CAN,Canada,GWP,Gender wage gap,PT_WG_SAL_M_D,Percentage of wages of men in the same decile,_Z,Not applicable,_Z,Not applicable,MEAN,Mean,_T,Total,2021,,15.84975038,,,,A,Normal value,0,Units,1,One
DATAFLOW,OECD.ELS.SAE:DSD_EARNINGS@GENDER_WAGE_GAP(1.1),Gender wage gap,I,CAN,Canada,GWP,Gender wage gap,PT_WG_SAL_M_D,Percentage of wages of men in the same decile,_Z,Not applicable,_Z,Not applicable,MEAN,Mean,_T,Total,2022,,16.26509369,,,,A,Normal value,0,Units,1,One
DATAFLOW,OECD.ELS.SAE:DSD_EARNINGS@GENDER_WAGE_GAP(1.1),Gender wage gap,I,CAN,Canada,GWP,Gender wage gap,PT_WG_SAL_M_D,Percentage of wages of men in the same decile,_Z,Not applicable,_Z,Not applicable,MEAN,Mean,_T,Total,2023,,16.20368533,,,,A,Normal value,0,Units,1,One
DATAFLOW,OECD.ELS.SAE:DSD_EARNINGS@GENDER_WAGE_GAP(1.1),Gender wage gap,I,CAN,Canada,GWP,Gender wage gap,PT_WG_SAL_M_D,Percentage of wages of men in the same decile,_Z,Not applicable,_Z,Not applicable,MEAN,Mean,_T,Total,2024,,15.65695904,,,,A,Normal value,0,Units,1,One
DATAFLOW,OECD.ELS.SAE:DSD_EARNINGS@GENDER_WAGE_GAP(1.1),Gender wage gap,I,CHL,Chile,GWP,Gender wage gap,PT_WG_SAL_M_D,Percentage of wages of men in the same decile,_Z,Not applicable,_Z,Not applicable,MEAN,Mean,_T,Total,1998,,18.30393238,,,,A,Normal value,0,Units,1,One
DATAFLOW,OECD.ELS.SAE:DSD_EARNINGS@GENDER_WAGE_GAP(1.1),Gender wage gap,I,CHL,Chile,GWP,Gender wage gap,PT_WG_SAL_M_D,Percentage of wages of men in the same decile,_Z,Not applicable,_Z,Not applicable,MEAN,Mean,_T,Total,2000,,12.82599321,,,,A,Normal value,0,Units,1,One
DATAFLOW,OECD.ELS.SAE:DSD_EARNINGS@GENDER_WAGE_GAP(1.1),Gender wage gap,I,CHL,Chile,GWP,Gender wage gap,PT_WG_SAL_M_D,Percentage of wages of men in the same decile,_Z,Not applicable,_Z,Not applicable,MEAN,Mean,_T,Total,2003,,11.84948434,,,,A,Normal value,0,Units,1,One
DATAFLOW,OECD.ELS.SAE:DSD_EARNINGS@GENDER_WAGE_GAP(1.1),Gender wage gap,I,CHL,Chile,GWP,Gender wage gap,PT_WG_SAL_M_D,Percentage of wages of men in the same decile,_Z,Not applicable,_Z,Not applicable,MEAN,Mean,_T,Total,2006,,8.566773198,,,,A,Normal value,0,Units,1,One
DATAFLOW,OECD.ELS.SAE:DSD_EARNINGS@GENDER_WAGE_GAP(1.1),Gender wage gap,I,CHL,Chile,GWP,Gender wage gap,PT_WG_SAL_M_D,Percentage of wages of men in the same decile,_Z,Not applicable,_Z,Not applicable,MEAN,Mean,_T,Total,2009,,13.35250484,,,,A,Normal value,0,Units,1,One
DATAFLOW,OECD.ELS.SAE:DSD_EARNINGS@GENDER_WAGE_GAP(1.1),Gender wage gap,I,CHL,Chile,GWP,Gender wage gap,PT_WG_SAL_M_D,Percentage of wages of men in the same decile,_Z,Not applicable,_Z,Not applicable,MEAN,Mean,_T,Total,2011,,13.08551538,,,,A,Normal value,0,Units,1,One
DATAFLOW,OECD.ELS.SAE:DSD_EARNINGS@GENDER_WAGE_GAP(1.1),Gender wage gap,I,CHL,Chile,GWP,Gender wage gap,PT_WG_SAL_M_D,Percentage of wages of men in the same decile,_Z,Not applicable,_Z,Not applicable,MEAN,Mean,_T,Total,2013,,15.96968668,,,,A,Normal value,0,Units,1,One
DATAFLOW,OECD.ELS.SAE:DSD_EARNINGS@GENDER_WAGE_GAP(1.1),Gender wage gap,I,CHL,Chile,GWP,Gender wage gap,PT_WG_SAL_M_D,Percentage of wages of men in the same decile,_Z,Not applicable,_Z,Not applicable,MEAN,Mean,_T,Total,2015,,14.59520155,,,,A,Normal value,0,Units,1,One
DATAFLOW,OECD.ELS.SAE:DSD_EARNINGS@GENDER_WAGE_GAP(1.1),Gender wage gap,I,CHL,Chile,GWP,Gender wage gap,PT_WG_SAL_M_D,Percentage of wages of men in the same decile,_Z,Not applicable,_Z,Not applicable,MEAN,Mean,_T,Total,2017,,10.65840922,,,,A,Normal value,0,Units,1,One
DATAFLOW,OECD.ELS.SAE:DSD_EARNINGS@GENDER_WAGE_GAP(1.1),Gender wage gap,I,CHL,Chile,GWP,Gender wage gap,PT_WG_SAL_M_D,Percentage of wages of men in the same decile,_Z,Not applicable,_Z,Not applicable,MEAN,Mean,_T,Total,2020,,14.83171859,,,,A,Normal value,0,Units,1,One
DATAFLOW,OECD.ELS.SAE:DSD_EARNINGS@GENDER_WAGE_GAP(1.1),Gender wage gap,I,CHL,Chile,GWP,Gender wage gap,PT_WG_SAL_M_D,Percentage of wages of men in the same decile,_Z,Not applicable,_Z,Not applicable,MEAN,Mean,_T,Total,2021,,16.06367699,,,,A,Normal value,0,Units,1,One
DATAFLOW,OECD.ELS.SAE:DSD_EARNINGS@GENDER_WAGE_GAP(1.1),Gender wage gap,I,CHL,Chile,GWP,Gender wage gap,PT_WG_SAL_M_D,Percentage of wages of men in the same decile,_Z,Not applicable,_Z,Not applicable,MEAN,Mean,_T,Total,2022,,19.72992693,,,,A,Normal value,0,Units,1,One
DATAFLOW,OECD.ELS.SAE:DSD_EARNINGS@GENDER_WAGE_GAP(1.1),Gender wage gap,I,CHL,Chile,GWP,Gender wage gap,PT_WG_SAL_M_D,Percentage of wages of men in the same decile,_Z,Not applicable,_Z,Not applicable,MEAN,Mean,_T,Total,2023,,18.8593827,,,,A,Normal value,0,Units,1,One
DATAFLOW,OECD.ELS.SAE:DSD_EARNINGS@GENDER_WAGE_GAP(1.1),Gender wage gap,I,COL,Colombia,GWP,Gender wage gap,PT_WG_SAL_M_D,Percentage of wages of men in the same decile,_Z,Not applicable,_Z,Not applicable,MEAN,Mean,_T,Total,2007,,10.62042764,,,,A,Normal value,0,Units,1,One
DATAFLOW,OECD.ELS.SAE:DSD_EARNINGS@GENDER_WAGE_GAP(1.1),Gender wage gap,I,COL,Colombia,GWP,Gender wage gap,PT_WG_SAL_M_D,Percentage of wages of men in the same decile,_Z,Not applicable,_Z,Not applicable,MEAN,Mean,_T,Total,2008,,11.03785067,,,,A,Normal value,0,Units,1,One
DATAFLOW,OECD.ELS.SAE:DSD_EARNINGS@GENDER_WAGE_GAP(1.1),Gender wage gap,I,COL,Colombia,GWP,Gender wage gap,PT_WG_SAL_M_D,Percentage of wages of men in the same decile,_Z,Not applicable,_Z,Not applicable,MEAN,Mean,_T,Total,2009,,10.22112901,,,,A,Normal value,0,Units,1,One
DATAFLOW,OECD.ELS.SAE:DSD_EARNINGS@GENDER_WAGE_GAP(1.1),Gender wage gap,I,COL,Colombia,GWP,Gender wage gap,PT_WG_SAL_M_D,Percentage of wages of men in the same decile,_Z,Not applicable,_Z,Not applicable,MEAN,Mean,_T,Total,2010,,13.96253308,,,,A,Normal value,0,Units,1,One
DATAFLOW,OECD.ELS.SAE:DSD_EARNINGS@GENDER_WAGE_GAP(1.1),Gender wage gap,I,COL,Colombia,GWP,Gender wage gap,PT_WG_SAL_M_D,Percentage of wages of men in the same decile,_Z,Not applicable,_Z,Not applicable,MEAN,Mean,_T,Total,2011,,10.60217166,,,,A,Normal value,0,Units,1,One
DATAFLOW,OECD.ELS.SAE:DSD_EARNINGS@GENDER_WAGE_GAP(1.1),Gender wage gap,I,COL,Colombia,GWP,Gender wage gap,PT_WG_SAL_M_D,Percentage of wages of men in the same decile,_Z,Not applicable,_Z,Not applicable,MEAN,Mean,_T,Total,2012,,12.91111885,,,,A,Normal value,0,Units,1,One
DATAFLOW,OECD.ELS.SAE:DSD_EARNINGS@GENDER_WAGE_GAP(1.1),Gender wage gap,I,COL,Colombia,GWP,Gender wage gap,PT_WG_SAL_M_D,Percentage of wages of men in the same decile,_Z,Not applicable,_Z,Not applicable,MEAN,Mean,_T,Total,2013,,9.749305064,,,,A,Normal value,0,Units,1,One
DATAFLOW,OECD.ELS.SAE:DSD_EARNINGS@GENDER_WAGE_GAP(1.1),Gender wage gap,I,COL,Colombia,GWP,Gender wage gap,PT_WG_SAL_M_D,Percentage of wages of men in the same decile,_Z,Not applicable,_Z,Not applicable,MEAN,Mean,_T,Total,2014,,14.91505387,,,,A,Normal value,0,Units,1,One
DATAFLOW,OECD.ELS.SAE:DSD_EARNINGS@GENDER_WAGE_GAP(1.1),Gender wage gap,I,COL,Colombia,GWP,Gender wage gap,PT_WG_SAL_M_D,Percentage of wages of men in the same decile,_Z,Not applicable,_Z,Not applicable,MEAN,Mean,_T,Total,2015,,11.44422481,,,,A,Normal value,0,Units,1,One
DATAFLOW,OECD.ELS.SAE:DSD_EARNINGS@GENDER_WAGE_GAP(1.1),Gender wage gap,I,COL,Colombia,GWP,Gender wage gap,PT_WG_SAL_M_D,Percentage of wages of men in the same decile,_Z,Not applicable,_Z,Not applicable,MEAN,Mean,_T,Total,2016,,9.850291028,,,,A,Normal value,0,Units,1,One
DATAFLOW,OECD.ELS.SAE:DSD_EARNINGS@GENDER_WAGE_GAP(1.1),Gender wage gap,I,COL,Colombia,GWP,Gender wage gap,PT_WG_SAL_M_D,Percentage of wages of men in the same decile,_Z,Not applicable,_Z,Not applicable,MEAN,Mean,_T,Total,2017,,8.871017801,,,,A,Normal value,0,Units,1,One
DATAFLOW,OECD.ELS.SAE:DSD_EARNINGS@GENDER_WAGE_GAP(1.1),Gender wage gap,I,COL,Colombia,GWP,Gender wage gap,PT_WG_SAL_M_D,Percentage of wages of men in the same decile,_Z,Not applicable,_Z,Not applicable,MEAN,Mean,_T,Total,2018,,6.510817966,,,,A,Normal value,0,Units,1,One
DATAFLOW,OECD.ELS.SAE:DSD_EARNINGS@GENDER_WAGE_GAP(1.1),Gender wage gap,I,COL,Colombia,GWP,Gender wage gap,PT_WG_SAL_M_D,Percentage of wages of men in the same decile,_Z,Not applicable,_Z,Not applicable,MEAN,Mean,_T,Total,2019,,7.930337471,,,,A,Normal value,0,Units,1,One
DATAFLOW,OECD.ELS.SAE:DSD_EARNINGS@GENDER_WAGE_GAP(1.1),Gender wage gap,I,COL,Colombia,GWP,Gender wage gap,PT_WG_SAL_M_D,Percentage of wages of men in the same decile,_Z,Not applicable,_Z,Not applicable,MEAN,Mean,_T,Total,2020,,2.461095933,,,,A,Normal value,0,Units,1,One
DATAFLOW,OECD.ELS.SAE:DSD_EARNINGS@GENDER_WAGE_GAP(1.1),Gender wage gap,I,COL,Colombia,GWP,Gender wage gap,PT_WG_SAL_M_D,Percentage of wages of men in the same decile,_Z,Not applicable,_Z,Not applicable,MEAN,Mean,_T,Total,2021,,2.092951817,,,,A,Normal value,0,Units,1,One
DATAFLOW,OECD.ELS.SAE:DSD_EARNINGS@GENDER_WAGE_GAP(1.1),Gender wage gap,I,COL,Colombia,GWP,Gender wage gap,PT_WG_SAL_M_D,Percentage of wages of men in the same decile,_Z,Not applicable,_Z,Not applicable,MEAN,Mean,_T,Total,2022,,0.100390482,,,,A,Normal value,0,Units,1,One
DATAFLOW,OECD.ELS.SAE:DSD_EARNINGS@GENDER_WAGE_GAP(1.1),Gender wage gap,I,COL,Colombia,GWP,Gender wage gap,PT_WG_SAL_M_D,Percentage of wages of men in the same decile,_Z,Not applicable,_Z,Not applicable,MEAN,Mean,_T,Total,2023,,1.656794958,,,,A,Normal value,0,Units,1,One
DATAFLOW,OECD.ELS.SAE:DSD_EARNINGS@GENDER_WAGE_GAP(1.1),Gender wage gap,I,COL,Colombia,GWP,Gender wage gap,PT_WG_SAL_M_D,Percentage of wages of men in the same decile,_Z,Not applicable,_Z,Not applicable,MEAN,Mean,_T,Total,2024,,0.325865819,,,,A,Normal value,0,Units,1,One
DATAFLOW,OECD.ELS.SAE:DSD_EARNINGS@GENDER_WAGE_GAP(1.1),Gender wage gap,I,CRI,Costa Rica,GWP,Gender wage gap,PT_WG_SAL_M_D,Percentage of wages of men in the same decile,_Z,Not applicable,_Z,Not applicable,MEAN,Mean,_T,Total,2010,,11.94730418,,,,A,Normal value,0,Units,1,One
DATAFLOW,OECD.ELS.SAE:DSD_EARNINGS@GENDER_WAGE_GAP(1.1),Gender wage gap,I,CRI,Costa Rica,GWP,Gender wage gap,PT_WG_SAL_M_D,Percentage of wages of men in the same decile,_Z,Not applicable,_Z,Not applicable,MEAN,Mean,_T,Total,2011,,12.3461108,,,,A,Normal value,0,Units,1,One
DATAFLOW,OECD.ELS.SAE:DSD_EARNINGS@GENDER_WAGE_GAP(1.1),Gender wage gap,I,CRI,Costa Rica,GWP,Gender wage gap,PT_WG_SAL_M_D,Percentage of wages of men in the same decile,_Z,Not applicable,_Z,Not applicable,MEAN,Mean,_T,Total,2012,,13.81799727,,,,A,Normal value,0,Units,1,One
DATAFLOW,OECD.ELS.SAE:DSD_EARNINGS@GENDER_WAGE_GAP(1.1),Gender wage gap,I,CRI,Costa Rica,GWP,Gender wage gap,PT_WG_SAL_M_D,Percentage of wages of men in the same decile,_Z,Not applicable,_Z,Not applicable,MEAN,Mean,_T,Total,2013,,11.87705239,,,,A,Normal value,0,Units,1,One
DATAFLOW,OECD.ELS.SAE:DSD_EARNINGS@GENDER_WAGE_GAP(1.1),Gender wage gap,I,CRI,Costa Rica,GWP,Gender wage gap,PT_WG_SAL_M_D,Percentage of wages of men in the same decile,_Z,Not applicable,_Z,Not applicable,MEAN,Mean,_T,Total,2014,,16.10180941,,,,A,Normal value,0,Units,1,One
DATAFLOW,OECD.ELS.SAE:DSD_EARNINGS@GENDER_WAGE_GAP(1.1),Gender wage gap,I,CRI,Costa Rica,GWP,Gender wage gap,PT_WG_SAL_M_D,Percentage of wages of men in the same decile,_Z,Not applicable,_Z,Not applicable,MEAN,Mean,_T,Total,2015,,12.61810824,,,,A,Normal value,0,Units,1,One
DATAFLOW,OECD.ELS.SAE:DSD_EARNINGS@GENDER_WAGE_GAP(1.1),Gender wage gap,I,CRI,Costa Rica,GWP,Gender wage gap,PT_WG_SAL_M_D,Percentage of wages of men in the same decile,_Z,Not applicable,_Z,Not applicable,MEAN,Mean,_T,Total,2016,,11.64236152,,,,A,Normal value,0,Units,1,One
DATAFLOW,OECD.ELS.SAE:DSD_EARNINGS@GENDER_WAGE_GAP(1.1),Gender wage gap,I,CRI,Costa Rica,GWP,Gender wage gap,PT_WG_SAL_M_D,Percentage of wages of men in the same decile,_Z,Not applicable,_Z,Not applicable,MEAN,Mean,_T,Total,2017,,11.69663626,,,,A,Normal value,0,Units,1,One
DATAFLOW,OECD.ELS.SAE:DSD_EARNINGS@GENDER_WAGE_GAP(1.1),Gender wage gap,I,CRI,Costa Rica,GWP,Gender wage gap,PT_WG_SAL_M_D,Percentage of wages of men in the same decile,_Z,Not applicable,_Z,Not applicable,MEAN,Mean,_T,Total,2018,,11.27038396,,,,A,Normal value,0,Units,1,One
DATAFLOW,OECD.ELS.SAE:DSD_EARNINGS@GENDER_WAGE_GAP(1.1),Gender wage gap,I,CRI,Costa Rica,GWP,Gender wage gap,PT_WG_SAL_M_D,Percentage of wages of men in the same decile,_Z,Not applicable,_Z,Not applicable,MEAN,Mean,_T,Total,2019,,11.9388829,,,,A,Normal value,0,Units,1,One
DATAFLOW,OECD.ELS.SAE:DSD_EARNINGS@GENDER_WAGE_GAP(1.1),Gender wage gap,I,CRI,Costa Rica,GWP,Gender wage gap,PT_WG_SAL_M_D,Percentage of wages of men in the same decile,_Z,Not applicable,_Z,Not applicable,MEAN,Mean,_T,Total,2020,,5.774613713,,,,A,Normal value,0,Units,1,One
DATAFLOW,OECD.ELS.SAE:DSD_EARNINGS@GENDER_WAGE_GAP(1.1),Gender wage gap,I,CRI,Costa Rica,GWP,Gender wage gap,PT_WG_SAL_M_D,Percentage of wages of men in the same decile,_Z,Not applicable,_Z,Not applicable,MEAN,Mean,_T,Total,2021,,3.737903721,,,,A,Normal value,0,Units,1,One
DATAFLOW,OECD.ELS.SAE:DSD_EARNINGS@GENDER_WAGE_GAP(1.1),Gender wage gap,I,CRI,Costa Rica,GWP,Gender wage gap,PT_WG_SAL_M_D,Percentage of wages of men in the same decile,_Z,Not applicable,_Z,Not applicable,MEAN,Mean,_T,Total,2022,,0.479212529,,,,A,Normal value,0,Units,1,One
DATAFLOW,OECD.ELS.SAE:DSD_EARNINGS@GENDER_WAGE_GAP(1.1),Gender wage gap,I,CRI,Costa Rica,GWP,Gender wage gap,PT_WG_SAL_M_D,Percentage of wages of men in the same decile,_Z,Not applicable,_Z,Not applicable,MEAN,Mean,_T,Total,2023,,4.106446023,,,,A,Normal value,0,Units,1,One
DATAFLOW,OECD.ELS.SAE:DSD_EARNINGS@GENDER_WAGE_GAP(1.1),Gender wage gap,I,CRI,Costa Rica,GWP,Gender wage gap,PT_WG_SAL_M_D,Percentage of wages of men in the same decile,_Z,Not applicable,_Z,Not applicable,MEAN,Mean,_T,Total,2024,,6.928988597,,,,A,Normal value,0,Units,1,One
DATAFLOW,OECD.ELS.SAE:DSD_EARNINGS@GENDER_WAGE_GAP(1.1),Gender wage gap,I,CZE,Czechia,GWP,Gender wage gap,PT_WG_SAL_M_D,Percentage of wages of men in the same decile,_Z,Not applicable,_Z,Not applicable,MEAN,Mean,_T,Total,1996,,19.05414047,,,,A,Normal value,0,Units,1,One
DATAFLOW,OECD.ELS.SAE:DSD_EARNINGS@GENDER_WAGE_GAP(1.1),Gender wage gap,I,CZE,Czechia,GWP,Gender wage gap,PT_WG_SAL_M_D,Percentage of wages of men in the same decile,_Z,Not applicable,_Z,Not applicable,MEAN,Mean,_T,Total,1997,,20.54521369,,,,A,Normal value,0,Units,1,One
DATAFLOW,OECD.ELS.SAE:DSD_EARNINGS@GENDER_WAGE_GAP(1.1),Gender wage gap,I,CZE,Czechia,GWP,Gender wage gap,PT_WG_SAL_M_D,Percentage of wages of men in the same decile,_Z,Not applicable,_Z,Not applicable,MEAN,Mean,_T,Total,1999,,23.20670605,,,,A,Normal value,0,Units,1,One
DATAFLOW,OECD.ELS.SAE:DSD_EARNINGS@GENDER_WAGE_GAP(1.1),Gender wage gap,I,CZE,Czechia,GWP,Gender wage gap,PT_WG_SAL_M_D,Percentage of wages of men in the same decile,_Z,Not applicable,_Z,Not applicable,MEAN,Mean,_T,Total,2001,,21.92666932,,,,A,Normal value,0,Units,1,One
DATAFLOW,OECD.ELS.SAE:DSD_EARNINGS@GENDER_WAGE_GAP(1.1),Gender wage gap,I,CZE,Czechia,GWP,Gender wage gap,PT_WG_SAL_M_D,Percentage of wages of men in the same decile,_Z,Not applicable,_Z,Not applicable,MEAN,Mean,_T,Total,2002,,21.76856344,,,,A,Normal value,0,Units,1,One
DATAFLOW,OECD.ELS.SAE:DSD_EARNINGS@GENDER_WAGE_GAP(1.1),Gender wage gap,I,CZE,Czechia,GWP,Gender wage gap,PT_WG_SAL_M_D,Percentage of wages of men in the same decile,_Z,Not applicable,_Z,Not applicable,MEAN,Mean,_T,Total,2003,,21.72368357,,,,A,Normal value,0,Units,1,One
DATAFLOW,OECD.ELS.SAE:DSD_EARNINGS@GENDER_WAGE_GAP(1.1),Gender wage gap,I,CZE,Czechia,GWP,Gender wage gap,PT_WG_SAL_M_D,Percentage of wages of men in the same decile,_Z,Not applicable,_Z,Not applicable,MEAN,Mean,_T,Total,2004,,21.44758461,,,,A,Normal value,0,Units,1,One
DATAFLOW,OECD.ELS.SAE:DSD_EARNINGS@GENDER_WAGE_GAP(1.1),Gender wage gap,I,CZE,Czechia,GWP,Gender wage gap,PT_WG_SAL_M_D,Percentage of wages of men in the same decile,_Z,Not applicable,_Z,Not applicable,MEAN,Mean,_T,Total,2005,,21.25030322,,,,A,Normal value,0,Units,1,One
DATAFLOW,OECD.ELS.SAE:DSD_EARNINGS@GENDER_WAGE_GAP(1.1),Gender wage gap,I,CZE,Czechia,GWP,Gender wage gap,PT_WG_SAL_M_D,Percentage of wages of men in the same decile,_Z,Not applicable,_Z,Not applicable,MEAN,Mean,_T,Total,2006,,20.87413545,,,,A,Normal value,0,Units,1,One
DATAFLOW,OECD.ELS.SAE:DSD_EARNINGS@GENDER_WAGE_GAP(1.1),Gender wage gap,I,CZE,Czechia,GWP,Gender wage gap,PT_WG_SAL_M_D,Percentage of wages of men in the same decile,_Z,Not applicable,_Z,Not applicable,MEAN,Mean,_T,Total,2007,,21.07096022,,,,A,Normal value,0,Units,1,One
DATAFLOW,OECD.ELS.SAE:DSD_EARNINGS@GENDER_WAGE_GAP(1.1),Gender wage gap,I,CZE,Czechia,GWP,Gender wage gap,PT_WG_SAL_M_D,Percentage of wages of men in the same decile,_Z,Not applicable,_Z,Not applicable,MEAN,Mean,_T,Total,2008,,22.32653889,,,,A,Normal value,0,Units,1,One
DATAFLOW,OECD.ELS.SAE:DSD_EARNINGS@GENDER_WAGE_GAP(1.1),Gender wage gap,I,CZE,Czechia,GWP,Gender wage gap,PT_WG_SAL_M_D,Percentage of wages of men in the same decile,_Z,Not applicable,_Z,Not applicable,MEAN,Mean,_T,Total,2009,,21.50323884,,,,A,Normal value,0,Units,1,One
DATAFLOW,OECD.ELS.SAE:DSD_EARNINGS@GENDER_WAGE_GAP(1.1),Gender wage gap,I,CZE,Czechia,GWP,Gender wage gap,PT_WG_SAL_M_D,Percentage of wages of men in the same decile,_Z,Not applicable,_Z,Not applicable,MEAN,Mean,_T,Total,2010,,21.2487647,,,,A,Normal value,0,Units,1,One
DATAFLOW,OECD.ELS.SAE:DSD_EARNINGS@GENDER_WAGE_GAP(1.1),Gender wage gap,I,CZE,Czechia,GWP,Gender wage gap,PT_WG_SAL_M_D,Percentage of wages of men in the same decile,_Z,Not applicable,_Z,Not applicable,MEAN,Mean,_T,Total,2011,,22.67867912,,,,A,Normal value,0,Units,1,One
DATAFLOW,OECD.ELS.SAE:DSD_EARNINGS@GENDER_WAGE_GAP(1.1),Gender wage gap,I,CZE,Czechia,GWP,Gender wage gap,PT_WG_SAL_M_D,Percentage of wages of men in the same decile,_Z,Not applicable,_Z,Not applicable,MEAN,Mean,_T,Total,2012,,22.08637828,,,,A,Normal value,0,Units,1,One
DATAFLOW,OECD.ELS.SAE:DSD_EARNINGS@GENDER_WAGE_GAP(1.1),Gender wage gap,I,CZE,Czechia,GWP,Gender wage gap,PT_WG_SAL_M_D,Percentage of wages of men in the same decile,_Z,Not applicable,_Z,Not applicable,MEAN,Mean,_T,Total,2013,,21.694343,,,,A,Normal value,0,Units,1,One
DATAFLOW,OECD.ELS.SAE:DSD_EARNINGS@GENDER_WAGE_GAP(1.1),Gender wage gap,I,CZE,Czechia,GWP,Gender wage gap,PT_WG_SAL_M_D,Percentage of wages of men in the same decile,_Z,Not applicable,_Z,Not applicable,MEAN,Mean,_T,Total,2014,,21.93062145,,,,A,Normal value,0,Units,1,One
DATAFLOW,OECD.ELS.SAE:DSD_EARNINGS@GENDER_WAGE_GAP(1.1),Gender wage gap,I,CZE,Czechia,GWP,Gender wage gap,PT_WG_SAL_M_D,Percentage of wages of men in the same decile,_Z,Not applicable,_Z,Not applicable,MEAN,Mean,_T,Total,2015,,21.87925556,,,,A,Normal value,0,Units,1,One
DATAFLOW,OECD.ELS.SAE:DSD_EARNINGS@GENDER_WAGE_GAP(1.1),Gender wage gap,I,CZE,Czechia,GWP,Gender wage gap,PT_WG_SAL_M_D,Percentage of wages of men in the same decile,_Z,Not applicable,_Z,Not applicable,MEAN,Mean,_T,Total,2016,,21.06970217,,,,A,Normal value,0,Units,1,One
DATAFLOW,OECD.ELS.SAE:DSD_EARNINGS@GENDER_WAGE_GAP(1.1),Gender wage gap,I,CZE,Czechia,GWP,Gender wage gap,PT_WG_SAL_M_D,Percentage of wages of men in the same decile,_Z,Not applicable,_Z,Not applicable,MEAN,Mean,_T,Total,2017,,20.72143003,,,,A,Normal value,0,Units,1,One
DATAFLOW,OECD.ELS.SAE:DSD_EARNINGS@GENDER_WAGE_GAP(1.1),Gender wage gap,I,CZE,Czechia,GWP,Gender wage gap,PT_WG_SAL_M_D,Percentage of wages of men in the same decile,_Z,Not applicable,_Z,Not applicable,MEAN,Mean,_T,Total,2018,,19.94433636,,,,A,Normal value,0,Units,1,One
DATAFLOW,OECD.ELS.SAE:DSD_EARNINGS@GENDER_WAGE_GAP(1.1),Gender wage gap,I,CZE,Czechia,GWP,Gender wage gap,PT_WG_SAL_M_D,Percentage of wages of men in the same decile,_Z,Not applicable,_Z,Not applicable,MEAN,Mean,_T,Total,2019,,18.79644324,,,,A,Normal value,0,Units,1,One
DATAFLOW,OECD.ELS.SAE:DSD_EARNINGS@GENDER_WAGE_GAP(1.1),Gender wage gap,I,CZE,Czechia,GWP,Gender wage gap,PT_WG_SAL_M_D,Percentage of wages of men in the same decile,_Z,Not applicable,_Z,Not applicable,MEAN,Mean,_T,Total,2020,,16.4840446,,,,A,Normal value,0,Units,1,One
DATAFLOW,OECD.ELS.SAE:DSD_EARNINGS@GENDER_WAGE_GAP(1.1),Gender wage gap,I,CZE,Czechia,GWP,Gender wage gap,PT_WG_SAL_M_D,Percentage of wages of men in the same decile,_Z,Not applicable,_Z,Not applicable,MEAN,Mean,_T,Total,2021,,15.21068859,,,,A,Normal value,0,Units,1,One
DATAFLOW,OECD.ELS.SAE:DSD_EARNINGS@GENDER_WAGE_GAP(1.1),Gender wage gap,I,CZE,Czechia,GWP,Gender wage gap,PT_WG_SAL_M_D,Percentage of wages of men in the same decile,_Z,Not applicable,_Z,Not applicable,MEAN,Mean,_T,Total,2022,,17.7353458,,,,A,Normal value,0,Units,1,One
DATAFLOW,OECD.ELS.SAE:DSD_EARNINGS@GENDER_WAGE_GAP(1.1),Gender wage gap,I,CZE,Czechia,GWP,Gender wage gap,PT_WG_SAL_M_D,Percentage of wages of men in the same decile,_Z,Not applicable,_Z,Not applicable,MEAN,Mean,_T,Total,2023,,17.73845231,,,,A,Normal value,0,Units,1,One
DATAFLOW,OECD.ELS.SAE:DSD_EARNINGS@GENDER_WAGE_GAP(1.1),Gender wage gap,I,CZE,Czechia,GWP,Gender wage gap,PT_WG_SAL_M_D,Percentage of wages of men in the same decile,_Z,Not applicable,_Z,Not applicable,MEAN,Mean,_T,Total,2024,,18.12328024,,,,A,Normal value,0,Units,1,One
DATAFLOW,OECD.ELS.SAE:DSD_EARNINGS@GENDER_WAGE_GAP(1.1),Gender wage gap,I,DNK,Denmark,GWP,Gender wage gap,PT_WG_SAL_M_D,Percentage of wages of men in the same decile,_Z,Not applicable,_Z,Not applicable,MEAN,Mean,_T,Total,2002,,14.59940588,,,,A,Normal value,0,Units,1,One
DATAFLOW,OECD.ELS.SAE:DSD_EARNINGS@GENDER_WAGE_GAP(1.1),Gender wage gap,I,DNK,Denmark,GWP,Gender wage gap,PT_WG_SAL_M_D,Percentage of wages of men in the same decile,_Z,Not applicable,_Z,Not applicable,MEAN,Mean,_T,Total,2003,,13.75002848,,,,A,Normal value,0,Units,1,One
DATAFLOW,OECD.ELS.SAE:DSD_EARNINGS@GENDER_WAGE_GAP(1.1),Gender wage gap,I,DNK,Denmark,GWP,Gender wage gap,PT_WG_SAL_M_D,Percentage of wages of men in the same decile,_Z,Not applicable,_Z,Not applicable,MEAN,Mean,_T,Total,2004,,14.15321932,,,,A,Normal value,0,Units,1,One
DATAFLOW,OECD.ELS.SAE:DSD_EARNINGS@GENDER_WAGE_GAP(1.1),Gender wage gap,I,DNK,Denmark,GWP,Gender wage gap,PT_WG_SAL_M_D,Percentage of wages of men in the same decile,_Z,Not applicable,_Z,Not applicable,MEAN,Mean,_T,Total,2005,,15.02070759,,,,A,Normal value,0,Units,1,One
DATAFLOW,OECD.ELS.SAE:DSD_EARNINGS@GENDER_WAGE_GAP(1.1),Gender wage gap,I,DNK,Denmark,GWP,Gender wage gap,PT_WG_SAL_M_D,Percentage of wages of men in the same decile,_Z,Not applicable,_Z,Not applicable,MEAN,Mean,_T,Total,2006,,14.95184061,,,,A,Normal value,0,Units,1,One
DATAFLOW,OECD.ELS.SAE:DSD_EARNINGS@GENDER_WAGE_GAP(1.1),Gender wage gap,I,DNK,Denmark,GWP,Gender wage gap,PT_WG_SAL_M_D,Percentage of wages of men in the same decile,_Z,Not applicable,_Z,Not applicable,MEAN,Mean,_T,Total,2007,,14.60486237,,,,A,Normal value,0,Units,1,One
DATAFLOW,OECD.ELS.SAE:DSD_EARNINGS@GENDER_WAGE_GAP(1.1),Gender wage gap,I,DNK,Denmark,GWP,Gender wage gap,PT_WG_SAL_M_D,Percentage of wages of men in the same decile,_Z,Not applicable,_Z,Not applicable,MEAN,Mean,_T,Total,2008,,14.58924173,,,,A,Normal value,0,Units,1,One
DATAFLOW,OECD.ELS.SAE:DSD_EARNINGS@GENDER_WAGE_GAP(1.1),Gender wage gap,I,DNK,Denmark,GWP,Gender wage gap,PT_WG_SAL_M_D,Percentage of wages of men in the same decile,_Z,Not applicable,_Z,Not applicable,MEAN,Mean,_T,Total,2009,,13.99224343,,,,A,Normal value,0,Units,1,One
DATAFLOW,OECD.ELS.SAE:DSD_EARNINGS@GENDER_WAGE_GAP(1.1),Gender wage gap,I,DNK,Denmark,GWP,Gender wage gap,PT_WG_SAL_M_D,Percentage of wages of men in the same decile,_Z,Not applicable,_Z,Not applicable,MEAN,Mean,_T,Total,2010,,11.983277,,,,A,Normal value,0,Units,1,One
DATAFLOW,OECD.ELS.SAE:DSD_EARNINGS@GENDER_WAGE_GAP(1.1),Gender wage gap,I,DNK,Denmark,GWP,Gender wage gap,PT_WG_SAL_M_D,Percentage of wages of men in the same decile,_Z,Not applicable,_Z,Not applicable,MEAN,Mean,_T,Total,2011,,12.78885185,,,,A,Normal value,0,Units,1,One
DATAFLOW,OECD.ELS.SAE:DSD_EARNINGS@GENDER_WAGE_GAP(1.1),Gender wage gap,I,DNK,Denmark,GWP,Gender wage gap,PT_WG_SAL_M_D,Percentage of wages of men in the same decile,_Z,Not applicable,_Z,Not applicable,MEAN,Mean,_T,Total,2012,,12.62362386,,,,A,Normal value,0,Units,1,One
DATAFLOW,OECD.ELS.SAE:DSD_EARNINGS@GENDER_WAGE_GAP(1.1),Gender wage gap,I,DNK,Denmark,GWP,Gender wage gap,PT_WG_SAL_M_D,Percentage of wages of men in the same decile,_Z,Not applicable,_Z,Not applicable,MEAN,Mean,_T,Total,2013,,12.18378486,,,,A,Normal value,0,Units,1,One
DATAFLOW,OECD.ELS.SAE:DSD_EARNINGS@GENDER_WAGE_GAP(1.1),Gender wage gap,I,DNK,Denmark,GWP,Gender wage gap,PT_WG_SAL_M_D,Percentage of wages of men in the same decile,_Z,Not applicable,_Z,Not applicable,MEAN,Mean,_T,Total,2014,,11.35600655,,,,A,Normal value,0,Units,1,One
DATAFLOW,OECD.ELS.SAE:DSD_EARNINGS@GENDER_WAGE_GAP(1.1),Gender wage gap,I,DNK,Denmark,GWP,Gender wage gap,PT_WG_SAL_M_D,Percentage of wages of men in the same decile,_Z,Not applicable,_Z,Not applicable,MEAN,Mean,_T,Total,2015,,10.75408941,,,,A,Normal value,0,Units,1,One
DATAFLOW,OECD.ELS.SAE:DSD_EARNINGS@GENDER_WAGE_GAP(1.1),Gender wage gap,I,DNK,Denmark,GWP,Gender wage gap,PT_WG_SAL_M_D,Percentage of wages of men in the same decile,_Z,Not applicable,_Z,Not applicable,MEAN,Mean,_T,Total,2016,,10.47011959,,,,A,Normal value,0,Units,1,One
DATAFLOW,OECD.ELS.SAE:DSD_EARNINGS@GENDER_WAGE_GAP(1.1),Gender wage gap,I,DNK,Denmark,GWP,Gender wage gap,PT_WG_SAL_M_D,Percentage of wages of men in the same decile,_Z,Not applicable,_Z,Not applicable,MEAN,Mean,_T,Total,2017,,10.01975998,,,,A,Normal value,0,Units,1,One
DATAFLOW,OECD.ELS.SAE:DSD_EARNINGS@GENDER_WAGE_GAP(1.1),Gender wage gap,I,DNK,Denmark,GWP,Gender wage gap,PT_WG_SAL_M_D,Percentage of wages of men in the same decile,_Z,Not applicable,_Z,Not applicable,MEAN,Mean,_T,Total,2018,,12.74981083,,,,A,Normal value,0,Units,1,One
DATAFLOW,OECD.ELS.SAE:DSD_EARNINGS@GENDER_WAGE_GAP(1.1),Gender wage gap,I,DNK,Denmark,GWP,Gender wage gap,PT_WG_SAL_M_D,Percentage of wages of men in the same decile,_Z,Not applicable,_Z,Not applicable,MEAN,Mean,_T,Total,2019,,9.45677519,,,,A,Normal value,0,Units,1,One
DATAFLOW,OECD.ELS.SAE:DSD_EARNINGS@GENDER_WAGE_GAP(1.1),Gender wage gap,I,DNK,Denmark,GWP,Gender wage gap,PT_WG_SAL_M_D,Percentage of wages of men in the same decile,_Z,Not applicable,_Z,Not applicable,MEAN,Mean,_T,Total,2020,,9.096764476,,,,A,Normal value,0,Units,1,One
DATAFLOW,OECD.ELS.SAE:DSD_EARNINGS@GENDER_WAGE_GAP(1.1),Gender wage gap,I,DNK,Denmark,GWP,Gender wage gap,PT_WG_SAL_M_D,Percentage of wages of men in the same decile,_Z,Not applicable,_Z,Not applicable,MEAN,Mean,_T,Total,2021,,9.234754363,,,,A,Normal value,0,Units,1,One
DATAFLOW,OECD.ELS.SAE:DSD_EARNINGS@GENDER_WAGE_GAP(1.1),Gender wage gap,I,DNK,Denmark,GWP,Gender wage gap,PT_WG_SAL_M_D,Percentage of wages of men in the same decile,_Z,Not applicable,_Z,Not applicable,MEAN,Mean,_T,Total,2022,,8.961374028,,,,A,Normal value,0,Units,1,One
DATAFLOW,OECD.ELS.SAE:DSD_EARNINGS@GENDER_WAGE_GAP(1.1),Gender wage gap,I,DNK,Denmark,GWP,Gender wage gap,PT_WG_SAL_M_D,Percentage of wages of men in the same decile,_Z,Not applicable,_Z,Not applicable,MEAN,Mean,_T,Total,2023,,8.42383165,,,,A,Normal value,0,Units,1,One
DATAFLOW,OECD.ELS.SAE:DSD_EARNINGS@GENDER_WAGE_GAP(1.1),Gender wage gap,I,EST,Estonia,GWP,Gender wage gap,PT_WG_SAL_M_D,Percentage of wages of men in the same decile,_Z,Not applicable,_Z,Not applicable,MEAN,Mean,_T,Total,2002,,27.19633936,,,,A,Normal value,0,Units,1,One
DATAFLOW,OECD.ELS.SAE:DSD_EARNINGS@GENDER_WAGE_GAP(1.1),Gender wage gap,I,EST,Estonia,GWP,Gender wage gap,PT_WG_SAL_M_D,Percentage of wages of men in the same decile,_Z,Not applicable,_Z,Not applicable,MEAN,Mean,_T,Total,2006,,29.44421092,,,,A,Normal value,0,Units,1,One
DATAFLOW,OECD.ELS.SAE:DSD_EARNINGS@GENDER_WAGE_GAP(1.1),Gender wage gap,I,EST,Estonia,GWP,Gender wage gap,PT_WG_SAL_M_D,Percentage of wages of men in the same decile,_Z,Not applicable,_Z,Not applicable,MEAN,Mean,_T,Total,2010,,28.84017498,,,,A,Normal value,0,Units,1,One
DATAFLOW,OECD.ELS.SAE:DSD_EARNINGS@GENDER_WAGE_GAP(1.1),Gender wage gap,I,EST,Estonia,GWP,Gender wage gap,PT_WG_SAL_M_D,Percentage of wages of men in the same decile,_Z,Not applicable,_Z,Not applicable,MEAN,Mean,_T,Total,2014,,29.83578732,,,,A,Normal value,0,Units,1,One
DATAFLOW,OECD.ELS.SAE:DSD_EARNINGS@GENDER_WAGE_GAP(1.1),Gender wage gap,I,EST,Estonia,GWP,Gender wage gap,PT_WG_SAL_M_D,Percentage of wages of men in the same decile,_Z,Not applicable,_Z,Not applicable,MEAN,Mean,_T,Total,2018,,24.01634462,,,,A,Normal value,0,Units,1,One
DATAFLOW,OECD.ELS.SAE:DSD_EARNINGS@GENDER_WAGE_GAP(1.1),Gender wage gap,I,EST,Estonia,GWP,Gender wage gap,PT_WG_SAL_M_D,Percentage of wages of men in the same decile,_Z,Not applicable,_Z,Not applicable,MEAN,Mean,_T,Total,2022,,23.08254919,,,,A,Normal value,0,Units,1,One
DATAFLOW,OECD.ELS.SAE:DSD_EARNINGS@GENDER_WAGE_GAP(1.1),Gender wage gap,I,EST,Estonia,GWP,Gender wage gap,PT_WG_SAL_M_D,Percentage of wages of men in the same decile,_Z,Not applicable,_Z,Not applicable,MEAN,Mean,_T,Total,2023,,25.60711012,,,,A,Normal value,0,Units,1,One
DATAFLOW,OECD.ELS.SAE:DSD_EARNINGS@GENDER_WAGE_GAP(1.1),Gender wage gap,I,FIN,Finland,GWP,Gender wage gap,PT_WG_SAL_M_D,Percentage of wages of men in the same decile,_Z,Not applicable,_Z,Not applicable,MEAN,Mean,_T,Total,1978,,32.07126949,,,,A,Normal value,0,Units,1,One
DATAFLOW,OECD.ELS.SAE:DSD_EARNINGS@GENDER_WAGE_GAP(1.1),Gender wage gap,I,FIN,Finland,GWP,Gender wage gap,PT_WG_SAL_M_D,Percentage of wages of men in the same decile,_Z,Not applicable,_Z,Not applicable,MEAN,Mean,_T,Total,1979,,31.4,,,,A,Normal value,0,Units,1,One
DATAFLOW,OECD.ELS.SAE:DSD_EARNINGS@GENDER_WAGE_GAP(1.1),Gender wage gap,I,FIN,Finland,GWP,Gender wage gap,PT_WG_SAL_M_D,Percentage of wages of men in the same decile,_Z,Not applicable,_Z,Not applicable,MEAN,Mean,_T,Total,1980,,30.52031821,,,,A,Normal value,0,Units,1,One
DATAFLOW,OECD.ELS.SAE:DSD_EARNINGS@GENDER_WAGE_GAP(1.1),Gender wage gap,I,FIN,Finland,GWP,Gender wage gap,PT_WG_SAL_M_D,Percentage of wages of men in the same decile,_Z,Not applicable,_Z,Not applicable,MEAN,Mean,_T,Total,1982,,31.23209169,,,,A,Normal value,0,Units,1,One
DATAFLOW,OECD.ELS.SAE:DSD_EARNINGS@GENDER_WAGE_GAP(1.1),Gender wage gap,I,FIN,Finland,GWP,Gender wage gap,PT_WG_SAL_M_D,Percentage of wages of men in the same decile,_Z,Not applicable,_Z,Not applicable,MEAN,Mean,_T,Total,1983,,29.50483896,,,,A,Normal value,0,Units,1,One
DATAFLOW,OECD.ELS.SAE:DSD_EARNINGS@GENDER_WAGE_GAP(1.1),Gender wage gap,I,FIN,Finland,GWP,Gender wage gap,PT_WG_SAL_M_D,Percentage of wages of men in the same decile,_Z,Not applicable,_Z,Not applicable,MEAN,Mean,_T,Total,1984,,28.09123649,,,,A,Normal value,0,Units,1,One
DATAFLOW,OECD.ELS.SAE:DSD_EARNINGS@GENDER_WAGE_GAP(1.1),Gender wage gap,I,FIN,Finland,GWP,Gender wage gap,PT_WG_SAL_M_D,Percentage of wages of men in the same decile,_Z,Not applicable,_Z,Not applicable,MEAN,Mean,_T,Total,1986,,26.57178813,,,,A,Normal value,0,Units,1,One
DATAFLOW,OECD.ELS.SAE:DSD_EARNINGS@GENDER_WAGE_GAP(1.1),Gender wage gap,I,FIN,Finland,GWP,Gender wage gap,PT_WG_SAL_M_D,Percentage of wages of men in the same decile,_Z,Not applicable,_Z,Not applicable,MEAN,Mean,_T,Total,1987,,26.71102662,,,,A,Normal value,0,Units,1,One
DATAFLOW,OECD.ELS.SAE:DSD_EARNINGS@GENDER_WAGE_GAP(1.1),Gender wage gap,I,FIN,Finland,GWP,Gender wage gap,PT_WG_SAL_M_D,Percentage of wages of men in the same decile,_Z,Not applicable,_Z,Not applicable,MEAN,Mean,_T,Total,1988,,26.07174103,,,,A,Normal value,0,Units,1,One
DATAFLOW,OECD.ELS.SAE:DSD_EARNINGS@GENDER_WAGE_GAP(1.1),Gender wage gap,I,FIN,Finland,GWP,Gender wage gap,PT_WG_SAL_M_D,Percentage of wages of men in the same decile,_Z,Not applicable,_Z,Not applicable,MEAN,Mean,_T,Total,1989,,26.14803578,,,,A,Normal value,0,Units,1,One
DATAFLOW,OECD.ELS.SAE:DSD_EARNINGS@GENDER_WAGE_GAP(1.1),Gender wage gap,I,FIN,Finland,GWP,Gender wage gap,PT_WG_SAL_M_D,Percentage of wages of men in the same decile,_Z,Not applicable,_Z,Not applicable,MEAN,Mean,_T,Total,1990,,25.50154546,,,,A,Normal value,0,Units,1,One
DATAFLOW,OECD.ELS.SAE:DSD_EARNINGS@GENDER_WAGE_GAP(1.1),Gender wage gap,I,FIN,Finland,GWP,Gender wage gap,PT_WG_SAL_M_D,Percentage of wages of men in the same decile,_Z,Not applicable,_Z,Not applicable,MEAN,Mean,_T,Total,1991,,24.72910965,,,,A,Normal value,0,Units,1,One
DATAFLOW,OECD.ELS.SAE:DSD_EARNINGS@GENDER_WAGE_GAP(1.1),Gender wage gap,I,FIN,Finland,GWP,Gender wage gap,PT_WG_SAL_M_D,Percentage of wages of men in the same decile,_Z,Not applicable,_Z,Not applicable,MEAN,Mean,_T,Total,1992,,23.40214371,,,,A,Normal value,0,Units,1,One
DATAFLOW,OECD.ELS.SAE:DSD_EARNINGS@GENDER_WAGE_GAP(1.1),Gender wage gap,I,FIN,Finland,GWP,Gender wage gap,PT_WG_SAL_M_D,Percentage of wages of men in the same decile,_Z,Not applicable,_Z,Not applicable,MEAN,Mean,_T,Total,1993,,24.099157,,,,A,Normal value,0,Units,1,One
DATAFLOW,OECD.ELS.SAE:DSD_EARNINGS@GENDER_WAGE_GAP(1.1),Gender wage gap,I,FIN,Finland,GWP,Gender wage gap,PT_WG_SAL_M_D,Percentage of wages of men in the same decile,_Z,Not applicable,_Z,Not applicable,MEAN,Mean,_T,Total,1994,,25.37554347,,,,A,Normal value,0,Units,1,One
DATAFLOW,OECD.ELS.SAE:DSD_EARNINGS@GENDER_WAGE_GAP(1.1),Gender wage gap,I,FIN,Finland,GWP,Gender wage gap,PT_WG_SAL_M_D,Percentage of wages of men in the same decile,_Z,Not applicable,_Z,Not applicable,MEAN,Mean,_T,Total,1995,,23.87035872,,,,A,Normal value,0,Units,1,One
DATAFLOW,OECD.ELS.SAE:DSD_EARNINGS@GENDER_WAGE_GAP(1.1),Gender wage gap,I,FIN,Finland,GWP,Gender wage gap,PT_WG_SAL_M_D,Percentage of wages of men in the same decile,_Z,Not applicable,_Z,Not applicable,MEAN,Mean,_T,Total,1996,,21.61250427,,,,A,Normal value,0,Units,1,One
DATAFLOW,OECD.ELS.SAE:DSD_EARNINGS@GENDER_WAGE_GAP(1.1),Gender wage gap,I,FIN,Finland,GWP,Gender wage gap,PT_WG_SAL_M_D,Percentage of wages of men in the same decile,_Z,Not applicable,_Z,Not applicable,MEAN,Mean,_T,Total,1997,,23.10996206,,,,A,Normal value,0,Units,1,One
DATAFLOW,OECD.ELS.SAE:DSD_EARNINGS@GENDER_WAGE_GAP(1.1),Gender wage gap,I,FIN,Finland,GWP,Gender wage gap,PT_WG_SAL_M_D,Percentage of wages of men in the same decile,_Z,Not applicable,_Z,Not applicable,MEAN,Mean,_T,Total,1998,,24.29358381,,,,A,Normal value,0,Units,1,One
DATAFLOW,OECD.ELS.SAE:DSD_EARNINGS@GENDER_WAGE_GAP(1.1),Gender wage gap,I,FIN,Finland,GWP,Gender wage gap,PT_WG_SAL_M_D,Percentage of wages of men in the same decile,_Z,Not applicable,_Z,Not applicable,MEAN,Mean,_T,Total,1999,,22.6874298,,,,A,Normal value,0,Units,1,One
DATAFLOW,OECD.ELS.SAE:DSD_EARNINGS@GENDER_WAGE_GAP(1.1),Gender wage gap,I,FIN,Finland,GWP,Gender wage gap,PT_WG_SAL_M_D,Percentage of wages of men in the same decile,_Z,Not applicable,_Z,Not applicable,MEAN,Mean,_T,Total,2000,,23.32688588,,,,A,Normal value,0,Units,1,One
DATAFLOW,OECD.ELS.SAE:DSD_EARNINGS@GENDER_WAGE_GAP(1.1),Gender wage gap,I,FIN,Finland,GWP,Gender wage gap,PT_WG_SAL_M_D,Percentage of wages of men in the same decile,_Z,Not applicable,_Z,Not applicable,MEAN,Mean,_T,Total,2001,,24.43527498,,,,A,Normal value,0,Units,1,One
DATAFLOW,OECD.ELS.SAE:DSD_EARNINGS@GENDER_WAGE_GAP(1.1),Gender wage gap,I,FIN,Finland,GWP,Gender wage gap,PT_WG_SAL_M_D,Percentage of wages of men in the same decile,_Z,Not applicable,_Z,Not applicable,MEAN,Mean,_T,Total,2002,,23.68939461,,,,A,Normal value,0,Units,1,One
DATAFLOW,OECD.ELS.SAE:DSD_EARNINGS@GENDER_WAGE_GAP(1.1),Gender wage gap,I,FIN,Finland,GWP,Gender wage gap,PT_WG_SAL_M_D,Percentage of wages of men in the same decile,_Z,Not applicable,_Z,Not applicable,MEAN,Mean,_T,Total,2003,,23.26887265,,,,A,Normal value,0,Units,1,One
DATAFLOW,OECD.ELS.SAE:DSD_EARNINGS@GENDER_WAGE_GAP(1.1),Gender wage gap,I,FIN,Finland,GWP,Gender wage gap,PT_WG_SAL_M_D,Percentage of wages of men in the same decile,_Z,Not applicable,_Z,Not applicable,MEAN,Mean,_T,Total,2004,,22.32711367,,,,A,Normal value,0,Units,1,One
DATAFLOW,OECD.ELS.SAE:DSD_EARNINGS@GENDER_WAGE_GAP(1.1),Gender wage gap,I,FIN,Finland,GWP,Gender wage gap,PT_WG_SAL_M_D,Percentage of wages of men in the same decile,_Z,Not applicable,_Z,Not applicable,MEAN,Mean,_T,Total,2005,,22.05298895,,,,A,Normal value,0,Units,1,One
DATAFLOW,OECD.ELS.SAE:DSD_EARNINGS@GENDER_WAGE_GAP(1.1),Gender wage gap,I,FIN,Finland,GWP,Gender wage gap,PT_WG_SAL_M_D,Percentage of wages of men in the same decile,_Z,Not applicable,_Z,Not applicable,MEAN,Mean,_T,Total,2006,,22.44986922,,,,A,Normal value,0,Units,1,One
DATAFLOW,OECD.ELS.SAE:DSD_EARNINGS@GENDER_WAGE_GAP(1.1),Gender wage gap,I,FIN,Finland,GWP,Gender wage gap,PT_WG_SAL_M_D,Percentage of wages of men in the same decile,_Z,Not applicable,_Z,Not applicable,MEAN,Mean,_T,Total,2007,,23.21945427,,,,A,Normal value,0,Units,1,One
DATAFLOW,OECD.ELS.SAE:DSD_EARNINGS@GENDER_WAGE_GAP(1.1),Gender wage gap,I,FIN,Finland,GWP,Gender wage gap,PT_WG_SAL_M_D,Percentage of wages of men in the same decile,_Z,Not applicable,_Z,Not applicable,MEAN,Mean,_T,Total,2008,,24.58989578,,,,A,Normal value,0,Units,1,One
DATAFLOW,OECD.ELS.SAE:DSD_EARNINGS@GENDER_WAGE_GAP(1.1),Gender wage gap,I,FIN,Finland,GWP,Gender wage gap,PT_WG_SAL_M_D,Percentage of wages of men in the same decile,_Z,Not applicable,_Z,Not applicable,MEAN,Mean,_T,Total,2009,,23.14183955,,,,A,Normal value,0,Units,1,One
DATAFLOW,OECD.ELS.SAE:DSD_EARNINGS@GENDER_WAGE_GAP(1.1),Gender wage gap,I,FIN,Finland,GWP,Gender wage gap,PT_WG_SAL_M_D,Percentage of wages of men in the same decile,_Z,Not applicable,_Z,Not applicable,MEAN,Mean,_T,Total,2010,,20.60851285,,,,A,Normal value,0,Units,1,One
DATAFLOW,OECD.ELS.SAE:DSD_EARNINGS@GENDER_WAGE_GAP(1.1),Gender wage gap,I,FIN,Finland,GWP,Gender wage gap,PT_WG_SAL_M_D,Percentage of wages of men in the same decile,_Z,Not applicable,_Z,Not applicable,MEAN,Mean,_T,Total,2011,,22.14216374,,,,A,Normal value,0,Units,1,One
DATAFLOW,OECD.ELS.SAE:DSD_EARNINGS@GENDER_WAGE_GAP(1.1),Gender wage gap,I,FIN,Finland,GWP,Gender wage gap,PT_WG_SAL_M_D,Percentage of wages of men in the same decile,_Z,Not applicable,_Z,Not applicable,MEAN,Mean,_T,Total,2012,,21.08223102,,,,A,Normal value,0,Units,1,One
DATAFLOW,OECD.ELS.SAE:DSD_EARNINGS@GENDER_WAGE_GAP(1.1),Gender wage gap,I,FIN,Finland,GWP,Gender wage gap,PT_WG_SAL_M_D,Percentage of wages of men in the same decile,_Z,Not applicable,_Z,Not applicable,MEAN,Mean,_T,Total,2013,,21.83030478,,,,A,Normal value,0,Units,1,One
DATAFLOW,OECD.ELS.SAE:DSD_EARNINGS@GENDER_WAGE_GAP(1.1),Gender wage gap,I,FIN,Finland,GWP,Gender wage gap,PT_WG_SAL_M_D,Percentage of wages of men in the same decile,_Z,Not applicable,_Z,Not applicable,MEAN,Mean,_T,Total,2014,,21.62710078,,,,A,Normal value,0,Units,1,One
DATAFLOW,OECD.ELS.SAE:DSD_EARNINGS@GENDER_WAGE_GAP(1.1),Gender wage gap,I,FIN,Finland,GWP,Gender wage gap,PT_WG_SAL_M_D,Percentage of wages of men in the same decile,_Z,Not applicable,_Z,Not applicable,MEAN,Mean,_T,Total,2015,,20.56484892,,,,A,Normal value,0,Units,1,One
DATAFLOW,OECD.ELS.SAE:DSD_EARNINGS@GENDER_WAGE_GAP(1.1),Gender wage gap,I,FIN,Finland,GWP,Gender wage gap,PT_WG_SAL_M_D,Percentage of wages of men in the same decile,_Z,Not applicable,_Z,Not applicable,MEAN,Mean,_T,Total,2016,,19.13298896,,,,A,Normal value,0,Units,1,One
DATAFLOW,OECD.ELS.SAE:DSD_EARNINGS@GENDER_WAGE_GAP(1.1),Gender wage gap,I,FIN,Finland,GWP,Gender wage gap,PT_WG_SAL_M_D,Percentage of wages of men in the same decile,_Z,Not applicable,_Z,Not applicable,MEAN,Mean,_T,Total,2017,,19.42833015,,,,A,Normal value,0,Units,1,One
DATAFLOW,OECD.ELS.SAE:DSD_EARNINGS@GENDER_WAGE_GAP(1.1),Gender wage gap,I,FIN,Finland,GWP,Gender wage gap,PT_WG_SAL_M_D,Percentage of wages of men in the same decile,_Z,Not applicable,_Z,Not applicable,MEAN,Mean,_T,Total,2018,,21.48266935,,,,A,Normal value,0,Units,1,One
DATAFLOW,OECD.ELS.SAE:DSD_EARNINGS@GENDER_WAGE_GAP(1.1),Gender wage gap,I,FIN,Finland,GWP,Gender wage gap,PT_WG_SAL_M_D,Percentage of wages of men in the same decile,_Z,Not applicable,_Z,Not applicable,MEAN,Mean,_T,Total,2019,,20.46000687,,,,A,Normal value,0,Units,1,One
DATAFLOW,OECD.ELS.SAE:DSD_EARNINGS@GENDER_WAGE_GAP(1.1),Gender wage gap,I,FIN,Finland,GWP,Gender wage gap,PT_WG_SAL_M_D,Percentage of wages of men in the same decile,_Z,Not applicable,_Z,Not applicable,MEAN,Mean,_T,Total,2020,,18.41404903,,,,A,Normal value,0,Units,1,One
DATAFLOW,OECD.ELS.SAE:DSD_EARNINGS@GENDER_WAGE_GAP(1.1),Gender wage gap,I,FIN,Finland,GWP,Gender wage gap,PT_WG_SAL_M_D,Percentage of wages of men in the same decile,_Z,Not applicable,_Z,Not applicable,MEAN,Mean,_T,Total,2021,,18.8823117,,,,A,Normal value,0,Units,1,One
DATAFLOW,OECD.ELS.SAE:DSD_EARNINGS@GENDER_WAGE_GAP(1.1),Gender wage gap,I,FIN,Finland,GWP,Gender wage gap,PT_WG_SAL_M_D,Percentage of wages of men in the same decile,_Z,Not applicable,_Z,Not applicable,MEAN,Mean,_T,Total,2022,,18.74048835,,,,A,Normal value,0,Units,1,One
DATAFLOW,OECD.ELS.SAE:DSD_EARNINGS@GENDER_WAGE_GAP(1.1),Gender wage gap,I,FIN,Finland,GWP,Gender wage gap,PT_WG_SAL_M_D,Percentage of wages of men in the same decile,_Z,Not applicable,_Z,Not applicable,MEAN,Mean,_T,Total,2023,,18.78865167,,,,A,Normal value,0,Units,1,One
DATAFLOW,OECD.ELS.SAE:DSD_EARNINGS@GENDER_WAGE_GAP(1.1),Gender wage gap,I,FRA,France,GWP,Gender wage gap,PT_WG_SAL_M_D,Percentage of wages of men in the same decile,_Z,Not applicable,_Z,Not applicable,MEAN,Mean,_T,Total,2002,,17.16363879,,,,A,Normal value,0,Units,1,One
DATAFLOW,OECD.ELS.SAE:DSD_EARNINGS@GENDER_WAGE_GAP(1.1),Gender wage gap,I,FRA,France,GWP,Gender wage gap,PT_WG_SAL_M_D,Percentage of wages of men in the same decile,_Z,Not applicable,_Z,Not applicable,MEAN,Mean,_T,Total,2006,,17.07865188,,,,A,Normal value,0,Units,1,One
DATAFLOW,OECD.ELS.SAE:DSD_EARNINGS@GENDER_WAGE_GAP(1.1),Gender wage gap,I,FRA,France,GWP,Gender wage gap,PT_WG_SAL_M_D,Percentage of wages of men in the same decile,_Z,Not applicable,_Z,Not applicable,MEAN,Mean,_T,Total,2010,,16.29466364,,,,A,Normal value,0,Units,1,One
DATAFLOW,OECD.ELS.SAE:DSD_EARNINGS@GENDER_WAGE_GAP(1.1),Gender wage gap,I,FRA,France,GWP,Gender wage gap,PT_WG_SAL_M_D,Percentage of wages of men in the same decile,_Z,Not applicable,_Z,Not applicable,MEAN,Mean,_T,Total,2014,,16.32689328,,,,A,Normal value,0,Units,1,One
DATAFLOW,OECD.ELS.SAE:DSD_EARNINGS@GENDER_WAGE_GAP(1.1),Gender wage gap,I,FRA,France,GWP,Gender wage gap,PT_WG_SAL_M_D,Percentage of wages of men in the same decile,_Z,Not applicable,_Z,Not applicable,MEAN,Mean,_T,Total,2018,,17.38152012,,,,A,Normal value,0,Units,1,One
DATAFLOW,OECD.ELS.SAE:DSD_EARNINGS@GENDER_WAGE_GAP(1.1),Gender wage gap,I,FRA,France,GWP,Gender wage gap,PT_WG_SAL_M_D,Percentage of wages of men in the same decile,_Z,Not applicable,_Z,Not applicable,MEAN,Mean,_T,Total,2022,,13.02726273,,,,A,Normal value,0,Units,1,One
DATAFLOW,OECD.ELS.SAE:DSD_EARNINGS@GENDER_WAGE_GAP(1.1),Gender wage gap,I,FRA,France,GWP,Gender wage gap,PT_WG_SAL_M_D,Percentage of wages of men in the same decile,_Z,Not applicable,_Z,Not applicable,MEAN,Mean,_T,Total,2023,,10.21883723,,,,A,Normal value,0,Units,1,One
DATAFLOW,OECD.ELS.SAE:DSD_EARNINGS@GENDER_WAGE_GAP(1.1),Gender wage gap,I,DEU,Germany,GWP,Gender wage gap,PT_WG_SAL_M_D,Percentage of wages of men in the same decile,_Z,Not applicable,_Z,Not applicable,MEAN,Mean,_T,Total,1992,,28.10854355,,,,A,Normal value,0,Units,1,One
DATAFLOW,OECD.ELS.SAE:DSD_EARNINGS@GENDER_WAGE_GAP(1.1),Gender wage gap,I,DEU,Germany,GWP,Gender wage gap,PT_WG_SAL_M_D,Percentage of wages of men in the same decile,_Z,Not applicable,_Z,Not applicable,MEAN,Mean,_T,Total,1993,,26.36393266,,,,A,Normal value,0,Units,1,One
DATAFLOW,OECD.ELS.SAE:DSD_EARNINGS@GENDER_WAGE_GAP(1.1),Gender wage gap,I,DEU,Germany,GWP,Gender wage gap,PT_WG_SAL_M_D,Percentage of wages of men in the same decile,_Z,Not applicable,_Z,Not applicable,MEAN,Mean,_T,Total,1994,,24.79712815,,,,A,Normal value,0,Units,1,One
DATAFLOW,OECD.ELS.SAE:DSD_EARNINGS@GENDER_WAGE_GAP(1.1),Gender wage gap,I,DEU,Germany,GWP,Gender wage gap,PT_WG_SAL_M_D,Percentage of wages of men in the same decile,_Z,Not applicable,_Z,Not applicable,MEAN,Mean,_T,Total,1995,,24.14456264,,,,A,Normal value,0,Units,1,One
DATAFLOW,OECD.ELS.SAE:DSD_EARNINGS@GENDER_WAGE_GAP(1.1),Gender wage gap,I,DEU,Germany,GWP,Gender wage gap,PT_WG_SAL_M_D,Percentage of wages of men in the same decile,_Z,Not applicable,_Z,Not applicable,MEAN,Mean,_T,Total,1996,,24.74596381,,,,A,Normal value,0,Units,1,One
DATAFLOW,OECD.ELS.SAE:DSD_EARNINGS@GENDER_WAGE_GAP(1.1),Gender wage gap,I,DEU,Germany,GWP,Gender wage gap,PT_WG_SAL_M_D,Percentage of wages of men in the same decile,_Z,Not applicable,_Z,Not applicable,MEAN,Mean,_T,Total,1997,,24.11843001,,,,A,Normal value,0,Units,1,One
DATAFLOW,OECD.ELS.SAE:DSD_EARNINGS@GENDER_WAGE_GAP(1.1),Gender wage gap,I,DEU,Germany,GWP,Gender wage gap,PT_WG_SAL_M_D,Percentage of wages of men in the same decile,_Z,Not applicable,_Z,Not applicable,MEAN,Mean,_T,Total,1998,,24.15367115,,,,A,Normal value,0,Units,1,One
DATAFLOW,OECD.ELS.SAE:DSD_EARNINGS@GENDER_WAGE_GAP(1.1),Gender wage gap,I,DEU,Germany,GWP,Gender wage gap,PT_WG_SAL_M_D,Percentage of wages of men in the same decile,_Z,Not applicable,_Z,Not applicable,MEAN,Mean,_T,Total,1999,,22.92251381,,,,A,Normal value,0,Units,1,One
DATAFLOW,OECD.ELS.SAE:DSD_EARNINGS@GENDER_WAGE_GAP(1.1),Gender wage gap,I,DEU,Germany,GWP,Gender wage gap,PT_WG_SAL_M_D,Percentage of wages of men in the same decile,_Z,Not applicable,_Z,Not applicable,MEAN,Mean,_T,Total,2000,,24.22984466,,,,A,Normal value,0,Units,1,One
DATAFLOW,OECD.ELS.SAE:DSD_EARNINGS@GENDER_WAGE_GAP(1.1),Gender wage gap,I,DEU,Germany,GWP,Gender wage gap,PT_WG_SAL_M_D,Percentage of wages of men in the same decile,_Z,Not applicable,_Z,Not applicable,MEAN,Mean,_T,Total,2001,,23.29224464,,,,A,Normal value,0,Units,1,One
DATAFLOW,OECD.ELS.SAE:DSD_EARNINGS@GENDER_WAGE_GAP(1.1),Gender wage gap,I,DEU,Germany,GWP,Gender wage gap,PT_WG_SAL_M_D,Percentage of wages of men in the same decile,_Z,Not applicable,_Z,Not applicable,MEAN,Mean,_T,Total,2002,,22.54637674,,,,A,Normal value,0,Units,1,One
DATAFLOW,OECD.ELS.SAE:DSD_EARNINGS@GENDER_WAGE_GAP(1.1),Gender wage gap,I,DEU,Germany,GWP,Gender wage gap,PT_WG_SAL_M_D,Percentage of wages of men in the same decile,_Z,Not applicable,_Z,Not applicable,MEAN,Mean,_T,Total,2003,,24.10006933,,,,A,Normal value,0,Units,1,One
DATAFLOW,OECD.ELS.SAE:DSD_EARNINGS@GENDER_WAGE_GAP(1.1),Gender wage gap,I,DEU,Germany,GWP,Gender wage gap,PT_WG_SAL_M_D,Percentage of wages of men in the same decile,_Z,Not applicable,_Z,Not applicable,MEAN,Mean,_T,Total,2004,,23.9407044,,,,A,Normal value,0,Units,1,One
DATAFLOW,OECD.ELS.SAE:DSD_EARNINGS@GENDER_WAGE_GAP(1.1),Gender wage gap,I,DEU,Germany,GWP,Gender wage gap,PT_WG_SAL_M_D,Percentage of wages of men in the same decile,_Z,Not applicable,_Z,Not applicable,MEAN,Mean,_T,Total,2005,,21.4894744,,,,A,Normal value,0,Units,1,One
DATAFLOW,OECD.ELS.SAE:DSD_EARNINGS@GENDER_WAGE_GAP(1.1),Gender wage gap,I,DEU,Germany,GWP,Gender wage gap,PT_WG_SAL_M_D,Percentage of wages of men in the same decile,_Z,Not applicable,_Z,Not applicable,MEAN,Mean,_T,Total,2006,,20.9587304,,,,A,Normal value,0,Units,1,One
DATAFLOW,OECD.ELS.SAE:DSD_EARNINGS@GENDER_WAGE_GAP(1.1),Gender wage gap,I,DEU,Germany,GWP,Gender wage gap,PT_WG_SAL_M_D,Percentage of wages of men in the same decile,_Z,Not applicable,_Z,Not applicable,MEAN,Mean,_T,Total,2007,,20.75576901,,,,A,Normal value,0,Units,1,One
DATAFLOW,OECD.ELS.SAE:DSD_EARNINGS@GENDER_WAGE_GAP(1.1),Gender wage gap,I,DEU,Germany,GWP,Gender wage gap,PT_WG_SAL_M_D,Percentage of wages of men in the same decile,_Z,Not applicable,_Z,Not applicable,MEAN,Mean,_T,Total,2008,,21.39172928,,,,A,Normal value,0,Units,1,One
DATAFLOW,OECD.ELS.SAE:DSD_EARNINGS@GENDER_WAGE_GAP(1.1),Gender wage gap,I,DEU,Germany,GWP,Gender wage gap,PT_WG_SAL_M_D,Percentage of wages of men in the same decile,_Z,Not applicable,_Z,Not applicable,MEAN,Mean,_T,Total,2009,,19.27251993,,,,A,Normal value,0,Units,1,One
DATAFLOW,OECD.ELS.SAE:DSD_EARNINGS@GENDER_WAGE_GAP(1.1),Gender wage gap,I,DEU,Germany,GWP,Gender wage gap,PT_WG_SAL_M_D,Percentage of wages of men in the same decile,_Z,Not applicable,_Z,Not applicable,MEAN,Mean,_T,Total,2010,,17.16324637,,,,A,Normal value,0,Units,1,One
DATAFLOW,OECD.ELS.SAE:DSD_EARNINGS@GENDER_WAGE_GAP(1.1),Gender wage gap,I,DEU,Germany,GWP,Gender wage gap,PT_WG_SAL_M_D,Percentage of wages of men in the same decile,_Z,Not applicable,_Z,Not applicable,MEAN,Mean,_T,Total,2011,,22.05899117,,,,A,Normal value,0,Units,1,One
DATAFLOW,OECD.ELS.SAE:DSD_EARNINGS@GENDER_WAGE_GAP(1.1),Gender wage gap,I,DEU,Germany,GWP,Gender wage gap,PT_WG_SAL_M_D,Percentage of wages of men in the same decile,_Z,Not applicable,_Z,Not applicable,MEAN,Mean,_T,Total,2012,,19.05897491,,,,A,Normal value,0,Units,1,One
DATAFLOW,OECD.ELS.SAE:DSD_EARNINGS@GENDER_WAGE_GAP(1.1),Gender wage gap,I,DEU,Germany,GWP,Gender wage gap,PT_WG_SAL_M_D,Percentage of wages of men in the same decile,_Z,Not applicable,_Z,Not applicable,MEAN,Mean,_T,Total,2013,,18.90548746,,,,A,Normal value,0,Units,1,One
DATAFLOW,OECD.ELS.SAE:DSD_EARNINGS@GENDER_WAGE_GAP(1.1),Gender wage gap,I,DEU,Germany,GWP,Gender wage gap,PT_WG_SAL_M_D,Percentage of wages of men in the same decile,_Z,Not applicable,_Z,Not applicable,MEAN,Mean,_T,Total,2014,,19.40975,,,,A,Normal value,0,Units,1,One
DATAFLOW,OECD.ELS.SAE:DSD_EARNINGS@GENDER_WAGE_GAP(1.1),Gender wage gap,I,DEU,Germany,GWP,Gender wage gap,PT_WG_SAL_M_D,Percentage of wages of men in the same decile,_Z,Not applicable,_Z,Not applicable,MEAN,Mean,_T,Total,2015,,17.9959007,,,,A,Normal value,0,Units,1,One
DATAFLOW,OECD.ELS.SAE:DSD_EARNINGS@GENDER_WAGE_GAP(1.1),Gender wage gap,I,DEU,Germany,GWP,Gender wage gap,PT_WG_SAL_M_D,Percentage of wages of men in the same decile,_Z,Not applicable,_Z,Not applicable,MEAN,Mean,_T,Total,2016,,19.16267032,,,,A,Normal value,0,Units,1,One
DATAFLOW,OECD.ELS.SAE:DSD_EARNINGS@GENDER_WAGE_GAP(1.1),Gender wage gap,I,DEU,Germany,GWP,Gender wage gap,PT_WG_SAL_M_D,Percentage of wages of men in the same decile,_Z,Not applicable,_Z,Not applicable,MEAN,Mean,_T,Total,2017,,16.84782112,,,,A,Normal value,0,Units,1,One
DATAFLOW,OECD.ELS.SAE:DSD_EARNINGS@GENDER_WAGE_GAP(1.1),Gender wage gap,I,DEU,Germany,GWP,Gender wage gap,PT_WG_SAL_M_D,Percentage of wages of men in the same decile,_Z,Not applicable,_Z,Not applicable,MEAN,Mean,_T,Total,2018,,18.58741694,,,,A,Normal value,0,Units,1,One
DATAFLOW,OECD.ELS.SAE:DSD_EARNINGS@GENDER_WAGE_GAP(1.1),Gender wage gap,I,DEU,Germany,GWP,Gender wage gap,PT_WG_SAL_M_D,Percentage of wages of men in the same decile,_Z,Not applicable,_Z,Not applicable,MEAN,Mean,_T,Total,2019,,17.328814,,,,A,Normal value,0,Units,1,One
DATAFLOW,OECD.ELS.SAE:DSD_EARNINGS@GENDER_WAGE_GAP(1.1),Gender wage gap,I,DEU,Germany,GWP,Gender wage gap,PT_WG_SAL_M_D,Percentage of wages of men in the same decile,_Z,Not applicable,_Z,Not applicable,MEAN,Mean,_T,Total,2020,,16.79650079,,,,A,Normal value,0,Units,1,One
DATAFLOW,OECD.ELS.SAE:DSD_EARNINGS@GENDER_WAGE_GAP(1.1),Gender wage gap,I,DEU,Germany,GWP,Gender wage gap,PT_WG_SAL_M_D,Percentage of wages of men in the same decile,_Z,Not applicable,_Z,Not applicable,MEAN,Mean,_T,Total,2021,,18.74655433,,,,A,Normal value,0,Units,1,One
DATAFLOW,OECD.ELS.SAE:DSD_EARNINGS@GENDER_WAGE_GAP(1.1),Gender wage gap,I,DEU,Germany,GWP,Gender wage gap,PT_WG_SAL_M_D,Percentage of wages of men in the same decile,_Z,Not applicable,_Z,Not applicable,MEAN,Mean,_T,Total,2022,,18.51478393,,,,A,Normal value,0,Units,1,One
DATAFLOW,OECD.ELS.SAE:DSD_EARNINGS@GENDER_WAGE_GAP(1.1),Gender wage gap,I,DEU,Germany,GWP,Gender wage gap,PT_WG_SAL_M_D,Percentage of wages of men in the same decile,_Z,Not applicable,_Z,Not applicable,MEAN,Mean,_T,Total,2023,,17.33614406,,,,A,Normal value,0,Units,1,One
DATAFLOW,OECD.ELS.SAE:DSD_EARNINGS@GENDER_WAGE_GAP(1.1),Gender wage gap,I,GRC,Greece,GWP,Gender wage gap,PT_WG_SAL_M_D,Percentage of wages of men in the same decile,_Z,Not applicable,_Z,Not applicable,MEAN,Mean,_T,Total,2002,,27.53857646,,,,A,Normal value,0,Units,1,One
DATAFLOW,OECD.ELS.SAE:DSD_EARNINGS@GENDER_WAGE_GAP(1.1),Gender wage gap,I,GRC,Greece,GWP,Gender wage gap,PT_WG_SAL_M_D,Percentage of wages of men in the same decile,_Z,Not applicable,_Z,Not applicable,MEAN,Mean,_T,Total,2006,,22.62413959,,,,A,Normal value,0,Units,1,One
DATAFLOW,OECD.ELS.SAE:DSD_EARNINGS@GENDER_WAGE_GAP(1.1),Gender wage gap,I,GRC,Greece,GWP,Gender wage gap,PT_WG_SAL_M_D,Percentage of wages of men in the same decile,_Z,Not applicable,_Z,Not applicable,MEAN,Mean,_T,Total,2010,,17.08334338,,,,A,Normal value,0,Units,1,One
DATAFLOW,OECD.ELS.SAE:DSD_EARNINGS@GENDER_WAGE_GAP(1.1),Gender wage gap,I,GRC,Greece,GWP,Gender wage gap,PT_WG_SAL_M_D,Percentage of wages of men in the same decile,_Z,Not applicable,_Z,Not applicable,MEAN,Mean,_T,Total,2014,,13.84178589,,,,A,Normal value,0,Units,1,One
DATAFLOW,OECD.ELS.SAE:DSD_EARNINGS@GENDER_WAGE_GAP(1.1),Gender wage gap,I,GRC,Greece,GWP,Gender wage gap,PT_WG_SAL_M_D,Percentage of wages of men in the same decile,_Z,Not applicable,_Z,Not applicable,MEAN,Mean,_T,Total,2018,,14.80508214,,,,A,Normal value,0,Units,1,One
DATAFLOW,OECD.ELS.SAE:DSD_EARNINGS@GENDER_WAGE_GAP(1.1),Gender wage gap,I,GRC,Greece,GWP,Gender wage gap,PT_WG_SAL_M_D,Percentage of wages of men in the same decile,_Z,Not applicable,_Z,Not applicable,MEAN,Mean,_T,Total,2022,,14.74222892,,,,A,Normal value,0,Units,1,One
DATAFLOW,OECD.ELS.SAE:DSD_EARNINGS@GENDER_WAGE_GAP(1.1),Gender wage gap,I,GRC,Greece,GWP,Gender wage gap,PT_WG_SAL_M_D,Percentage of wages of men in the same decile,_Z,Not applicable,_Z,Not applicable,MEAN,Mean,_T,Total,2023,,15.01991997,,,,A,Normal value,0,Units,1,One
DATAFLOW,OECD.ELS.SAE:DSD_EARNINGS@GENDER_WAGE_GAP(1.1),Gender wage gap,I,HUN,Hungary,GWP,Gender wage gap,PT_WG_SAL_M_D,Percentage of wages of men in the same decile,_Z,Not applicable,_Z,Not applicable,MEAN,Mean,_T,Total,1989,,26.38775842,,,,A,Normal value,0,Units,1,One
DATAFLOW,OECD.ELS.SAE:DSD_EARNINGS@GENDER_WAGE_GAP(1.1),Gender wage gap,I,HUN,Hungary,GWP,Gender wage gap,PT_WG_SAL_M_D,Percentage of wages of men in the same decile,_Z,Not applicable,_Z,Not applicable,MEAN,Mean,_T,Total,1992,,18.47071716,,,,A,Normal value,0,Units,1,One
DATAFLOW,OECD.ELS.SAE:DSD_EARNINGS@GENDER_WAGE_GAP(1.1),Gender wage gap,I,HUN,Hungary,GWP,Gender wage gap,PT_WG_SAL_M_D,Percentage of wages of men in the same decile,_Z,Not applicable,_Z,Not applicable,MEAN,Mean,_T,Total,1993,,9.474946225,,,,A,Normal value,0,Units,1,One
DATAFLOW,OECD.ELS.SAE:DSD_EARNINGS@GENDER_WAGE_GAP(1.1),Gender wage gap,I,HUN,Hungary,GWP,Gender wage gap,PT_WG_SAL_M_D,Percentage of wages of men in the same decile,_Z,Not applicable,_Z,Not applicable,MEAN,Mean,_T,Total,1994,,19.00836959,,,,A,Normal value,0,Units,1,One
DATAFLOW,OECD.ELS.SAE:DSD_EARNINGS@GENDER_WAGE_GAP(1.1),Gender wage gap,I,HUN,Hungary,GWP,Gender wage gap,PT_WG_SAL_M_D,Percentage of wages of men in the same decile,_Z,Not applicable,_Z,Not applicable,MEAN,Mean,_T,Total,1995,,19.26054278,,,,A,Normal value,0,Units,1,One
DATAFLOW,OECD.ELS.SAE:DSD_EARNINGS@GENDER_WAGE_GAP(1.1),Gender wage gap,I,HUN,Hungary,GWP,Gender wage gap,PT_WG_SAL_M_D,Percentage of wages of men in the same decile,_Z,Not applicable,_Z,Not applicable,MEAN,Mean,_T,Total,1996,,21.12239725,,,,A,Normal value,0,Units,1,One
DATAFLOW,OECD.ELS.SAE:DSD_EARNINGS@GENDER_WAGE_GAP(1.1),Gender wage gap,I,HUN,Hungary,GWP,Gender wage gap,PT_WG_SAL_M_D,Percentage of wages of men in the same decile,_Z,Not applicable,_Z,Not applicable,MEAN,Mean,_T,Total,1998,,20.28389167,,,,A,Normal value,0,Units,1,One
DATAFLOW,OECD.ELS.SAE:DSD_EARNINGS@GENDER_WAGE_GAP(1.1),Gender wage gap,I,HUN,Hungary,GWP,Gender wage gap,PT_WG_SAL_M_D,Percentage of wages of men in the same decile,_Z,Not applicable,_Z,Not applicable,MEAN,Mean,_T,Total,1999,,21.04683074,,,,A,Normal value,0,Units,1,One
DATAFLOW,OECD.ELS.SAE:DSD_EARNINGS@GENDER_WAGE_GAP(1.1),Gender wage gap,I,HUN,Hungary,GWP,Gender wage gap,PT_WG_SAL_M_D,Percentage of wages of men in the same decile,_Z,Not applicable,_Z,Not applicable,MEAN,Mean,_T,Total,2000,,21.01301752,,,,A,Normal value,0,Units,1,One
DATAFLOW,OECD.ELS.SAE:DSD_EARNINGS@GENDER_WAGE_GAP(1.1),Gender wage gap,I,HUN,Hungary,GWP,Gender wage gap,PT_WG_SAL_M_D,Percentage of wages of men in the same decile,_Z,Not applicable,_Z,Not applicable,MEAN,Mean,_T,Total,2001,,20.71374088,,,,A,Normal value,0,Units,1,One
DATAFLOW,OECD.ELS.SAE:DSD_EARNINGS@GENDER_WAGE_GAP(1.1),Gender wage gap,I,HUN,Hungary,GWP,Gender wage gap,PT_WG_SAL_M_D,Percentage of wages of men in the same decile,_Z,Not applicable,_Z,Not applicable,MEAN,Mean,_T,Total,2002,,16.63164992,,,,A,Normal value,0,Units,1,One
DATAFLOW,OECD.ELS.SAE:DSD_EARNINGS@GENDER_WAGE_GAP(1.1),Gender wage gap,I,HUN,Hungary,GWP,Gender wage gap,PT_WG_SAL_M_D,Percentage of wages of men in the same decile,_Z,Not applicable,_Z,Not applicable,MEAN,Mean,_T,Total,2003,,12.16853092,,,,A,Normal value,0,Units,1,One
DATAFLOW,OECD.ELS.SAE:DSD_EARNINGS@GENDER_WAGE_GAP(1.1),Gender wage gap,I,HUN,Hungary,GWP,Gender wage gap,PT_WG_SAL_M_D,Percentage of wages of men in the same decile,_Z,Not applicable,_Z,Not applicable,MEAN,Mean,_T,Total,2004,,12.03005621,,,,A,Normal value,0,Units,1,One
DATAFLOW,OECD.ELS.SAE:DSD_EARNINGS@GENDER_WAGE_GAP(1.1),Gender wage gap,I,HUN,Hungary,GWP,Gender wage gap,PT_WG_SAL_M_D,Percentage of wages of men in the same decile,_Z,Not applicable,_Z,Not applicable,MEAN,Mean,_T,Total,2005,,13.90878078,,,,A,Normal value,0,Units,1,One
DATAFLOW,OECD.ELS.SAE:DSD_EARNINGS@GENDER_WAGE_GAP(1.1),Gender wage gap,I,HUN,Hungary,GWP,Gender wage gap,PT_WG_SAL_M_D,Percentage of wages of men in the same decile,_Z,Not applicable,_Z,Not applicable,MEAN,Mean,_T,Total,2006,,12.3076018,,,,A,Normal value,0,Units,1,One
DATAFLOW,OECD.ELS.SAE:DSD_EARNINGS@GENDER_WAGE_GAP(1.1),Gender wage gap,I,HUN,Hungary,GWP,Gender wage gap,PT_WG_SAL_M_D,Percentage of wages of men in the same decile,_Z,Not applicable,_Z,Not applicable,MEAN,Mean,_T,Total,2007,,14.43914139,,,,A,Normal value,0,Units,1,One
DATAFLOW,OECD.ELS.SAE:DSD_EARNINGS@GENDER_WAGE_GAP(1.1),Gender wage gap,I,HUN,Hungary,GWP,Gender wage gap,PT_WG_SAL_M_D,Percentage of wages of men in the same decile,_Z,Not applicable,_Z,Not applicable,MEAN,Mean,_T,Total,2008,,14.1561576,,,,A,Normal value,0,Units,1,One
DATAFLOW,OECD.ELS.SAE:DSD_EARNINGS@GENDER_WAGE_GAP(1.1),Gender wage gap,I,HUN,Hungary,GWP,Gender wage gap,PT_WG_SAL_M_D,Percentage of wages of men in the same decile,_Z,Not applicable,_Z,Not applicable,MEAN,Mean,_T,Total,2009,,15.09070541,,,,A,Normal value,0,Units,1,One
DATAFLOW,OECD.ELS.SAE:DSD_EARNINGS@GENDER_WAGE_GAP(1.1),Gender wage gap,I,HUN,Hungary,GWP,Gender wage gap,PT_WG_SAL_M_D,Percentage of wages of men in the same decile,_Z,Not applicable,_Z,Not applicable,MEAN,Mean,_T,Total,2010,,16.51276848,,,,A,Normal value,0,Units,1,One
DATAFLOW,OECD.ELS.SAE:DSD_EARNINGS@GENDER_WAGE_GAP(1.1),Gender wage gap,I,HUN,Hungary,GWP,Gender wage gap,PT_WG_SAL_M_D,Percentage of wages of men in the same decile,_Z,Not applicable,_Z,Not applicable,MEAN,Mean,_T,Total,2011,,16.31912167,,,,A,Normal value,0,Units,1,One
DATAFLOW,OECD.ELS.SAE:DSD_EARNINGS@GENDER_WAGE_GAP(1.1),Gender wage gap,I,HUN,Hungary,GWP,Gender wage gap,PT_WG_SAL_M_D,Percentage of wages of men in the same decile,_Z,Not applicable,_Z,Not applicable,MEAN,Mean,_T,Total,2012,,20.01431435,,,,A,Normal value,0,Units,1,One
DATAFLOW,OECD.ELS.SAE:DSD_EARNINGS@GENDER_WAGE_GAP(1.1),Gender wage gap,I,HUN,Hungary,GWP,Gender wage gap,PT_WG_SAL_M_D,Percentage of wages of men in the same decile,_Z,Not applicable,_Z,Not applicable,MEAN,Mean,_T,Total,2013,,18.41246031,,,,A,Normal value,0,Units,1,One
DATAFLOW,OECD.ELS.SAE:DSD_EARNINGS@GENDER_WAGE_GAP(1.1),Gender wage gap,I,HUN,Hungary,GWP,Gender wage gap,PT_WG_SAL_M_D,Percentage of wages of men in the same decile,_Z,Not applicable,_Z,Not applicable,MEAN,Mean,_T,Total,2014,,15.09044194,,,,A,Normal value,0,Units,1,One
DATAFLOW,OECD.ELS.SAE:DSD_EARNINGS@GENDER_WAGE_GAP(1.1),Gender wage gap,I,HUN,Hungary,GWP,Gender wage gap,PT_WG_SAL_M_D,Percentage of wages of men in the same decile,_Z,Not applicable,_Z,Not applicable,MEAN,Mean,_T,Total,2015,,17.35471095,,,,A,Normal value,0,Units,1,One
DATAFLOW,OECD.ELS.SAE:DSD_EARNINGS@GENDER_WAGE_GAP(1.1),Gender wage gap,I,HUN,Hungary,GWP,Gender wage gap,PT_WG_SAL_M_D,Percentage of wages of men in the same decile,_Z,Not applicable,_Z,Not applicable,MEAN,Mean,_T,Total,2016,,17.19342849,,,,A,Normal value,0,Units,1,One
DATAFLOW,OECD.ELS.SAE:DSD_EARNINGS@GENDER_WAGE_GAP(1.1),Gender wage gap,I,HUN,Hungary,GWP,Gender wage gap,PT_WG_SAL_M_D,Percentage of wages of men in the same decile,_Z,Not applicable,_Z,Not applicable,MEAN,Mean,_T,Total,2017,,15.34988187,,,,A,Normal value,0,Units,1,One
DATAFLOW,OECD.ELS.SAE:DSD_EARNINGS@GENDER_WAGE_GAP(1.1),Gender wage gap,I,HUN,Hungary,GWP,Gender wage gap,PT_WG_SAL_M_D,Percentage of wages of men in the same decile,_Z,Not applicable,_Z,Not applicable,MEAN,Mean,_T,Total,2018,,13.73229971,,,,A,Normal value,0,Units,1,One
DATAFLOW,OECD.ELS.SAE:DSD_EARNINGS@GENDER_WAGE_GAP(1.1),Gender wage gap,I,HUN,Hungary,GWP,Gender wage gap,PT_WG_SAL_M_D,Percentage of wages of men in the same decile,_Z,Not applicable,_Z,Not applicable,MEAN,Mean,_T,Total,2019,,18.57943254,,,,A,Normal value,0,Units,1,One
DATAFLOW,OECD.ELS.SAE:DSD_EARNINGS@GENDER_WAGE_GAP(1.1),Gender wage gap,I,HUN,Hungary,GWP,Gender wage gap,PT_WG_SAL_M_D,Percentage of wages of men in the same decile,_Z,Not applicable,_Z,Not applicable,MEAN,Mean,_T,Total,2020,,17.61490601,,,,A,Normal value,0,Units,1,One
DATAFLOW,OECD.ELS.SAE:DSD_EARNINGS@GENDER_WAGE_GAP(1.1),Gender wage gap,I,HUN,Hungary,GWP,Gender wage gap,PT_WG_SAL_M_D,Percentage of wages of men in the same decile,_Z,Not applicable,_Z,Not applicable,MEAN,Mean,_T,Total,2021,,17.92277183,,,,A,Normal value,0,Units,1,One
DATAFLOW,OECD.ELS.SAE:DSD_EARNINGS@GENDER_WAGE_GAP(1.1),Gender wage gap,I,HUN,Hungary,GWP,Gender wage gap,PT_WG_SAL_M_D,Percentage of wages of men in the same decile,_Z,Not applicable,_Z,Not applicable,MEAN,Mean,_T,Total,2022,,18.95054372,,,,A,Normal value,0,Units,1,One
DATAFLOW,OECD.ELS.SAE:DSD_EARNINGS@GENDER_WAGE_GAP(1.1),Gender wage gap,I,HUN,Hungary,GWP,Gender wage gap,PT_WG_SAL_M_D,Percentage of wages of men in the same decile,_Z,Not applicable,_Z,Not applicable,MEAN,Mean,_T,Total,2023,,19.03270009,,,,A,Normal value,0,Units,1,One
DATAFLOW,OECD.ELS.SAE:DSD_EARNINGS@GENDER_WAGE_GAP(1.1),Gender wage gap,I,ISL,Iceland,GWP,Gender wage gap,PT_WG_SAL_M_D,Percentage of wages of men in the same decile,_Z,Not applicable,_Z,Not applicable,MEAN,Mean,_T,Total,2002,,27.0308213,,,,A,Normal value,0,Units,1,One
DATAFLOW,OECD.ELS.SAE:DSD_EARNINGS@GENDER_WAGE_GAP(1.1),Gender wage gap,I,ISL,Iceland,GWP,Gender wage gap,PT_WG_SAL_M_D,Percentage of wages of men in the same decile,_Z,Not applicable,_Z,Not applicable,MEAN,Mean,_T,Total,2006,,23.92902039,,,,A,Normal value,0,Units,1,One
DATAFLOW,OECD.ELS.SAE:DSD_EARNINGS@GENDER_WAGE_GAP(1.1),Gender wage gap,I,ISL,Iceland,GWP,Gender wage gap,PT_WG_SAL_M_D,Percentage of wages of men in the same decile,_Z,Not applicable,_Z,Not applicable,MEAN,Mean,_T,Total,2010,,19.20892767,,,,A,Normal value,0,Units,1,One
DATAFLOW,OECD.ELS.SAE:DSD_EARNINGS@GENDER_WAGE_GAP(1.1),Gender wage gap,I,ISL,Iceland,GWP,Gender wage gap,PT_WG_SAL_M_D,Percentage of wages of men in the same decile,_Z,Not applicable,_Z,Not applicable,MEAN,Mean,_T,Total,2014,,18.58401252,,,,A,Normal value,0,Units,1,One
DATAFLOW,OECD.ELS.SAE:DSD_EARNINGS@GENDER_WAGE_GAP(1.1),Gender wage gap,I,ISL,Iceland,GWP,Gender wage gap,PT_WG_SAL_M_D,Percentage of wages of men in the same decile,_Z,Not applicable,_Z,Not applicable,MEAN,Mean,_T,Total,2018,,15.99547176,,,,A,Normal value,0,Units,1,One
DATAFLOW,OECD.ELS.SAE:DSD_EARNINGS@GENDER_WAGE_GAP(1.1),Gender wage gap,I,IRL,Ireland,GWP,Gender wage gap,PT_WG_SAL_M_D,Percentage of wages of men in the same decile,_Z,Not applicable,_Z,Not applicable,MEAN,Mean,_T,Total,2002,,19.1250251,,,,A,Normal value,0,Units,1,One
DATAFLOW,OECD.ELS.SAE:DSD_EARNINGS@GENDER_WAGE_GAP(1.1),Gender wage gap,I,IRL,Ireland,GWP,Gender wage gap,PT_WG_SAL_M_D,Percentage of wages of men in the same decile,_Z,Not applicable,_Z,Not applicable,MEAN,Mean,_T,Total,2006,,22.0467702,,,,A,Normal value,0,Units,1,One
DATAFLOW,OECD.ELS.SAE:DSD_EARNINGS@GENDER_WAGE_GAP(1.1),Gender wage gap,I,IRL,Ireland,GWP,Gender wage gap,PT_WG_SAL_M_D,Percentage of wages of men in the same decile,_Z,Not applicable,_Z,Not applicable,MEAN,Mean,_T,Total,2010,,18.29269585,,,,A,Normal value,0,Units,1,One
DATAFLOW,OECD.ELS.SAE:DSD_EARNINGS@GENDER_WAGE_GAP(1.1),Gender wage gap,I,IRL,Ireland,GWP,Gender wage gap,PT_WG_SAL_M_D,Percentage of wages of men in the same decile,_Z,Not applicable,_Z,Not applicable,MEAN,Mean,_T,Total,2014,,15.92283381,,,,A,Normal value,0,Units,1,One
DATAFLOW,OECD.ELS.SAE:DSD_EARNINGS@GENDER_WAGE_GAP(1.1),Gender wage gap,I,IRL,Ireland,GWP,Gender wage gap,PT_WG_SAL_M_D,Percentage of wages of men in the same decile,_Z,Not applicable,_Z,Not applicable,MEAN,Mean,_T,Total,2018,,15.41674986,,,,A,Normal value,0,Units,1,One
DATAFLOW,OECD.ELS.SAE:DSD_EARNINGS@GENDER_WAGE_GAP(1.1),Gender wage gap,I,IRL,Ireland,GWP,Gender wage gap,PT_WG_SAL_M_D,Percentage of wages of men in the same decile,_Z,Not applicable,_Z,Not applicable,MEAN,Mean,_T,Total,2022,,15.90389568,,,,A,Normal value,0,Units,1,One
DATAFLOW,OECD.ELS.SAE:DSD_EARNINGS@GENDER_WAGE_GAP(1.1),Gender wage gap,I,IRL,Ireland,GWP,Gender wage gap,PT_WG_SAL_M_D,Percentage of wages of men in the same decile,_Z,Not applicable,_Z,Not applicable,MEAN,Mean,_T,Total,2023,,16.80041843,,,,A,Normal value,0,Units,1,One
DATAFLOW,OECD.ELS.SAE:DSD_EARNINGS@GENDER_WAGE_GAP(1.1),Gender wage gap,I,ISR,Israel,GWP,Gender wage gap,PT_WG_SAL_M_D,Percentage of wages of men in the same decile,_Z,Not applicable,_Z,Not applicable,MEAN,Mean,_T,Total,2001,,31.5952158,,,,A,Normal value,0,Units,1,One
DATAFLOW,OECD.ELS.SAE:DSD_EARNINGS@GENDER_WAGE_GAP(1.1),Gender wage gap,I,ISR,Israel,GWP,Gender wage gap,PT_WG_SAL_M_D,Percentage of wages of men in the same decile,_Z,Not applicable,_Z,Not applicable,MEAN,Mean,_T,Total,2002,,29.72402098,,,,A,Normal value,0,Units,1,One
DATAFLOW,OECD.ELS.SAE:DSD_EARNINGS@GENDER_WAGE_GAP(1.1),Gender wage gap,I,ISR,Israel,GWP,Gender wage gap,PT_WG_SAL_M_D,Percentage of wages of men in the same decile,_Z,Not applicable,_Z,Not applicable,MEAN,Mean,_T,Total,2003,,28.46957064,,,,A,Normal value,0,Units,1,One
DATAFLOW,OECD.ELS.SAE:DSD_EARNINGS@GENDER_WAGE_GAP(1.1),Gender wage gap,I,ISR,Israel,GWP,Gender wage gap,PT_WG_SAL_M_D,Percentage of wages of men in the same decile,_Z,Not applicable,_Z,Not applicable,MEAN,Mean,_T,Total,2004,,27.25224218,,,,A,Normal value,0,Units,1,One
DATAFLOW,OECD.ELS.SAE:DSD_EARNINGS@GENDER_WAGE_GAP(1.1),Gender wage gap,I,ISR,Israel,GWP,Gender wage gap,PT_WG_SAL_M_D,Percentage of wages of men in the same decile,_Z,Not applicable,_Z,Not applicable,MEAN,Mean,_T,Total,2005,,26.25195763,,,,A,Normal value,0,Units,1,One
DATAFLOW,OECD.ELS.SAE:DSD_EARNINGS@GENDER_WAGE_GAP(1.1),Gender wage gap,I,ISR,Israel,GWP,Gender wage gap,PT_WG_SAL_M_D,Percentage of wages of men in the same decile,_Z,Not applicable,_Z,Not applicable,MEAN,Mean,_T,Total,2006,,25.12456295,,,,A,Normal value,0,Units,1,One
DATAFLOW,OECD.ELS.SAE:DSD_EARNINGS@GENDER_WAGE_GAP(1.1),Gender wage gap,I,ISR,Israel,GWP,Gender wage gap,PT_WG_SAL_M_D,Percentage of wages of men in the same decile,_Z,Not applicable,_Z,Not applicable,MEAN,Mean,_T,Total,2007,,25.49303835,,,,A,Normal value,0,Units,1,One
DATAFLOW,OECD.ELS.SAE:DSD_EARNINGS@GENDER_WAGE_GAP(1.1),Gender wage gap,I,ISR,Israel,GWP,Gender wage gap,PT_WG_SAL_M_D,Percentage of wages of men in the same decile,_Z,Not applicable,_Z,Not applicable,MEAN,Mean,_T,Total,2008,,28.26305419,,,,A,Normal value,0,Units,1,One
DATAFLOW,OECD.ELS.SAE:DSD_EARNINGS@GENDER_WAGE_GAP(1.1),Gender wage gap,I,ISR,Israel,GWP,Gender wage gap,PT_WG_SAL_M_D,Percentage of wages of men in the same decile,_Z,Not applicable,_Z,Not applicable,MEAN,Mean,_T,Total,2009,,24.69878958,,,,A,Normal value,0,Units,1,One
DATAFLOW,OECD.ELS.SAE:DSD_EARNINGS@GENDER_WAGE_GAP(1.1),Gender wage gap,I,ISR,Israel,GWP,Gender wage gap,PT_WG_SAL_M_D,Percentage of wages of men in the same decile,_Z,Not applicable,_Z,Not applicable,MEAN,Mean,_T,Total,2010,,25.48797382,,,,A,Normal value,0,Units,1,One
DATAFLOW,OECD.ELS.SAE:DSD_EARNINGS@GENDER_WAGE_GAP(1.1),Gender wage gap,I,ISR,Israel,GWP,Gender wage gap,PT_WG_SAL_M_D,Percentage of wages of men in the same decile,_Z,Not applicable,_Z,Not applicable,MEAN,Mean,_T,Total,2011,,24.89500479,,,,A,Normal value,0,Units,1,One
DATAFLOW,OECD.ELS.SAE:DSD_EARNINGS@GENDER_WAGE_GAP(1.1),Gender wage gap,I,ISR,Israel,GWP,Gender wage gap,PT_WG_SAL_M_D,Percentage of wages of men in the same decile,_Z,Not applicable,_Z,Not applicable,MEAN,Mean,_T,Total,2012,,24.32988529,,,,A,Normal value,0,Units,1,One
DATAFLOW,OECD.ELS.SAE:DSD_EARNINGS@GENDER_WAGE_GAP(1.1),Gender wage gap,I,ISR,Israel,GWP,Gender wage gap,PT_WG_SAL_M_D,Percentage of wages of men in the same decile,_Z,Not applicable,_Z,Not applicable,MEAN,Mean,_T,Total,2013,,25.71408681,,,,A,Normal value,0,Units,1,One
DATAFLOW,OECD.ELS.SAE:DSD_EARNINGS@GENDER_WAGE_GAP(1.1),Gender wage gap,I,ISR,Israel,GWP,Gender wage gap,PT_WG_SAL_M_D,Percentage of wages of men in the same decile,_Z,Not applicable,_Z,Not applicable,MEAN,Mean,_T,Total,2014,,25.88653955,,,,A,Normal value,0,Units,1,One
DATAFLOW,OECD.ELS.SAE:DSD_EARNINGS@GENDER_WAGE_GAP(1.1),Gender wage gap,I,ISR,Israel,GWP,Gender wage gap,PT_WG_SAL_M_D,Percentage of wages of men in the same decile,_Z,Not applicable,_Z,Not applicable,MEAN,Mean,_T,Total,2015,,24.22555619,,,,A,Normal value,0,Units,1,One
DATAFLOW,OECD.ELS.SAE:DSD_EARNINGS@GENDER_WAGE_GAP(1.1),Gender wage gap,I,ISR,Israel,GWP,Gender wage gap,PT_WG_SAL_M_D,Percentage of wages of men in the same decile,_Z,Not applicable,_Z,Not applicable,MEAN,Mean,_T,Total,2016,,26.96285447,,,,A,Normal value,0,Units,1,One
DATAFLOW,OECD.ELS.SAE:DSD_EARNINGS@GENDER_WAGE_GAP(1.1),Gender wage gap,I,ISR,Israel,GWP,Gender wage gap,PT_WG_SAL_M_D,Percentage of wages of men in the same decile,_Z,Not applicable,_Z,Not applicable,MEAN,Mean,_T,Total,2017,,25.91035096,,,,A,Normal value,0,Units,1,One
DATAFLOW,OECD.ELS.SAE:DSD_EARNINGS@GENDER_WAGE_GAP(1.1),Gender wage gap,I,ISR,Israel,GWP,Gender wage gap,PT_WG_SAL_M_D,Percentage of wages of men in the same decile,_Z,Not applicable,_Z,Not applicable,MEAN,Mean,_T,Total,2018,,24.23386145,,,,A,Normal value,0,Units,1,One
DATAFLOW,OECD.ELS.SAE:DSD_EARNINGS@GENDER_WAGE_GAP(1.1),Gender wage gap,I,ISR,Israel,GWP,Gender wage gap,PT_WG_SAL_M_D,Percentage of wages of men in the same decile,_Z,Not applicable,_Z,Not applicable,MEAN,Mean,_T,Total,2019,,23.7663108,,,,A,Normal value,0,Units,1,One
DATAFLOW,OECD.ELS.SAE:DSD_EARNINGS@GENDER_WAGE_GAP(1.1),Gender wage gap,I,ISR,Israel,GWP,Gender wage gap,PT_WG_SAL_M_D,Percentage of wages of men in the same decile,_Z,Not applicable,_Z,Not applicable,MEAN,Mean,_T,Total,2020,,23.31949138,,,,A,Normal value,0,Units,1,One
DATAFLOW,OECD.ELS.SAE:DSD_EARNINGS@GENDER_WAGE_GAP(1.1),Gender wage gap,I,ISR,Israel,GWP,Gender wage gap,PT_WG_SAL_M_D,Percentage of wages of men in the same decile,_Z,Not applicable,_Z,Not applicable,MEAN,Mean,_T,Total,2021,,25.57830236,,,,A,Normal value,0,Units,1,One
DATAFLOW,OECD.ELS.SAE:DSD_EARNINGS@GENDER_WAGE_GAP(1.1),Gender wage gap,I,ISR,Israel,GWP,Gender wage gap,PT_WG_SAL_M_D,Percentage of wages of men in the same decile,_Z,Not applicable,_Z,Not applicable,MEAN,Mean,_T,Total,2022,,25.83703571,,,,A,Normal value,0,Units,1,One
DATAFLOW,OECD.ELS.SAE:DSD_EARNINGS@GENDER_WAGE_GAP(1.1),Gender wage gap,I,ITA,Italy,GWP,Gender wage gap,PT_WG_SAL_M_D,Percentage of wages of men in the same decile,_Z,Not applicable,_Z,Not applicable,MEAN,Mean,_T,Total,2002,,18.22199476,,,,A,Normal value,0,Units,1,One
DATAFLOW,OECD.ELS.SAE:DSD_EARNINGS@GENDER_WAGE_GAP(1.1),Gender wage gap,I,ITA,Italy,GWP,Gender wage gap,PT_WG_SAL_M_D,Percentage of wages of men in the same decile,_Z,Not applicable,_Z,Not applicable,MEAN,Mean,_T,Total,2006,,16.23536499,,,,A,Normal value,0,Units,1,One
DATAFLOW,OECD.ELS.SAE:DSD_EARNINGS@GENDER_WAGE_GAP(1.1),Gender wage gap,I,ITA,Italy,GWP,Gender wage gap,PT_WG_SAL_M_D,Percentage of wages of men in the same decile,_Z,Not applicable,_Z,Not applicable,MEAN,Mean,_T,Total,2010,,11.47453352,,,,A,Normal value,0,Units,1,One
DATAFLOW,OECD.ELS.SAE:DSD_EARNINGS@GENDER_WAGE_GAP(1.1),Gender wage gap,I,ITA,Italy,GWP,Gender wage gap,PT_WG_SAL_M_D,Percentage of wages of men in the same decile,_Z,Not applicable,_Z,Not applicable,MEAN,Mean,_T,Total,2014,,15.31130095,,,,A,Normal value,0,Units,1,One
DATAFLOW,OECD.ELS.SAE:DSD_EARNINGS@GENDER_WAGE_GAP(1.1),Gender wage gap,I,ITA,Italy,GWP,Gender wage gap,PT_WG_SAL_M_D,Percentage of wages of men in the same decile,_Z,Not applicable,_Z,Not applicable,MEAN,Mean,_T,Total,2018,,13.83130118,,,,A,Normal value,0,Units,1,One
DATAFLOW,OECD.ELS.SAE:DSD_EARNINGS@GENDER_WAGE_GAP(1.1),Gender wage gap,I,ITA,Italy,GWP,Gender wage gap,PT_WG_SAL_M_D,Percentage of wages of men in the same decile,_Z,Not applicable,_Z,Not applicable,MEAN,Mean,_T,Total,2022,,11.97711016,,,,A,Normal value,0,Units,1,One
DATAFLOW,OECD.ELS.SAE:DSD_EARNINGS@GENDER_WAGE_GAP(1.1),Gender wage gap,I,ITA,Italy,GWP,Gender wage gap,PT_WG_SAL_M_D,Percentage of wages of men in the same decile,_Z,Not applicable,_Z,Not applicable,MEAN,Mean,_T,Total,2023,,7.126864177,,,,A,Normal value,0,Units,1,One
DATAFLOW,OECD.ELS.SAE:DSD_EARNINGS@GENDER_WAGE_GAP(1.1),Gender wage gap,I,JPN,Japan,GWP,Gender wage gap,PT_WG_SAL_M_D,Percentage of wages of men in the same decile,_Z,Not applicable,_Z,Not applicable,MEAN,Mean,_T,Total,1975,,41.07856192,,,,A,Normal value,0,Units,1,One
DATAFLOW,OECD.ELS.SAE:DSD_EARNINGS@GENDER_WAGE_GAP(1.1),Gender wage gap,I,JPN,Japan,GWP,Gender wage gap,PT_WG_SAL_M_D,Percentage of wages of men in the same decile,_Z,Not applicable,_Z,Not applicable,MEAN,Mean,_T,Total,1976,,41.18811881,,,,A,Normal value,0,Units,1,One
DATAFLOW,OECD.ELS.SAE:DSD_EARNINGS@GENDER_WAGE_GAP(1.1),Gender wage gap,I,JPN,Japan,GWP,Gender wage gap,PT_WG_SAL_M_D,Percentage of wages of men in the same decile,_Z,Not applicable,_Z,Not applicable,MEAN,Mean,_T,Total,1977,,41.02409639,,,,A,Normal value,0,Units,1,One
DATAFLOW,OECD.ELS.SAE:DSD_EARNINGS@GENDER_WAGE_GAP(1.1),Gender wage gap,I,JPN,Japan,GWP,Gender wage gap,PT_WG_SAL_M_D,Percentage of wages of men in the same decile,_Z,Not applicable,_Z,Not applicable,MEAN,Mean,_T,Total,1978,,41.02999434,,,,A,Normal value,0,Units,1,One
DATAFLOW,OECD.ELS.SAE:DSD_EARNINGS@GENDER_WAGE_GAP(1.1),Gender wage gap,I,JPN,Japan,GWP,Gender wage gap,PT_WG_SAL_M_D,Percentage of wages of men in the same decile,_Z,Not applicable,_Z,Not applicable,MEAN,Mean,_T,Total,1979,,41.00912507,,,,A,Normal value,0,Units,1,One
DATAFLOW,OECD.ELS.SAE:DSD_EARNINGS@GENDER_WAGE_GAP(1.1),Gender wage gap,I,JPN,Japan,GWP,Gender wage gap,PT_WG_SAL_M_D,Percentage of wages of men in the same decile,_Z,Not applicable,_Z,Not applicable,MEAN,Mean,_T,Total,1980,,41.13796576,,,,A,Normal value,0,Units,1,One
DATAFLOW,OECD.ELS.SAE:DSD_EARNINGS@GENDER_WAGE_GAP(1.1),Gender wage gap,I,JPN,Japan,GWP,Gender wage gap,PT_WG_SAL_M_D,Percentage of wages of men in the same decile,_Z,Not applicable,_Z,Not applicable,MEAN,Mean,_T,Total,1981,,41.05960265,,,,A,Normal value,0,Units,1,One
DATAFLOW,OECD.ELS.SAE:DSD_EARNINGS@GENDER_WAGE_GAP(1.1),Gender wage gap,I,JPN,Japan,GWP,Gender wage gap,PT_WG_SAL_M_D,Percentage of wages of men in the same decile,_Z,Not applicable,_Z,Not applicable,MEAN,Mean,_T,Total,1982,,41.3963964,,,,A,Normal value,0,Units,1,One
DATAFLOW,OECD.ELS.SAE:DSD_EARNINGS@GENDER_WAGE_GAP(1.1),Gender wage gap,I,JPN,Japan,GWP,Gender wage gap,PT_WG_SAL_M_D,Percentage of wages of men in the same decile,_Z,Not applicable,_Z,Not applicable,MEAN,Mean,_T,Total,1983,,41.25599651,,,,A,Normal value,0,Units,1,One
DATAFLOW,OECD.ELS.SAE:DSD_EARNINGS@GENDER_WAGE_GAP(1.1),Gender wage gap,I,JPN,Japan,GWP,Gender wage gap,PT_WG_SAL_M_D,Percentage of wages of men in the same decile,_Z,Not applicable,_Z,Not applicable,MEAN,Mean,_T,Total,1984,,41.38947368,,,,A,Normal value,0,Units,1,One
DATAFLOW,OECD.ELS.SAE:DSD_EARNINGS@GENDER_WAGE_GAP(1.1),Gender wage gap,I,JPN,Japan,GWP,Gender wage gap,PT_WG_SAL_M_D,Percentage of wages of men in the same decile,_Z,Not applicable,_Z,Not applicable,MEAN,Mean,_T,Total,1985,,40.39247751,,,,A,Normal value,0,Units,1,One
DATAFLOW,OECD.ELS.SAE:DSD_EARNINGS@GENDER_WAGE_GAP(1.1),Gender wage gap,I,JPN,Japan,GWP,Gender wage gap,PT_WG_SAL_M_D,Percentage of wages of men in the same decile,_Z,Not applicable,_Z,Not applicable,MEAN,Mean,_T,Total,1986,,40.29318542,,,,A,Normal value,0,Units,1,One
DATAFLOW,OECD.ELS.SAE:DSD_EARNINGS@GENDER_WAGE_GAP(1.1),Gender wage gap,I,JPN,Japan,GWP,Gender wage gap,PT_WG_SAL_M_D,Percentage of wages of men in the same decile,_Z,Not applicable,_Z,Not applicable,MEAN,Mean,_T,Total,1987,,39.50329841,,,,A,Normal value,0,Units,1,One
DATAFLOW,OECD.ELS.SAE:DSD_EARNINGS@GENDER_WAGE_GAP(1.1),Gender wage gap,I,JPN,Japan,GWP,Gender wage gap,PT_WG_SAL_M_D,Percentage of wages of men in the same decile,_Z,Not applicable,_Z,Not applicable,MEAN,Mean,_T,Total,1988,,39.48562784,,,,A,Normal value,0,Units,1,One
DATAFLOW,OECD.ELS.SAE:DSD_EARNINGS@GENDER_WAGE_GAP(1.1),Gender wage gap,I,JPN,Japan,GWP,Gender wage gap,PT_WG_SAL_M_D,Percentage of wages of men in the same decile,_Z,Not applicable,_Z,Not applicable,MEAN,Mean,_T,Total,1989,,39.76819993,,,,A,Normal value,0,Units,1,One
DATAFLOW,OECD.ELS.SAE:DSD_EARNINGS@GENDER_WAGE_GAP(1.1),Gender wage gap,I,JPN,Japan,GWP,Gender wage gap,PT_WG_SAL_M_D,Percentage of wages of men in the same decile,_Z,Not applicable,_Z,Not applicable,MEAN,Mean,_T,Total,1990,,39.75903615,,,,A,Normal value,0,Units,1,One
DATAFLOW,OECD.ELS.SAE:DSD_EARNINGS@GENDER_WAGE_GAP(1.1),Gender wage gap,I,JPN,Japan,GWP,Gender wage gap,PT_WG_SAL_M_D,Percentage of wages of men in the same decile,_Z,Not applicable,_Z,Not applicable,MEAN,Mean,_T,Total,1991,,39.30217248,,,,A,Normal value,0,Units,1,One
DATAFLOW,OECD.ELS.SAE:DSD_EARNINGS@GENDER_WAGE_GAP(1.1),Gender wage gap,I,JPN,Japan,GWP,Gender wage gap,PT_WG_SAL_M_D,Percentage of wages of men in the same decile,_Z,Not applicable,_Z,Not applicable,MEAN,Mean,_T,Total,1992,,38.50079745,,,,A,Normal value,0,Units,1,One
DATAFLOW,OECD.ELS.SAE:DSD_EARNINGS@GENDER_WAGE_GAP(1.1),Gender wage gap,I,JPN,Japan,GWP,Gender wage gap,PT_WG_SAL_M_D,Percentage of wages of men in the same decile,_Z,Not applicable,_Z,Not applicable,MEAN,Mean,_T,Total,1993,,38.41825571,,,,A,Normal value,0,Units,1,One
DATAFLOW,OECD.ELS.SAE:DSD_EARNINGS@GENDER_WAGE_GAP(1.1),Gender wage gap,I,JPN,Japan,GWP,Gender wage gap,PT_WG_SAL_M_D,Percentage of wages of men in the same decile,_Z,Not applicable,_Z,Not applicable,MEAN,Mean,_T,Total,1994,,37.99633476,,,,A,Normal value,0,Units,1,One
DATAFLOW,OECD.ELS.SAE:DSD_EARNINGS@GENDER_WAGE_GAP(1.1),Gender wage gap,I,JPN,Japan,GWP,Gender wage gap,PT_WG_SAL_M_D,Percentage of wages of men in the same decile,_Z,Not applicable,_Z,Not applicable,MEAN,Mean,_T,Total,1995,,37.51515152,,,,A,Normal value,0,Units,1,One
DATAFLOW,OECD.ELS.SAE:DSD_EARNINGS@GENDER_WAGE_GAP(1.1),Gender wage gap,I,JPN,Japan,GWP,Gender wage gap,PT_WG_SAL_M_D,Percentage of wages of men in the same decile,_Z,Not applicable,_Z,Not applicable,MEAN,Mean,_T,Total,1996,,37.24550898,,,,A,Normal value,0,Units,1,One
DATAFLOW,OECD.ELS.SAE:DSD_EARNINGS@GENDER_WAGE_GAP(1.1),Gender wage gap,I,JPN,Japan,GWP,Gender wage gap,PT_WG_SAL_M_D,Percentage of wages of men in the same decile,_Z,Not applicable,_Z,Not applicable,MEAN,Mean,_T,Total,1997,,36.884273,,,,A,Normal value,0,Units,1,One
DATAFLOW,OECD.ELS.SAE:DSD_EARNINGS@GENDER_WAGE_GAP(1.1),Gender wage gap,I,JPN,Japan,GWP,Gender wage gap,PT_WG_SAL_M_D,Percentage of wages of men in the same decile,_Z,Not applicable,_Z,Not applicable,MEAN,Mean,_T,Total,1998,,36.117717,,,,A,Normal value,0,Units,1,One
DATAFLOW,OECD.ELS.SAE:DSD_EARNINGS@GENDER_WAGE_GAP(1.1),Gender wage gap,I,JPN,Japan,GWP,Gender wage gap,PT_WG_SAL_M_D,Percentage of wages of men in the same decile,_Z,Not applicable,_Z,Not applicable,MEAN,Mean,_T,Total,1999,,35.4024354,,,,A,Normal value,0,Units,1,One
DATAFLOW,OECD.ELS.SAE:DSD_EARNINGS@GENDER_WAGE_GAP(1.1),Gender wage gap,I,JPN,Japan,GWP,Gender wage gap,PT_WG_SAL_M_D,Percentage of wages of men in the same decile,_Z,Not applicable,_Z,Not applicable,MEAN,Mean,_T,Total,2000,,34.50118765,,,,A,Normal value,0,Units,1,One
DATAFLOW,OECD.ELS.SAE:DSD_EARNINGS@GENDER_WAGE_GAP(1.1),Gender wage gap,I,JPN,Japan,GWP,Gender wage gap,PT_WG_SAL_M_D,Percentage of wages of men in the same decile,_Z,Not applicable,_Z,Not applicable,MEAN,Mean,_T,Total,2001,,34.72262988,,,,A,Normal value,0,Units,1,One
DATAFLOW,OECD.ELS.SAE:DSD_EARNINGS@GENDER_WAGE_GAP(1.1),Gender wage gap,I,JPN,Japan,GWP,Gender wage gap,PT_WG_SAL_M_D,Percentage of wages of men in the same decile,_Z,Not applicable,_Z,Not applicable,MEAN,Mean,_T,Total,2002,,33.49196907,,,,A,Normal value,0,Units,1,One
DATAFLOW,OECD.ELS.SAE:DSD_EARNINGS@GENDER_WAGE_GAP(1.1),Gender wage gap,I,JPN,Japan,GWP,Gender wage gap,PT_WG_SAL_M_D,Percentage of wages of men in the same decile,_Z,Not applicable,_Z,Not applicable,MEAN,Mean,_T,Total,2003,,33.17436662,,,,A,Normal value,0,Units,1,One
DATAFLOW,OECD.ELS.SAE:DSD_EARNINGS@GENDER_WAGE_GAP(1.1),Gender wage gap,I,JPN,Japan,GWP,Gender wage gap,PT_WG_SAL_M_D,Percentage of wages of men in the same decile,_Z,Not applicable,_Z,Not applicable,MEAN,Mean,_T,Total,2004,,32.43486074,,,,A,Normal value,0,Units,1,One
DATAFLOW,OECD.ELS.SAE:DSD_EARNINGS@GENDER_WAGE_GAP(1.1),Gender wage gap,I,JPN,Japan,GWP,Gender wage gap,PT_WG_SAL_M_D,Percentage of wages of men in the same decile,_Z,Not applicable,_Z,Not applicable,MEAN,Mean,_T,Total,2005,,34.13262285,,,,A,Normal value,0,Units,1,One
DATAFLOW,OECD.ELS.SAE:DSD_EARNINGS@GENDER_WAGE_GAP(1.1),Gender wage gap,I,JPN,Japan,GWP,Gender wage gap,PT_WG_SAL_M_D,Percentage of wages of men in the same decile,_Z,Not applicable,_Z,Not applicable,MEAN,Mean,_T,Total,2006,,34.13262285,,,,A,Normal value,0,Units,1,One
DATAFLOW,OECD.ELS.SAE:DSD_EARNINGS@GENDER_WAGE_GAP(1.1),Gender wage gap,I,JPN,Japan,GWP,Gender wage gap,PT_WG_SAL_M_D,Percentage of wages of men in the same decile,_Z,Not applicable,_Z,Not applicable,MEAN,Mean,_T,Total,2007,,33.11553312,,,,A,Normal value,0,Units,1,One
DATAFLOW,OECD.ELS.SAE:DSD_EARNINGS@GENDER_WAGE_GAP(1.1),Gender wage gap,I,JPN,Japan,GWP,Gender wage gap,PT_WG_SAL_M_D,Percentage of wages of men in the same decile,_Z,Not applicable,_Z,Not applicable,MEAN,Mean,_T,Total,2008,,32.24453102,,,,A,Normal value,0,Units,1,One
DATAFLOW,OECD.ELS.SAE:DSD_EARNINGS@GENDER_WAGE_GAP(1.1),Gender wage gap,I,JPN,Japan,GWP,Gender wage gap,PT_WG_SAL_M_D,Percentage of wages of men in the same decile,_Z,Not applicable,_Z,Not applicable,MEAN,Mean,_T,Total,2009,,30.23255814,,,,A,Normal value,0,Units,1,One
DATAFLOW,OECD.ELS.SAE:DSD_EARNINGS@GENDER_WAGE_GAP(1.1),Gender wage gap,I,JPN,Japan,GWP,Gender wage gap,PT_WG_SAL_M_D,Percentage of wages of men in the same decile,_Z,Not applicable,_Z,Not applicable,MEAN,Mean,_T,Total,2010,,30.67316479,,,,A,Normal value,0,Units,1,One
DATAFLOW,OECD.ELS.SAE:DSD_EARNINGS@GENDER_WAGE_GAP(1.1),Gender wage gap,I,JPN,Japan,GWP,Gender wage gap,PT_WG_SAL_M_D,Percentage of wages of men in the same decile,_Z,Not applicable,_Z,Not applicable,MEAN,Mean,_T,Total,2011,,29.36338715,,,,A,Normal value,0,Units,1,One
DATAFLOW,OECD.ELS.SAE:DSD_EARNINGS@GENDER_WAGE_GAP(1.1),Gender wage gap,I,JPN,Japan,GWP,Gender wage gap,PT_WG_SAL_M_D,Percentage of wages of men in the same decile,_Z,Not applicable,_Z,Not applicable,MEAN,Mean,_T,Total,2012,,29.14893617,,,,A,Normal value,0,Units,1,One
DATAFLOW,OECD.ELS.SAE:DSD_EARNINGS@GENDER_WAGE_GAP(1.1),Gender wage gap,I,JPN,Japan,GWP,Gender wage gap,PT_WG_SAL_M_D,Percentage of wages of men in the same decile,_Z,Not applicable,_Z,Not applicable,MEAN,Mean,_T,Total,2013,,28.65030675,,,,A,Normal value,0,Units,1,One
DATAFLOW,OECD.ELS.SAE:DSD_EARNINGS@GENDER_WAGE_GAP(1.1),Gender wage gap,I,JPN,Japan,GWP,Gender wage gap,PT_WG_SAL_M_D,Percentage of wages of men in the same decile,_Z,Not applicable,_Z,Not applicable,MEAN,Mean,_T,Total,2014,,27.79126214,,,,A,Normal value,0,Units,1,One
DATAFLOW,OECD.ELS.SAE:DSD_EARNINGS@GENDER_WAGE_GAP(1.1),Gender wage gap,I,JPN,Japan,GWP,Gender wage gap,PT_WG_SAL_M_D,Percentage of wages of men in the same decile,_Z,Not applicable,_Z,Not applicable,MEAN,Mean,_T,Total,2015,,27.78275142,,,,A,Normal value,0,Units,1,One
DATAFLOW,OECD.ELS.SAE:DSD_EARNINGS@GENDER_WAGE_GAP(1.1),Gender wage gap,I,JPN,Japan,GWP,Gender wage gap,PT_WG_SAL_M_D,Percentage of wages of men in the same decile,_Z,Not applicable,_Z,Not applicable,MEAN,Mean,_T,Total,2016,,27.02863962,,,,A,Normal value,0,Units,1,One
DATAFLOW,OECD.ELS.SAE:DSD_EARNINGS@GENDER_WAGE_GAP(1.1),Gender wage gap,I,JPN,Japan,GWP,Gender wage gap,PT_WG_SAL_M_D,Percentage of wages of men in the same decile,_Z,Not applicable,_Z,Not applicable,MEAN,Mean,_T,Total,2017,,26.64679583,,,,A,Normal value,0,Units,1,One
DATAFLOW,OECD.ELS.SAE:DSD_EARNINGS@GENDER_WAGE_GAP(1.1),Gender wage gap,I,JPN,Japan,GWP,Gender wage gap,PT_WG_SAL_M_D,Percentage of wages of men in the same decile,_Z,Not applicable,_Z,Not applicable,MEAN,Mean,_T,Total,2018,,26.68838863,,,,A,Normal value,0,Units,1,One
DATAFLOW,OECD.ELS.SAE:DSD_EARNINGS@GENDER_WAGE_GAP(1.1),Gender wage gap,I,JPN,Japan,GWP,Gender wage gap,PT_WG_SAL_M_D,Percentage of wages of men in the same decile,_Z,Not applicable,_Z,Not applicable,MEAN,Mean,_T,Total,2019,,25.73964497,,,,A,Normal value,0,Units,1,One
DATAFLOW,OECD.ELS.SAE:DSD_EARNINGS@GENDER_WAGE_GAP(1.1),Gender wage gap,I,JPN,Japan,GWP,Gender wage gap,PT_WG_SAL_M_D,Percentage of wages of men in the same decile,_Z,Not applicable,_Z,Not applicable,MEAN,Mean,_T,Total,2020,,25.67886659,,,,A,Normal value,0,Units,1,One
DATAFLOW,OECD.ELS.SAE:DSD_EARNINGS@GENDER_WAGE_GAP(1.1),Gender wage gap,I,JPN,Japan,GWP,Gender wage gap,PT_WG_SAL_M_D,Percentage of wages of men in the same decile,_Z,Not applicable,_Z,Not applicable,MEAN,Mean,_T,Total,2021,,24.79240807,,,,A,Normal value,0,Units,1,One
DATAFLOW,OECD.ELS.SAE:DSD_EARNINGS@GENDER_WAGE_GAP(1.1),Gender wage gap,I,JPN,Japan,GWP,Gender wage gap,PT_WG_SAL_M_D,Percentage of wages of men in the same decile,_Z,Not applicable,_Z,Not applicable,MEAN,Mean,_T,Total,2022,,23.22064057,,,,A,Normal value,0,Units,1,One
DATAFLOW,OECD.ELS.SAE:DSD_EARNINGS@GENDER_WAGE_GAP(1.1),Gender wage gap,I,JPN,Japan,GWP,Gender wage gap,PT_WG_SAL_M_D,Percentage of wages of men in the same decile,_Z,Not applicable,_Z,Not applicable,MEAN,Mean,_T,Total,2023,,25.16386435,,,,A,Normal value,0,Units,1,One
DATAFLOW,OECD.ELS.SAE:DSD_EARNINGS@GENDER_WAGE_GAP(1.1),Gender wage gap,I,JPN,Japan,GWP,Gender wage gap,PT_WG_SAL_M_D,Percentage of wages of men in the same decile,_Z,Not applicable,_Z,Not applicable,MEAN,Mean,_T,Total,2024,,24.18066648,,,,A,Normal value,0,Units,1,One
DATAFLOW,OECD.ELS.SAE:DSD_EARNINGS@GENDER_WAGE_GAP(1.1),Gender wage gap,I,KOR,Korea,GWP,Gender wage gap,PT_WG_SAL_M_D,Percentage of wages of men in the same decile,_Z,Not applicable,_Z,Not applicable,MEAN,Mean,_T,Total,1985,,55.36041861,,,,A,Normal value,0,Units,1,One
DATAFLOW,OECD.ELS.SAE:DSD_EARNINGS@GENDER_WAGE_GAP(1.1),Gender wage gap,I,KOR,Korea,GWP,Gender wage gap,PT_WG_SAL_M_D,Percentage of wages of men in the same decile,_Z,Not applicable,_Z,Not applicable,MEAN,Mean,_T,Total,1992,,48.51516212,,,,A,Normal value,0,Units,1,One
DATAFLOW,OECD.ELS.SAE:DSD_EARNINGS@GENDER_WAGE_GAP(1.1),Gender wage gap,I,KOR,Korea,GWP,Gender wage gap,PT_WG_SAL_M_D,Percentage of wages of men in the same decile,_Z,Not applicable,_Z,Not applicable,MEAN,Mean,_T,Total,1993,,47.78481417,,,,A,Normal value,0,Units,1,One
DATAFLOW,OECD.ELS.SAE:DSD_EARNINGS@GENDER_WAGE_GAP(1.1),Gender wage gap,I,KOR,Korea,GWP,Gender wage gap,PT_WG_SAL_M_D,Percentage of wages of men in the same decile,_Z,Not applicable,_Z,Not applicable,MEAN,Mean,_T,Total,1994,,45.6759166,,,,A,Normal value,0,Units,1,One
DATAFLOW,OECD.ELS.SAE:DSD_EARNINGS@GENDER_WAGE_GAP(1.1),Gender wage gap,I,KOR,Korea,GWP,Gender wage gap,PT_WG_SAL_M_D,Percentage of wages of men in the same decile,_Z,Not applicable,_Z,Not applicable,MEAN,Mean,_T,Total,1995,,44.44842889,,,,A,Normal value,0,Units,1,One
DATAFLOW,OECD.ELS.SAE:DSD_EARNINGS@GENDER_WAGE_GAP(1.1),Gender wage gap,I,KOR,Korea,GWP,Gender wage gap,PT_WG_SAL_M_D,Percentage of wages of men in the same decile,_Z,Not applicable,_Z,Not applicable,MEAN,Mean,_T,Total,1996,,43.1320717,,,,A,Normal value,0,Units,1,One
DATAFLOW,OECD.ELS.SAE:DSD_EARNINGS@GENDER_WAGE_GAP(1.1),Gender wage gap,I,KOR,Korea,GWP,Gender wage gap,PT_WG_SAL_M_D,Percentage of wages of men in the same decile,_Z,Not applicable,_Z,Not applicable,MEAN,Mean,_T,Total,1997,,41.69785038,,,,A,Normal value,0,Units,1,One
DATAFLOW,OECD.ELS.SAE:DSD_EARNINGS@GENDER_WAGE_GAP(1.1),Gender wage gap,I,KOR,Korea,GWP,Gender wage gap,PT_WG_SAL_M_D,Percentage of wages of men in the same decile,_Z,Not applicable,_Z,Not applicable,MEAN,Mean,_T,Total,1998,,40.96181115,,,,A,Normal value,0,Units,1,One
DATAFLOW,OECD.ELS.SAE:DSD_EARNINGS@GENDER_WAGE_GAP(1.1),Gender wage gap,I,KOR,Korea,GWP,Gender wage gap,PT_WG_SAL_M_D,Percentage of wages of men in the same decile,_Z,Not applicable,_Z,Not applicable,MEAN,Mean,_T,Total,1999,,39.69163648,,,,A,Normal value,0,Units,1,One
DATAFLOW,OECD.ELS.SAE:DSD_EARNINGS@GENDER_WAGE_GAP(1.1),Gender wage gap,I,KOR,Korea,GWP,Gender wage gap,PT_WG_SAL_M_D,Percentage of wages of men in the same decile,_Z,Not applicable,_Z,Not applicable,MEAN,Mean,_T,Total,2000,,39.43315537,,,,A,Normal value,0,Units,1,One
DATAFLOW,OECD.ELS.SAE:DSD_EARNINGS@GENDER_WAGE_GAP(1.1),Gender wage gap,I,KOR,Korea,GWP,Gender wage gap,PT_WG_SAL_M_D,Percentage of wages of men in the same decile,_Z,Not applicable,_Z,Not applicable,MEAN,Mean,_T,Total,2001,,39.13613966,,,,A,Normal value,0,Units,1,One
DATAFLOW,OECD.ELS.SAE:DSD_EARNINGS@GENDER_WAGE_GAP(1.1),Gender wage gap,I,KOR,Korea,GWP,Gender wage gap,PT_WG_SAL_M_D,Percentage of wages of men in the same decile,_Z,Not applicable,_Z,Not applicable,MEAN,Mean,_T,Total,2002,,39.53462065,,,,A,Normal value,0,Units,1,One
DATAFLOW,OECD.ELS.SAE:DSD_EARNINGS@GENDER_WAGE_GAP(1.1),Gender wage gap,I,KOR,Korea,GWP,Gender wage gap,PT_WG_SAL_M_D,Percentage of wages of men in the same decile,_Z,Not applicable,_Z,Not applicable,MEAN,Mean,_T,Total,2003,,39.52987746,,,,A,Normal value,0,Units,1,One
DATAFLOW,OECD.ELS.SAE:DSD_EARNINGS@GENDER_WAGE_GAP(1.1),Gender wage gap,I,KOR,Korea,GWP,Gender wage gap,PT_WG_SAL_M_D,Percentage of wages of men in the same decile,_Z,Not applicable,_Z,Not applicable,MEAN,Mean,_T,Total,2004,,39.1887118,,,,A,Normal value,0,Units,1,One
DATAFLOW,OECD.ELS.SAE:DSD_EARNINGS@GENDER_WAGE_GAP(1.1),Gender wage gap,I,KOR,Korea,GWP,Gender wage gap,PT_WG_SAL_M_D,Percentage of wages of men in the same decile,_Z,Not applicable,_Z,Not applicable,MEAN,Mean,_T,Total,2005,,38.74667542,,,,A,Normal value,0,Units,1,One
DATAFLOW,OECD.ELS.SAE:DSD_EARNINGS@GENDER_WAGE_GAP(1.1),Gender wage gap,I,KOR,Korea,GWP,Gender wage gap,PT_WG_SAL_M_D,Percentage of wages of men in the same decile,_Z,Not applicable,_Z,Not applicable,MEAN,Mean,_T,Total,2006,,38.45570807,,,,A,Normal value,0,Units,1,One
DATAFLOW,OECD.ELS.SAE:DSD_EARNINGS@GENDER_WAGE_GAP(1.1),Gender wage gap,I,KOR,Korea,GWP,Gender wage gap,PT_WG_SAL_M_D,Percentage of wages of men in the same decile,_Z,Not applicable,_Z,Not applicable,MEAN,Mean,_T,Total,2007,,37.24212636,,,,A,Normal value,0,Units,1,One
DATAFLOW,OECD.ELS.SAE:DSD_EARNINGS@GENDER_WAGE_GAP(1.1),Gender wage gap,I,KOR,Korea,GWP,Gender wage gap,PT_WG_SAL_M_D,Percentage of wages of men in the same decile,_Z,Not applicable,_Z,Not applicable,MEAN,Mean,_T,Total,2008,,38.043023,,,,A,Normal value,0,Units,1,One
DATAFLOW,OECD.ELS.SAE:DSD_EARNINGS@GENDER_WAGE_GAP(1.1),Gender wage gap,I,KOR,Korea,GWP,Gender wage gap,PT_WG_SAL_M_D,Percentage of wages of men in the same decile,_Z,Not applicable,_Z,Not applicable,MEAN,Mean,_T,Total,2009,,37.24470649,,,,A,Normal value,0,Units,1,One
DATAFLOW,OECD.ELS.SAE:DSD_EARNINGS@GENDER_WAGE_GAP(1.1),Gender wage gap,I,KOR,Korea,GWP,Gender wage gap,PT_WG_SAL_M_D,Percentage of wages of men in the same decile,_Z,Not applicable,_Z,Not applicable,MEAN,Mean,_T,Total,2010,,37.04384676,,,,A,Normal value,0,Units,1,One
DATAFLOW,OECD.ELS.SAE:DSD_EARNINGS@GENDER_WAGE_GAP(1.1),Gender wage gap,I,KOR,Korea,GWP,Gender wage gap,PT_WG_SAL_M_D,Percentage of wages of men in the same decile,_Z,Not applicable,_Z,Not applicable,MEAN,Mean,_T,Total,2011,,35.88762252,,,,A,Normal value,0,Units,1,One
DATAFLOW,OECD.ELS.SAE:DSD_EARNINGS@GENDER_WAGE_GAP(1.1),Gender wage gap,I,KOR,Korea,GWP,Gender wage gap,PT_WG_SAL_M_D,Percentage of wages of men in the same decile,_Z,Not applicable,_Z,Not applicable,MEAN,Mean,_T,Total,2012,,34.97627684,,,,A,Normal value,0,Units,1,One
DATAFLOW,OECD.ELS.SAE:DSD_EARNINGS@GENDER_WAGE_GAP(1.1),Gender wage gap,I,KOR,Korea,GWP,Gender wage gap,PT_WG_SAL_M_D,Percentage of wages of men in the same decile,_Z,Not applicable,_Z,Not applicable,MEAN,Mean,_T,Total,2013,,35.39093895,,,,A,Normal value,0,Units,1,One
DATAFLOW,OECD.ELS.SAE:DSD_EARNINGS@GENDER_WAGE_GAP(1.1),Gender wage gap,I,KOR,Korea,GWP,Gender wage gap,PT_WG_SAL_M_D,Percentage of wages of men in the same decile,_Z,Not applicable,_Z,Not applicable,MEAN,Mean,_T,Total,2014,,35.69306487,,,,A,Normal value,0,Units,1,One
DATAFLOW,OECD.ELS.SAE:DSD_EARNINGS@GENDER_WAGE_GAP(1.1),Gender wage gap,I,KOR,Korea,GWP,Gender wage gap,PT_WG_SAL_M_D,Percentage of wages of men in the same decile,_Z,Not applicable,_Z,Not applicable,MEAN,Mean,_T,Total,2015,,36.13976438,,,,A,Normal value,0,Units,1,One
DATAFLOW,OECD.ELS.SAE:DSD_EARNINGS@GENDER_WAGE_GAP(1.1),Gender wage gap,I,KOR,Korea,GWP,Gender wage gap,PT_WG_SAL_M_D,Percentage of wages of men in the same decile,_Z,Not applicable,_Z,Not applicable,MEAN,Mean,_T,Total,2016,,35.15272012,,,,A,Normal value,0,Units,1,One
DATAFLOW,OECD.ELS.SAE:DSD_EARNINGS@GENDER_WAGE_GAP(1.1),Gender wage gap,I,KOR,Korea,GWP,Gender wage gap,PT_WG_SAL_M_D,Percentage of wages of men in the same decile,_Z,Not applicable,_Z,Not applicable,MEAN,Mean,_T,Total,2017,,34.1281258,,,,A,Normal value,0,Units,1,One
DATAFLOW,OECD.ELS.SAE:DSD_EARNINGS@GENDER_WAGE_GAP(1.1),Gender wage gap,I,KOR,Korea,GWP,Gender wage gap,PT_WG_SAL_M_D,Percentage of wages of men in the same decile,_Z,Not applicable,_Z,Not applicable,MEAN,Mean,_T,Total,2018,,32.32500058,,,,A,Normal value,0,Units,1,One
DATAFLOW,OECD.ELS.SAE:DSD_EARNINGS@GENDER_WAGE_GAP(1.1),Gender wage gap,I,KOR,Korea,GWP,Gender wage gap,PT_WG_SAL_M_D,Percentage of wages of men in the same decile,_Z,Not applicable,_Z,Not applicable,MEAN,Mean,_T,Total,2019,,31.6135838,,,,A,Normal value,0,Units,1,One
DATAFLOW,OECD.ELS.SAE:DSD_EARNINGS@GENDER_WAGE_GAP(1.1),Gender wage gap,I,KOR,Korea,GWP,Gender wage gap,PT_WG_SAL_M_D,Percentage of wages of men in the same decile,_Z,Not applicable,_Z,Not applicable,MEAN,Mean,_T,Total,2020,,30.45038121,,,,A,Normal value,0,Units,1,One
DATAFLOW,OECD.ELS.SAE:DSD_EARNINGS@GENDER_WAGE_GAP(1.1),Gender wage gap,I,KOR,Korea,GWP,Gender wage gap,PT_WG_SAL_M_D,Percentage of wages of men in the same decile,_Z,Not applicable,_Z,Not applicable,MEAN,Mean,_T,Total,2021,,30.33347869,,,,A,Normal value,0,Units,1,One
DATAFLOW,OECD.ELS.SAE:DSD_EARNINGS@GENDER_WAGE_GAP(1.1),Gender wage gap,I,KOR,Korea,GWP,Gender wage gap,PT_WG_SAL_M_D,Percentage of wages of men in the same decile,_Z,Not applicable,_Z,Not applicable,MEAN,Mean,_T,Total,2022,,30.08554971,,,,A,Normal value,0,Units,1,One
DATAFLOW,OECD.ELS.SAE:DSD_EARNINGS@GENDER_WAGE_GAP(1.1),Gender wage gap,I,KOR,Korea,GWP,Gender wage gap,PT_WG_SAL_M_D,Percentage of wages of men in the same decile,_Z,Not applicable,_Z,Not applicable,MEAN,Mean,_T,Total,2023,,29.33355374,,,,A,Normal value,0,Units,1,One
DATAFLOW,OECD.ELS.SAE:DSD_EARNINGS@GENDER_WAGE_GAP(1.1),Gender wage gap,I,KOR,Korea,GWP,Gender wage gap,PT_WG_SAL_M_D,Percentage of wages of men in the same decile,_Z,Not applicable,_Z,Not applicable,MEAN,Mean,_T,Total,2024,,28.96650065,,,,A,Normal value,0,Units,1,One
DATAFLOW,OECD.ELS.SAE:DSD_EARNINGS@GENDER_WAGE_GAP(1.1),Gender wage gap,I,LVA,Latvia,GWP,Gender wage gap,PT_WG_SAL_M_D,Percentage of wages of men in the same decile,_Z,Not applicable,_Z,Not applicable,MEAN,Mean,_T,Total,2002,,19.20555423,,,,A,Normal value,0,Units,1,One
DATAFLOW,OECD.ELS.SAE:DSD_EARNINGS@GENDER_WAGE_GAP(1.1),Gender wage gap,I,LVA,Latvia,GWP,Gender wage gap,PT_WG_SAL_M_D,Percentage of wages of men in the same decile,_Z,Not applicable,_Z,Not applicable,MEAN,Mean,_T,Total,2006,,15.21496155,,,,A,Normal value,0,Units,1,One
DATAFLOW,OECD.ELS.SAE:DSD_EARNINGS@GENDER_WAGE_GAP(1.1),Gender wage gap,I,LVA,Latvia,GWP,Gender wage gap,PT_WG_SAL_M_D,Percentage of wages of men in the same decile,_Z,Not applicable,_Z,Not applicable,MEAN,Mean,_T,Total,2010,,19.53017164,,,,A,Normal value,0,Units,1,One
DATAFLOW,OECD.ELS.SAE:DSD_EARNINGS@GENDER_WAGE_GAP(1.1),Gender wage gap,I,LVA,Latvia,GWP,Gender wage gap,PT_WG_SAL_M_D,Percentage of wages of men in the same decile,_Z,Not applicable,_Z,Not applicable,MEAN,Mean,_T,Total,2014,,21.54361115,,,,A,Normal value,0,Units,1,One
DATAFLOW,OECD.ELS.SAE:DSD_EARNINGS@GENDER_WAGE_GAP(1.1),Gender wage gap,I,LVA,Latvia,GWP,Gender wage gap,PT_WG_SAL_M_D,Percentage of wages of men in the same decile,_Z,Not applicable,_Z,Not applicable,MEAN,Mean,_T,Total,2018,,23.15873094,,,,A,Normal value,0,Units,1,One
DATAFLOW,OECD.ELS.SAE:DSD_EARNINGS@GENDER_WAGE_GAP(1.1),Gender wage gap,I,LVA,Latvia,GWP,Gender wage gap,PT_WG_SAL_M_D,Percentage of wages of men in the same decile,_Z,Not applicable,_Z,Not applicable,MEAN,Mean,_T,Total,2022,,22.68432828,,,,A,Normal value,0,Units,1,One
DATAFLOW,OECD.ELS.SAE:DSD_EARNINGS@GENDER_WAGE_GAP(1.1),Gender wage gap,I,LVA,Latvia,GWP,Gender wage gap,PT_WG_SAL_M_D,Percentage of wages of men in the same decile,_Z,Not applicable,_Z,Not applicable,MEAN,Mean,_T,Total,2023,,23.62953667,,,,A,Normal value,0,Units,1,One
DATAFLOW,OECD.ELS.SAE:DSD_EARNINGS@GENDER_WAGE_GAP(1.1),Gender wage gap,I,LTU,Lithuania,GWP,Gender wage gap,PT_WG_SAL_M_D,Percentage of wages of men in the same decile,_Z,Not applicable,_Z,Not applicable,MEAN,Mean,_T,Total,2002,,18.94218686,,,,A,Normal value,0,Units,1,One
DATAFLOW,OECD.ELS.SAE:DSD_EARNINGS@GENDER_WAGE_GAP(1.1),Gender wage gap,I,LTU,Lithuania,GWP,Gender wage gap,PT_WG_SAL_M_D,Percentage of wages of men in the same decile,_Z,Not applicable,_Z,Not applicable,MEAN,Mean,_T,Total,2006,,20.52158024,,,,A,Normal value,0,Units,1,One
DATAFLOW,OECD.ELS.SAE:DSD_EARNINGS@GENDER_WAGE_GAP(1.1),Gender wage gap,I,LTU,Lithuania,GWP,Gender wage gap,PT_WG_SAL_M_D,Percentage of wages of men in the same decile,_Z,Not applicable,_Z,Not applicable,MEAN,Mean,_T,Total,2010,,16.44867264,,,,A,Normal value,0,Units,1,One
DATAFLOW,OECD.ELS.SAE:DSD_EARNINGS@GENDER_WAGE_GAP(1.1),Gender wage gap,I,LTU,Lithuania,GWP,Gender wage gap,PT_WG_SAL_M_D,Percentage of wages of men in the same decile,_Z,Not applicable,_Z,Not applicable,MEAN,Mean,_T,Total,2014,,17.63493668,,,,A,Normal value,0,Units,1,One
DATAFLOW,OECD.ELS.SAE:DSD_EARNINGS@GENDER_WAGE_GAP(1.1),Gender wage gap,I,LTU,Lithuania,GWP,Gender wage gap,PT_WG_SAL_M_D,Percentage of wages of men in the same decile,_Z,Not applicable,_Z,Not applicable,MEAN,Mean,_T,Total,2018,,16.73906321,,,,A,Normal value,0,Units,1,One
DATAFLOW,OECD.ELS.SAE:DSD_EARNINGS@GENDER_WAGE_GAP(1.1),Gender wage gap,I,LTU,Lithuania,GWP,Gender wage gap,PT_WG_SAL_M_D,Percentage of wages of men in the same decile,_Z,Not applicable,_Z,Not applicable,MEAN,Mean,_T,Total,2022,,13.59680657,,,,A,Normal value,0,Units,1,One
DATAFLOW,OECD.ELS.SAE:DSD_EARNINGS@GENDER_WAGE_GAP(1.1),Gender wage gap,I,MEX,Mexico,GWP,Gender wage gap,PT_WG_SAL_M_D,Percentage of wages of men in the same decile,_Z,Not applicable,_Z,Not applicable,MEAN,Mean,_T,Total,2005,,17.19667911,,,,A,Normal value,0,Units,1,One
DATAFLOW,OECD.ELS.SAE:DSD_EARNINGS@GENDER_WAGE_GAP(1.1),Gender wage gap,I,MEX,Mexico,GWP,Gender wage gap,PT_WG_SAL_M_D,Percentage of wages of men in the same decile,_Z,Not applicable,_Z,Not applicable,MEAN,Mean,_T,Total,2006,,12.62196336,,,,A,Normal value,0,Units,1,One
DATAFLOW,OECD.ELS.SAE:DSD_EARNINGS@GENDER_WAGE_GAP(1.1),Gender wage gap,I,MEX,Mexico,GWP,Gender wage gap,PT_WG_SAL_M_D,Percentage of wages of men in the same decile,_Z,Not applicable,_Z,Not applicable,MEAN,Mean,_T,Total,2007,,11.66608383,,,,A,Normal value,0,Units,1,One
DATAFLOW,OECD.ELS.SAE:DSD_EARNINGS@GENDER_WAGE_GAP(1.1),Gender wage gap,I,MEX,Mexico,GWP,Gender wage gap,PT_WG_SAL_M_D,Percentage of wages of men in the same decile,_Z,Not applicable,_Z,Not applicable,MEAN,Mean,_T,Total,2008,,15.99391835,,,,A,Normal value,0,Units,1,One
DATAFLOW,OECD.ELS.SAE:DSD_EARNINGS@GENDER_WAGE_GAP(1.1),Gender wage gap,I,MEX,Mexico,GWP,Gender wage gap,PT_WG_SAL_M_D,Percentage of wages of men in the same decile,_Z,Not applicable,_Z,Not applicable,MEAN,Mean,_T,Total,2009,,7.454217419,,,,A,Normal value,0,Units,1,One
DATAFLOW,OECD.ELS.SAE:DSD_EARNINGS@GENDER_WAGE_GAP(1.1),Gender wage gap,I,MEX,Mexico,GWP,Gender wage gap,PT_WG_SAL_M_D,Percentage of wages of men in the same decile,_Z,Not applicable,_Z,Not applicable,MEAN,Mean,_T,Total,2010,,12.64193058,,,,A,Normal value,0,Units,1,One
DATAFLOW,OECD.ELS.SAE:DSD_EARNINGS@GENDER_WAGE_GAP(1.1),Gender wage gap,I,MEX,Mexico,GWP,Gender wage gap,PT_WG_SAL_M_D,Percentage of wages of men in the same decile,_Z,Not applicable,_Z,Not applicable,MEAN,Mean,_T,Total,2011,,11.87089114,,,,A,Normal value,0,Units,1,One
DATAFLOW,OECD.ELS.SAE:DSD_EARNINGS@GENDER_WAGE_GAP(1.1),Gender wage gap,I,MEX,Mexico,GWP,Gender wage gap,PT_WG_SAL_M_D,Percentage of wages of men in the same decile,_Z,Not applicable,_Z,Not applicable,MEAN,Mean,_T,Total,2012,,11.33222725,,,,A,Normal value,0,Units,1,One
DATAFLOW,OECD.ELS.SAE:DSD_EARNINGS@GENDER_WAGE_GAP(1.1),Gender wage gap,I,MEX,Mexico,GWP,Gender wage gap,PT_WG_SAL_M_D,Percentage of wages of men in the same decile,_Z,Not applicable,_Z,Not applicable,MEAN,Mean,_T,Total,2013,,12.01276857,,,,A,Normal value,0,Units,1,One
DATAFLOW,OECD.ELS.SAE:DSD_EARNINGS@GENDER_WAGE_GAP(1.1),Gender wage gap,I,MEX,Mexico,GWP,Gender wage gap,PT_WG_SAL_M_D,Percentage of wages of men in the same decile,_Z,Not applicable,_Z,Not applicable,MEAN,Mean,_T,Total,2014,,11.65073354,,,,A,Normal value,0,Units,1,One
DATAFLOW,OECD.ELS.SAE:DSD_EARNINGS@GENDER_WAGE_GAP(1.1),Gender wage gap,I,MEX,Mexico,GWP,Gender wage gap,PT_WG_SAL_M_D,Percentage of wages of men in the same decile,_Z,Not applicable,_Z,Not applicable,MEAN,Mean,_T,Total,2015,,11.95265257,,,,A,Normal value,0,Units,1,One
DATAFLOW,OECD.ELS.SAE:DSD_EARNINGS@GENDER_WAGE_GAP(1.1),Gender wage gap,I,MEX,Mexico,GWP,Gender wage gap,PT_WG_SAL_M_D,Percentage of wages of men in the same decile,_Z,Not applicable,_Z,Not applicable,MEAN,Mean,_T,Total,2016,,11.78612838,,,,A,Normal value,0,Units,1,One
DATAFLOW,OECD.ELS.SAE:DSD_EARNINGS@GENDER_WAGE_GAP(1.1),Gender wage gap,I,MEX,Mexico,GWP,Gender wage gap,PT_WG_SAL_M_D,Percentage of wages of men in the same decile,_Z,Not applicable,_Z,Not applicable,MEAN,Mean,_T,Total,2017,,11.20675933,,,,A,Normal value,0,Units,1,One
DATAFLOW,OECD.ELS.SAE:DSD_EARNINGS@GENDER_WAGE_GAP(1.1),Gender wage gap,I,MEX,Mexico,GWP,Gender wage gap,PT_WG_SAL_M_D,Percentage of wages of men in the same decile,_Z,Not applicable,_Z,Not applicable,MEAN,Mean,_T,Total,2018,,11.3371818,,,,A,Normal value,0,Units,1,One
DATAFLOW,OECD.ELS.SAE:DSD_EARNINGS@GENDER_WAGE_GAP(1.1),Gender wage gap,I,MEX,Mexico,GWP,Gender wage gap,PT_WG_SAL_M_D,Percentage of wages of men in the same decile,_Z,Not applicable,_Z,Not applicable,MEAN,Mean,_T,Total,2019,,11.68756766,,,,A,Normal value,0,Units,1,One
DATAFLOW,OECD.ELS.SAE:DSD_EARNINGS@GENDER_WAGE_GAP(1.1),Gender wage gap,I,MEX,Mexico,GWP,Gender wage gap,PT_WG_SAL_M_D,Percentage of wages of men in the same decile,_Z,Not applicable,_Z,Not applicable,MEAN,Mean,_T,Total,2020,,7.423936046,,,,A,Normal value,0,Units,1,One
DATAFLOW,OECD.ELS.SAE:DSD_EARNINGS@GENDER_WAGE_GAP(1.1),Gender wage gap,I,MEX,Mexico,GWP,Gender wage gap,PT_WG_SAL_M_D,Percentage of wages of men in the same decile,_Z,Not applicable,_Z,Not applicable,MEAN,Mean,_T,Total,2021,,9.935138875,,,,A,Normal value,0,Units,1,One
DATAFLOW,OECD.ELS.SAE:DSD_EARNINGS@GENDER_WAGE_GAP(1.1),Gender wage gap,I,MEX,Mexico,GWP,Gender wage gap,PT_WG_SAL_M_D,Percentage of wages of men in the same decile,_Z,Not applicable,_Z,Not applicable,MEAN,Mean,_T,Total,2022,,10.36108059,,,,A,Normal value,0,Units,1,One
DATAFLOW,OECD.ELS.SAE:DSD_EARNINGS@GENDER_WAGE_GAP(1.1),Gender wage gap,I,MEX,Mexico,GWP,Gender wage gap,PT_WG_SAL_M_D,Percentage of wages of men in the same decile,_Z,Not applicable,_Z,Not applicable,MEAN,Mean,_T,Total,2023,,11.89279029,,,,A,Normal value,0,Units,1,One
DATAFLOW,OECD.ELS.SAE:DSD_EARNINGS@GENDER_WAGE_GAP(1.1),Gender wage gap,I,MEX,Mexico,GWP,Gender wage gap,PT_WG_SAL_M_D,Percentage of wages of men in the same decile,_Z,Not applicable,_Z,Not applicable,MEAN,Mean,_T,Total,2024,,12.49419477,,,,A,Normal value,0,Units,1,One
DATAFLOW,OECD.ELS.SAE:DSD_EARNINGS@GENDER_WAGE_GAP(1.1),Gender wage gap,I,NLD,Netherlands,GWP,Gender wage gap,PT_WG_SAL_M_D,Percentage of wages of men in the same decile,_Z,Not applicable,_Z,Not applicable,MEAN,Mean,_T,Total,2002,,21.24396438,,,,A,Normal value,0,Units,1,One
DATAFLOW,OECD.ELS.SAE:DSD_EARNINGS@GENDER_WAGE_GAP(1.1),Gender wage gap,I,NLD,Netherlands,GWP,Gender wage gap,PT_WG_SAL_M_D,Percentage of wages of men in the same decile,_Z,Not applicable,_Z,Not applicable,MEAN,Mean,_T,Total,2006,,20.52515912,,,,A,Normal value,0,Units,1,One
DATAFLOW,OECD.ELS.SAE:DSD_EARNINGS@GENDER_WAGE_GAP(1.1),Gender wage gap,I,NLD,Netherlands,GWP,Gender wage gap,PT_WG_SAL_M_D,Percentage of wages of men in the same decile,_Z,Not applicable,_Z,Not applicable,MEAN,Mean,_T,Total,2010,,20.0003367,,,,A,Normal value,0,Units,1,One
DATAFLOW,OECD.ELS.SAE:DSD_EARNINGS@GENDER_WAGE_GAP(1.1),Gender wage gap,I,NLD,Netherlands,GWP,Gender wage gap,PT_WG_SAL_M_D,Percentage of wages of men in the same decile,_Z,Not applicable,_Z,Not applicable,MEAN,Mean,_T,Total,2014,,17.54622162,,,,A,Normal value,0,Units,1,One
DATAFLOW,OECD.ELS.SAE:DSD_EARNINGS@GENDER_WAGE_GAP(1.1),Gender wage gap,I,NLD,Netherlands,GWP,Gender wage gap,PT_WG_SAL_M_D,Percentage of wages of men in the same decile,_Z,Not applicable,_Z,Not applicable,MEAN,Mean,_T,Total,2018,,13.17621138,,,,A,Normal value,0,Units,1,One
DATAFLOW,OECD.ELS.SAE:DSD_EARNINGS@GENDER_WAGE_GAP(1.1),Gender wage gap,I,NLD,Netherlands,GWP,Gender wage gap,PT_WG_SAL_M_D,Percentage of wages of men in the same decile,_Z,Not applicable,_Z,Not applicable,MEAN,Mean,_T,Total,2022,,9.200373171,,,,A,Normal value,0,Units,1,One
DATAFLOW,OECD.ELS.SAE:DSD_EARNINGS@GENDER_WAGE_GAP(1.1),Gender wage gap,I,NLD,Netherlands,GWP,Gender wage gap,PT_WG_SAL_M_D,Percentage of wages of men in the same decile,_Z,Not applicable,_Z,Not applicable,MEAN,Mean,_T,Total,2023,,10.12519213,,,,A,Normal value,0,Units,1,One
DATAFLOW,OECD.ELS.SAE:DSD_EARNINGS@GENDER_WAGE_GAP(1.1),Gender wage gap,I,NZL,New Zealand,GWP,Gender wage gap,PT_WG_SAL_M_D,Percentage of wages of men in the same decile,_Z,Not applicable,_Z,Not applicable,MEAN,Mean,_T,Total,1997,,17.21637314,,,,A,Normal value,0,Units,1,One
DATAFLOW,OECD.ELS.SAE:DSD_EARNINGS@GENDER_WAGE_GAP(1.1),Gender wage gap,I,NZL,New Zealand,GWP,Gender wage gap,PT_WG_SAL_M_D,Percentage of wages of men in the same decile,_Z,Not applicable,_Z,Not applicable,MEAN,Mean,_T,Total,1998,,15.4956683,,,,A,Normal value,0,Units,1,One
DATAFLOW,OECD.ELS.SAE:DSD_EARNINGS@GENDER_WAGE_GAP(1.1),Gender wage gap,I,NZL,New Zealand,GWP,Gender wage gap,PT_WG_SAL_M_D,Percentage of wages of men in the same decile,_Z,Not applicable,_Z,Not applicable,MEAN,Mean,_T,Total,1999,,13.94190543,,,,A,Normal value,0,Units,1,One
DATAFLOW,OECD.ELS.SAE:DSD_EARNINGS@GENDER_WAGE_GAP(1.1),Gender wage gap,I,NZL,New Zealand,GWP,Gender wage gap,PT_WG_SAL_M_D,Percentage of wages of men in the same decile,_Z,Not applicable,_Z,Not applicable,MEAN,Mean,_T,Total,2000,,11.91762833,,,,A,Normal value,0,Units,1,One
DATAFLOW,OECD.ELS.SAE:DSD_EARNINGS@GENDER_WAGE_GAP(1.1),Gender wage gap,I,NZL,New Zealand,GWP,Gender wage gap,PT_WG_SAL_M_D,Percentage of wages of men in the same decile,_Z,Not applicable,_Z,Not applicable,MEAN,Mean,_T,Total,2001,,13.74680266,,,,A,Normal value,0,Units,1,One
DATAFLOW,OECD.ELS.SAE:DSD_EARNINGS@GENDER_WAGE_GAP(1.1),Gender wage gap,I,NZL,New Zealand,GWP,Gender wage gap,PT_WG_SAL_M_D,Percentage of wages of men in the same decile,_Z,Not applicable,_Z,Not applicable,MEAN,Mean,_T,Total,2002,,12.63624866,,,,A,Normal value,0,Units,1,One
DATAFLOW,OECD.ELS.SAE:DSD_EARNINGS@GENDER_WAGE_GAP(1.1),Gender wage gap,I,NZL,New Zealand,GWP,Gender wage gap,PT_WG_SAL_M_D,Percentage of wages of men in the same decile,_Z,Not applicable,_Z,Not applicable,MEAN,Mean,_T,Total,2003,,13.24231646,,,,A,Normal value,0,Units,1,One
DATAFLOW,OECD.ELS.SAE:DSD_EARNINGS@GENDER_WAGE_GAP(1.1),Gender wage gap,I,NZL,New Zealand,GWP,Gender wage gap,PT_WG_SAL_M_D,Percentage of wages of men in the same decile,_Z,Not applicable,_Z,Not applicable,MEAN,Mean,_T,Total,2004,,13.87901527,,,,A,Normal value,0,Units,1,One
DATAFLOW,OECD.ELS.SAE:DSD_EARNINGS@GENDER_WAGE_GAP(1.1),Gender wage gap,I,NZL,New Zealand,GWP,Gender wage gap,PT_WG_SAL_M_D,Percentage of wages of men in the same decile,_Z,Not applicable,_Z,Not applicable,MEAN,Mean,_T,Total,2005,,15.73653731,,,,A,Normal value,0,Units,1,One
DATAFLOW,OECD.ELS.SAE:DSD_EARNINGS@GENDER_WAGE_GAP(1.1),Gender wage gap,I,NZL,New Zealand,GWP,Gender wage gap,PT_WG_SAL_M_D,Percentage of wages of men in the same decile,_Z,Not applicable,_Z,Not applicable,MEAN,Mean,_T,Total,2006,,12.61164262,,,,A,Normal value,0,Units,1,One
DATAFLOW,OECD.ELS.SAE:DSD_EARNINGS@GENDER_WAGE_GAP(1.1),Gender wage gap,I,NZL,New Zealand,GWP,Gender wage gap,PT_WG_SAL_M_D,Percentage of wages of men in the same decile,_Z,Not applicable,_Z,Not applicable,MEAN,Mean,_T,Total,2007,,13.99990901,,,,A,Normal value,0,Units,1,One
DATAFLOW,OECD.ELS.SAE:DSD_EARNINGS@GENDER_WAGE_GAP(1.1),Gender wage gap,I,NZL,New Zealand,GWP,Gender wage gap,PT_WG_SAL_M_D,Percentage of wages of men in the same decile,_Z,Not applicable,_Z,Not applicable,MEAN,Mean,_T,Total,2008,,13.53097262,,,,A,Normal value,0,Units,1,One
DATAFLOW,OECD.ELS.SAE:DSD_EARNINGS@GENDER_WAGE_GAP(1.1),Gender wage gap,I,NZL,New Zealand,GWP,Gender wage gap,PT_WG_SAL_M_D,Percentage of wages of men in the same decile,_Z,Not applicable,_Z,Not applicable,MEAN,Mean,_T,Total,2009,,13.96139056,,,,A,Normal value,0,Units,1,One
DATAFLOW,OECD.ELS.SAE:DSD_EARNINGS@GENDER_WAGE_GAP(1.1),Gender wage gap,I,NZL,New Zealand,GWP,Gender wage gap,PT_WG_SAL_M_D,Percentage of wages of men in the same decile,_Z,Not applicable,_Z,Not applicable,MEAN,Mean,_T,Total,2010,,12.62333688,,,,A,Normal value,0,Units,1,One
DATAFLOW,OECD.ELS.SAE:DSD_EARNINGS@GENDER_WAGE_GAP(1.1),Gender wage gap,I,NZL,New Zealand,GWP,Gender wage gap,PT_WG_SAL_M_D,Percentage of wages of men in the same decile,_Z,Not applicable,_Z,Not applicable,MEAN,Mean,_T,Total,2011,,11.8145974,,,,A,Normal value,0,Units,1,One
DATAFLOW,OECD.ELS.SAE:DSD_EARNINGS@GENDER_WAGE_GAP(1.1),Gender wage gap,I,NZL,New Zealand,GWP,Gender wage gap,PT_WG_SAL_M_D,Percentage of wages of men in the same decile,_Z,Not applicable,_Z,Not applicable,MEAN,Mean,_T,Total,2012,,11.80540387,,,,A,Normal value,0,Units,1,One
DATAFLOW,OECD.ELS.SAE:DSD_EARNINGS@GENDER_WAGE_GAP(1.1),Gender wage gap,I,NZL,New Zealand,GWP,Gender wage gap,PT_WG_SAL_M_D,Percentage of wages of men in the same decile,_Z,Not applicable,_Z,Not applicable,MEAN,Mean,_T,Total,2013,,12.02213977,,,,A,Normal value,0,Units,1,One
DATAFLOW,OECD.ELS.SAE:DSD_EARNINGS@GENDER_WAGE_GAP(1.1),Gender wage gap,I,NZL,New Zealand,GWP,Gender wage gap,PT_WG_SAL_M_D,Percentage of wages of men in the same decile,_Z,Not applicable,_Z,Not applicable,MEAN,Mean,_T,Total,2014,,12.75637653,,,,A,Normal value,0,Units,1,One
DATAFLOW,OECD.ELS.SAE:DSD_EARNINGS@GENDER_WAGE_GAP(1.1),Gender wage gap,I,NZL,New Zealand,GWP,Gender wage gap,PT_WG_SAL_M_D,Percentage of wages of men in the same decile,_Z,Not applicable,_Z,Not applicable,MEAN,Mean,_T,Total,2015,,13.14092896,,,,A,Normal value,0,Units,1,One
DATAFLOW,OECD.ELS.SAE:DSD_EARNINGS@GENDER_WAGE_GAP(1.1),Gender wage gap,I,NZL,New Zealand,GWP,Gender wage gap,PT_WG_SAL_M_D,Percentage of wages of men in the same decile,_Z,Not applicable,_Z,Not applicable,MEAN,Mean,_T,Total,2016,,12.47871852,,,,A,Normal value,0,Units,1,One
DATAFLOW,OECD.ELS.SAE:DSD_EARNINGS@GENDER_WAGE_GAP(1.1),Gender wage gap,I,NZL,New Zealand,GWP,Gender wage gap,PT_WG_SAL_M_D,Percentage of wages of men in the same decile,_Z,Not applicable,_Z,Not applicable,MEAN,Mean,_T,Total,2017,,11.12164297,,,,A,Normal value,0,Units,1,One
DATAFLOW,OECD.ELS.SAE:DSD_EARNINGS@GENDER_WAGE_GAP(1.1),Gender wage gap,I,NZL,New Zealand,GWP,Gender wage gap,PT_WG_SAL_M_D,Percentage of wages of men in the same decile,_Z,Not applicable,_Z,Not applicable,MEAN,Mean,_T,Total,2018,,11.85687881,,,,A,Normal value,0,Units,1,One
DATAFLOW,OECD.ELS.SAE:DSD_EARNINGS@GENDER_WAGE_GAP(1.1),Gender wage gap,I,NZL,New Zealand,GWP,Gender wage gap,PT_WG_SAL_M_D,Percentage of wages of men in the same decile,_Z,Not applicable,_Z,Not applicable,MEAN,Mean,_T,Total,2019,,10.35003018,,,,A,Normal value,0,Units,1,One
DATAFLOW,OECD.ELS.SAE:DSD_EARNINGS@GENDER_WAGE_GAP(1.1),Gender wage gap,I,NZL,New Zealand,GWP,Gender wage gap,PT_WG_SAL_M_D,Percentage of wages of men in the same decile,_Z,Not applicable,_Z,Not applicable,MEAN,Mean,_T,Total,2020,,8.105947243,,,,A,Normal value,0,Units,1,One
DATAFLOW,OECD.ELS.SAE:DSD_EARNINGS@GENDER_WAGE_GAP(1.1),Gender wage gap,I,NZL,New Zealand,GWP,Gender wage gap,PT_WG_SAL_M_D,Percentage of wages of men in the same decile,_Z,Not applicable,_Z,Not applicable,MEAN,Mean,_T,Total,2021,,8.165548098,,,,A,Normal value,0,Units,1,One
DATAFLOW,OECD.ELS.SAE:DSD_EARNINGS@GENDER_WAGE_GAP(1.1),Gender wage gap,I,NZL,New Zealand,GWP,Gender wage gap,PT_WG_SAL_M_D,Percentage of wages of men in the same decile,_Z,Not applicable,_Z,Not applicable,MEAN,Mean,_T,Total,2022,,8.254219409,,,,A,Normal value,0,Units,1,One
DATAFLOW,OECD.ELS.SAE:DSD_EARNINGS@GENDER_WAGE_GAP(1.1),Gender wage gap,I,NZL,New Zealand,GWP,Gender wage gap,PT_WG_SAL_M_D,Percentage of wages of men in the same decile,_Z,Not applicable,_Z,Not applicable,MEAN,Mean,_T,Total,2023,,7.336287543,,,,A,Normal value,0,Units,1,One
DATAFLOW,OECD.ELS.SAE:DSD_EARNINGS@GENDER_WAGE_GAP(1.1),Gender wage gap,I,NZL,New Zealand,GWP,Gender wage gap,PT_WG_SAL_M_D,Percentage of wages of men in the same decile,_Z,Not applicable,_Z,Not applicable,MEAN,Mean,_T,Total,2024,,8.909002354,,,,A,Normal value,0,Units,1,One
DATAFLOW,OECD.ELS.SAE:DSD_EARNINGS@GENDER_WAGE_GAP(1.1),Gender wage gap,I,NOR,Norway,GWP,Gender wage gap,PT_WG_SAL_M_D,Percentage of wages of men in the same decile,_Z,Not applicable,_Z,Not applicable,MEAN,Mean,_T,Total,1997,,14.58812701,,,,A,Normal value,0,Units,1,One
DATAFLOW,OECD.ELS.SAE:DSD_EARNINGS@GENDER_WAGE_GAP(1.1),Gender wage gap,I,NOR,Norway,GWP,Gender wage gap,PT_WG_SAL_M_D,Percentage of wages of men in the same decile,_Z,Not applicable,_Z,Not applicable,MEAN,Mean,_T,Total,1998,,14.6883006,,,,A,Normal value,0,Units,1,One
DATAFLOW,OECD.ELS.SAE:DSD_EARNINGS@GENDER_WAGE_GAP(1.1),Gender wage gap,I,NOR,Norway,GWP,Gender wage gap,PT_WG_SAL_M_D,Percentage of wages of men in the same decile,_Z,Not applicable,_Z,Not applicable,MEAN,Mean,_T,Total,1999,,14.7601476,,,,A,Normal value,0,Units,1,One
DATAFLOW,OECD.ELS.SAE:DSD_EARNINGS@GENDER_WAGE_GAP(1.1),Gender wage gap,I,NOR,Norway,GWP,Gender wage gap,PT_WG_SAL_M_D,Percentage of wages of men in the same decile,_Z,Not applicable,_Z,Not applicable,MEAN,Mean,_T,Total,2000,,14.52492212,,,,A,Normal value,0,Units,1,One
DATAFLOW,OECD.ELS.SAE:DSD_EARNINGS@GENDER_WAGE_GAP(1.1),Gender wage gap,I,NOR,Norway,GWP,Gender wage gap,PT_WG_SAL_M_D,Percentage of wages of men in the same decile,_Z,Not applicable,_Z,Not applicable,MEAN,Mean,_T,Total,2001,,14.47711202,,,,A,Normal value,0,Units,1,One
DATAFLOW,OECD.ELS.SAE:DSD_EARNINGS@GENDER_WAGE_GAP(1.1),Gender wage gap,I,NOR,Norway,GWP,Gender wage gap,PT_WG_SAL_M_D,Percentage of wages of men in the same decile,_Z,Not applicable,_Z,Not applicable,MEAN,Mean,_T,Total,2002,,13.92582225,,,,A,Normal value,0,Units,1,One
DATAFLOW,OECD.ELS.SAE:DSD_EARNINGS@GENDER_WAGE_GAP(1.1),Gender wage gap,I,NOR,Norway,GWP,Gender wage gap,PT_WG_SAL_M_D,Percentage of wages of men in the same decile,_Z,Not applicable,_Z,Not applicable,MEAN,Mean,_T,Total,2003,,13.82582176,,,,A,Normal value,0,Units,1,One
DATAFLOW,OECD.ELS.SAE:DSD_EARNINGS@GENDER_WAGE_GAP(1.1),Gender wage gap,I,NOR,Norway,GWP,Gender wage gap,PT_WG_SAL_M_D,Percentage of wages of men in the same decile,_Z,Not applicable,_Z,Not applicable,MEAN,Mean,_T,Total,2004,,13.33551769,,,,A,Normal value,0,Units,1,One
DATAFLOW,OECD.ELS.SAE:DSD_EARNINGS@GENDER_WAGE_GAP(1.1),Gender wage gap,I,NOR,Norway,GWP,Gender wage gap,PT_WG_SAL_M_D,Percentage of wages of men in the same decile,_Z,Not applicable,_Z,Not applicable,MEAN,Mean,_T,Total,2005,,13.24041812,,,,A,Normal value,0,Units,1,One
DATAFLOW,OECD.ELS.SAE:DSD_EARNINGS@GENDER_WAGE_GAP(1.1),Gender wage gap,I,NOR,Norway,GWP,Gender wage gap,PT_WG_SAL_M_D,Percentage of wages of men in the same decile,_Z,Not applicable,_Z,Not applicable,MEAN,Mean,_T,Total,2006,,13.21839081,,,,A,Normal value,0,Units,1,One
DATAFLOW,OECD.ELS.SAE:DSD_EARNINGS@GENDER_WAGE_GAP(1.1),Gender wage gap,I,NOR,Norway,GWP,Gender wage gap,PT_WG_SAL_M_D,Percentage of wages of men in the same decile,_Z,Not applicable,_Z,Not applicable,MEAN,Mean,_T,Total,2007,,13.49885845,,,,A,Normal value,0,Units,1,One
DATAFLOW,OECD.ELS.SAE:DSD_EARNINGS@GENDER_WAGE_GAP(1.1),Gender wage gap,I,NOR,Norway,GWP,Gender wage gap,PT_WG_SAL_M_D,Percentage of wages of men in the same decile,_Z,Not applicable,_Z,Not applicable,MEAN,Mean,_T,Total,2008,,13.8292159,,,,A,Normal value,0,Units,1,One
DATAFLOW,OECD.ELS.SAE:DSD_EARNINGS@GENDER_WAGE_GAP(1.1),Gender wage gap,I,NOR,Norway,GWP,Gender wage gap,PT_WG_SAL_M_D,Percentage of wages of men in the same decile,_Z,Not applicable,_Z,Not applicable,MEAN,Mean,_T,Total,2009,,13.3975026,,,,A,Normal value,0,Units,1,One
DATAFLOW,OECD.ELS.SAE:DSD_EARNINGS@GENDER_WAGE_GAP(1.1),Gender wage gap,I,NOR,Norway,GWP,Gender wage gap,PT_WG_SAL_M_D,Percentage of wages of men in the same decile,_Z,Not applicable,_Z,Not applicable,MEAN,Mean,_T,Total,2010,,12.82243927,,,,A,Normal value,0,Units,1,One
DATAFLOW,OECD.ELS.SAE:DSD_EARNINGS@GENDER_WAGE_GAP(1.1),Gender wage gap,I,NOR,Norway,GWP,Gender wage gap,PT_WG_SAL_M_D,Percentage of wages of men in the same decile,_Z,Not applicable,_Z,Not applicable,MEAN,Mean,_T,Total,2011,,12.69573597,,,,A,Normal value,0,Units,1,One
DATAFLOW,OECD.ELS.SAE:DSD_EARNINGS@GENDER_WAGE_GAP(1.1),Gender wage gap,I,NOR,Norway,GWP,Gender wage gap,PT_WG_SAL_M_D,Percentage of wages of men in the same decile,_Z,Not applicable,_Z,Not applicable,MEAN,Mean,_T,Total,2012,,11.70014012,,,,A,Normal value,0,Units,1,One
DATAFLOW,OECD.ELS.SAE:DSD_EARNINGS@GENDER_WAGE_GAP(1.1),Gender wage gap,I,NOR,Norway,GWP,Gender wage gap,PT_WG_SAL_M_D,Percentage of wages of men in the same decile,_Z,Not applicable,_Z,Not applicable,MEAN,Mean,_T,Total,2013,,12.05035971,,,,A,Normal value,0,Units,1,One
DATAFLOW,OECD.ELS.SAE:DSD_EARNINGS@GENDER_WAGE_GAP(1.1),Gender wage gap,I,NOR,Norway,GWP,Gender wage gap,PT_WG_SAL_M_D,Percentage of wages of men in the same decile,_Z,Not applicable,_Z,Not applicable,MEAN,Mean,_T,Total,2014,,11.52920586,,,,A,Normal value,0,Units,1,One
DATAFLOW,OECD.ELS.SAE:DSD_EARNINGS@GENDER_WAGE_GAP(1.1),Gender wage gap,I,NOR,Norway,GWP,Gender wage gap,PT_WG_SAL_M_D,Percentage of wages of men in the same decile,_Z,Not applicable,_Z,Not applicable,MEAN,Mean,_T,Total,2015,,13.04806071,,,,A,Normal value,0,Units,1,One
DATAFLOW,OECD.ELS.SAE:DSD_EARNINGS@GENDER_WAGE_GAP(1.1),Gender wage gap,I,NOR,Norway,GWP,Gender wage gap,PT_WG_SAL_M_D,Percentage of wages of men in the same decile,_Z,Not applicable,_Z,Not applicable,MEAN,Mean,_T,Total,2016,,12.28033473,,,,A,Normal value,0,Units,1,One
DATAFLOW,OECD.ELS.SAE:DSD_EARNINGS@GENDER_WAGE_GAP(1.1),Gender wage gap,I,NOR,Norway,GWP,Gender wage gap,PT_WG_SAL_M_D,Percentage of wages of men in the same decile,_Z,Not applicable,_Z,Not applicable,MEAN,Mean,_T,Total,2017,,11.44739551,,,,A,Normal value,0,Units,1,One
DATAFLOW,OECD.ELS.SAE:DSD_EARNINGS@GENDER_WAGE_GAP(1.1),Gender wage gap,I,NOR,Norway,GWP,Gender wage gap,PT_WG_SAL_M_D,Percentage of wages of men in the same decile,_Z,Not applicable,_Z,Not applicable,MEAN,Mean,_T,Total,2018,,10.91091091,,,,A,Normal value,0,Units,1,One
DATAFLOW,OECD.ELS.SAE:DSD_EARNINGS@GENDER_WAGE_GAP(1.1),Gender wage gap,I,NOR,Norway,GWP,Gender wage gap,PT_WG_SAL_M_D,Percentage of wages of men in the same decile,_Z,Not applicable,_Z,Not applicable,MEAN,Mean,_T,Total,2019,,10.61895551,,,,A,Normal value,0,Units,1,One
DATAFLOW,OECD.ELS.SAE:DSD_EARNINGS@GENDER_WAGE_GAP(1.1),Gender wage gap,I,NOR,Norway,GWP,Gender wage gap,PT_WG_SAL_M_D,Percentage of wages of men in the same decile,_Z,Not applicable,_Z,Not applicable,MEAN,Mean,_T,Total,2020,,10.71023801,,,,A,Normal value,0,Units,1,One
DATAFLOW,OECD.ELS.SAE:DSD_EARNINGS@GENDER_WAGE_GAP(1.1),Gender wage gap,I,NOR,Norway,GWP,Gender wage gap,PT_WG_SAL_M_D,Percentage of wages of men in the same decile,_Z,Not applicable,_Z,Not applicable,MEAN,Mean,_T,Total,2021,,10.36044195,,,,A,Normal value,0,Units,1,One
DATAFLOW,OECD.ELS.SAE:DSD_EARNINGS@GENDER_WAGE_GAP(1.1),Gender wage gap,I,NOR,Norway,GWP,Gender wage gap,PT_WG_SAL_M_D,Percentage of wages of men in the same decile,_Z,Not applicable,_Z,Not applicable,MEAN,Mean,_T,Total,2022,,10.53086633,,,,A,Normal value,0,Units,1,One
DATAFLOW,OECD.ELS.SAE:DSD_EARNINGS@GENDER_WAGE_GAP(1.1),Gender wage gap,I,NOR,Norway,GWP,Gender wage gap,PT_WG_SAL_M_D,Percentage of wages of men in the same decile,_Z,Not applicable,_Z,Not applicable,MEAN,Mean,_T,Total,2023,,9.772466852,,,,A,Normal value,0,Units,1,One
DATAFLOW,OECD.ELS.SAE:DSD_EARNINGS@GENDER_WAGE_GAP(1.1),Gender wage gap,I,NOR,Norway,GWP,Gender wage gap,PT_WG_SAL_M_D,Percentage of wages of men in the same decile,_Z,Not applicable,_Z,Not applicable,MEAN,Mean,_T,Total,2024,,9.959602237,,,,A,Normal value,0,Units,1,One
DATAFLOW,OECD.ELS.SAE:DSD_EARNINGS@GENDER_WAGE_GAP(1.1),Gender wage gap,I,POL,Poland,GWP,Gender wage gap,PT_WG_SAL_M_D,Percentage of wages of men in the same decile,_Z,Not applicable,_Z,Not applicable,MEAN,Mean,_T,Total,1995,,23.67354303,,,,A,Normal value,0,Units,1,One
DATAFLOW,OECD.ELS.SAE:DSD_EARNINGS@GENDER_WAGE_GAP(1.1),Gender wage gap,I,POL,Poland,GWP,Gender wage gap,PT_WG_SAL_M_D,Percentage of wages of men in the same decile,_Z,Not applicable,_Z,Not applicable,MEAN,Mean,_T,Total,1996,,20.78112079,,,,A,Normal value,0,Units,1,One
DATAFLOW,OECD.ELS.SAE:DSD_EARNINGS@GENDER_WAGE_GAP(1.1),Gender wage gap,I,POL,Poland,GWP,Gender wage gap,PT_WG_SAL_M_D,Percentage of wages of men in the same decile,_Z,Not applicable,_Z,Not applicable,MEAN,Mean,_T,Total,1998,,19.35080889,,,,A,Normal value,0,Units,1,One
DATAFLOW,OECD.ELS.SAE:DSD_EARNINGS@GENDER_WAGE_GAP(1.1),Gender wage gap,I,POL,Poland,GWP,Gender wage gap,PT_WG_SAL_M_D,Percentage of wages of men in the same decile,_Z,Not applicable,_Z,Not applicable,MEAN,Mean,_T,Total,1999,,20.04138769,,,,A,Normal value,0,Units,1,One
DATAFLOW,OECD.ELS.SAE:DSD_EARNINGS@GENDER_WAGE_GAP(1.1),Gender wage gap,I,POL,Poland,GWP,Gender wage gap,PT_WG_SAL_M_D,Percentage of wages of men in the same decile,_Z,Not applicable,_Z,Not applicable,MEAN,Mean,_T,Total,2001,,18.15518079,,,,A,Normal value,0,Units,1,One
DATAFLOW,OECD.ELS.SAE:DSD_EARNINGS@GENDER_WAGE_GAP(1.1),Gender wage gap,I,POL,Poland,GWP,Gender wage gap,PT_WG_SAL_M_D,Percentage of wages of men in the same decile,_Z,Not applicable,_Z,Not applicable,MEAN,Mean,_T,Total,2002,,16.87463918,,,,A,Normal value,0,Units,1,One
DATAFLOW,OECD.ELS.SAE:DSD_EARNINGS@GENDER_WAGE_GAP(1.1),Gender wage gap,I,POL,Poland,GWP,Gender wage gap,PT_WG_SAL_M_D,Percentage of wages of men in the same decile,_Z,Not applicable,_Z,Not applicable,MEAN,Mean,_T,Total,2004,,16.37865331,,,,A,Normal value,0,Units,1,One
DATAFLOW,OECD.ELS.SAE:DSD_EARNINGS@GENDER_WAGE_GAP(1.1),Gender wage gap,I,POL,Poland,GWP,Gender wage gap,PT_WG_SAL_M_D,Percentage of wages of men in the same decile,_Z,Not applicable,_Z,Not applicable,MEAN,Mean,_T,Total,2006,,17.83943134,,,,A,Normal value,0,Units,1,One
DATAFLOW,OECD.ELS.SAE:DSD_EARNINGS@GENDER_WAGE_GAP(1.1),Gender wage gap,I,POL,Poland,GWP,Gender wage gap,PT_WG_SAL_M_D,Percentage of wages of men in the same decile,_Z,Not applicable,_Z,Not applicable,MEAN,Mean,_T,Total,2008,,18.67627711,,,,A,Normal value,0,Units,1,One
DATAFLOW,OECD.ELS.SAE:DSD_EARNINGS@GENDER_WAGE_GAP(1.1),Gender wage gap,I,POL,Poland,GWP,Gender wage gap,PT_WG_SAL_M_D,Percentage of wages of men in the same decile,_Z,Not applicable,_Z,Not applicable,MEAN,Mean,_T,Total,2010,,15.02376211,,,,A,Normal value,0,Units,1,One
DATAFLOW,OECD.ELS.SAE:DSD_EARNINGS@GENDER_WAGE_GAP(1.1),Gender wage gap,I,POL,Poland,GWP,Gender wage gap,PT_WG_SAL_M_D,Percentage of wages of men in the same decile,_Z,Not applicable,_Z,Not applicable,MEAN,Mean,_T,Total,2012,,16.68722081,,,,A,Normal value,0,Units,1,One
DATAFLOW,OECD.ELS.SAE:DSD_EARNINGS@GENDER_WAGE_GAP(1.1),Gender wage gap,I,POL,Poland,GWP,Gender wage gap,PT_WG_SAL_M_D,Percentage of wages of men in the same decile,_Z,Not applicable,_Z,Not applicable,MEAN,Mean,_T,Total,2014,,17.05092877,,,,A,Normal value,0,Units,1,One
DATAFLOW,OECD.ELS.SAE:DSD_EARNINGS@GENDER_WAGE_GAP(1.1),Gender wage gap,I,POL,Poland,GWP,Gender wage gap,PT_WG_SAL_M_D,Percentage of wages of men in the same decile,_Z,Not applicable,_Z,Not applicable,MEAN,Mean,_T,Total,2016,,15.60896203,,,,A,Normal value,0,Units,1,One
DATAFLOW,OECD.ELS.SAE:DSD_EARNINGS@GENDER_WAGE_GAP(1.1),Gender wage gap,I,POL,Poland,GWP,Gender wage gap,PT_WG_SAL_M_D,Percentage of wages of men in the same decile,_Z,Not applicable,_Z,Not applicable,MEAN,Mean,_T,Total,2018,,24.73436089,,,,A,Normal value,0,Units,1,One
DATAFLOW,OECD.ELS.SAE:DSD_EARNINGS@GENDER_WAGE_GAP(1.1),Gender wage gap,I,POL,Poland,GWP,Gender wage gap,PT_WG_SAL_M_D,Percentage of wages of men in the same decile,_Z,Not applicable,_Z,Not applicable,MEAN,Mean,_T,Total,2020,,12.78280174,,,,A,Normal value,0,Units,1,One
DATAFLOW,OECD.ELS.SAE:DSD_EARNINGS@GENDER_WAGE_GAP(1.1),Gender wage gap,I,POL,Poland,GWP,Gender wage gap,PT_WG_SAL_M_D,Percentage of wages of men in the same decile,_Z,Not applicable,_Z,Not applicable,MEAN,Mean,_T,Total,2022,,14.92986741,,,,A,Normal value,0,Units,1,One
DATAFLOW,OECD.ELS.SAE:DSD_EARNINGS@GENDER_WAGE_GAP(1.1),Gender wage gap,I,POL,Poland,GWP,Gender wage gap,PT_WG_SAL_M_D,Percentage of wages of men in the same decile,_Z,Not applicable,_Z,Not applicable,MEAN,Mean,_T,Total,2023,,17.3603569,,,,A,Normal value,0,Units,1,One
DATAFLOW,OECD.ELS.SAE:DSD_EARNINGS@GENDER_WAGE_GAP(1.1),Gender wage gap,I,PRT,Portugal,GWP,Gender wage gap,PT_WG_SAL_M_D,Percentage of wages of men in the same decile,_Z,Not applicable,_Z,Not applicable,MEAN,Mean,_T,Total,2002,,21.38754866,,,,A,Normal value,0,Units,1,One
DATAFLOW,OECD.ELS.SAE:DSD_EARNINGS@GENDER_WAGE_GAP(1.1),Gender wage gap,I,PRT,Portugal,GWP,Gender wage gap,PT_WG_SAL_M_D,Percentage of wages of men in the same decile,_Z,Not applicable,_Z,Not applicable,MEAN,Mean,_T,Total,2006,,11.48833251,,,,A,Normal value,0,Units,1,One
DATAFLOW,OECD.ELS.SAE:DSD_EARNINGS@GENDER_WAGE_GAP(1.1),Gender wage gap,I,PRT,Portugal,GWP,Gender wage gap,PT_WG_SAL_M_D,Percentage of wages of men in the same decile,_Z,Not applicable,_Z,Not applicable,MEAN,Mean,_T,Total,2010,,13.73516094,,,,A,Normal value,0,Units,1,One
DATAFLOW,OECD.ELS.SAE:DSD_EARNINGS@GENDER_WAGE_GAP(1.1),Gender wage gap,I,PRT,Portugal,GWP,Gender wage gap,PT_WG_SAL_M_D,Percentage of wages of men in the same decile,_Z,Not applicable,_Z,Not applicable,MEAN,Mean,_T,Total,2014,,15.11411798,,,,A,Normal value,0,Units,1,One
DATAFLOW,OECD.ELS.SAE:DSD_EARNINGS@GENDER_WAGE_GAP(1.1),Gender wage gap,I,PRT,Portugal,GWP,Gender wage gap,PT_WG_SAL_M_D,Percentage of wages of men in the same decile,_Z,Not applicable,_Z,Not applicable,MEAN,Mean,_T,Total,2018,,10.9078357,,,,A,Normal value,0,Units,1,One
DATAFLOW,OECD.ELS.SAE:DSD_EARNINGS@GENDER_WAGE_GAP(1.1),Gender wage gap,I,PRT,Portugal,GWP,Gender wage gap,PT_WG_SAL_M_D,Percentage of wages of men in the same decile,_Z,Not applicable,_Z,Not applicable,MEAN,Mean,_T,Total,2022,,8.390569453,,,,A,Normal value,0,Units,1,One
DATAFLOW,OECD.ELS.SAE:DSD_EARNINGS@GENDER_WAGE_GAP(1.1),Gender wage gap,I,PRT,Portugal,GWP,Gender wage gap,PT_WG_SAL_M_D,Percentage of wages of men in the same decile,_Z,Not applicable,_Z,Not applicable,MEAN,Mean,_T,Total,2023,,9.347191552,,,,A,Normal value,0,Units,1,One
DATAFLOW,OECD.ELS.SAE:DSD_EARNINGS@GENDER_WAGE_GAP(1.1),Gender wage gap,I,SVK,Slovak Republic,GWP,Gender wage gap,PT_WG_SAL_M_D,Percentage of wages of men in the same decile,_Z,Not applicable,_Z,Not applicable,MEAN,Mean,_T,Total,2002,,27.17937898,,,,A,Normal value,0,Units,1,One
DATAFLOW,OECD.ELS.SAE:DSD_EARNINGS@GENDER_WAGE_GAP(1.1),Gender wage gap,I,SVK,Slovak Republic,GWP,Gender wage gap,PT_WG_SAL_M_D,Percentage of wages of men in the same decile,_Z,Not applicable,_Z,Not applicable,MEAN,Mean,_T,Total,2003,,25.84141088,,,,A,Normal value,0,Units,1,One
DATAFLOW,OECD.ELS.SAE:DSD_EARNINGS@GENDER_WAGE_GAP(1.1),Gender wage gap,I,SVK,Slovak Republic,GWP,Gender wage gap,PT_WG_SAL_M_D,Percentage of wages of men in the same decile,_Z,Not applicable,_Z,Not applicable,MEAN,Mean,_T,Total,2004,,26.14048225,,,,A,Normal value,0,Units,1,One
DATAFLOW,OECD.ELS.SAE:DSD_EARNINGS@GENDER_WAGE_GAP(1.1),Gender wage gap,I,SVK,Slovak Republic,GWP,Gender wage gap,PT_WG_SAL_M_D,Percentage of wages of men in the same decile,_Z,Not applicable,_Z,Not applicable,MEAN,Mean,_T,Total,2005,,26.90618763,,,,A,Normal value,0,Units,1,One
DATAFLOW,OECD.ELS.SAE:DSD_EARNINGS@GENDER_WAGE_GAP(1.1),Gender wage gap,I,SVK,Slovak Republic,GWP,Gender wage gap,PT_WG_SAL_M_D,Percentage of wages of men in the same decile,_Z,Not applicable,_Z,Not applicable,MEAN,Mean,_T,Total,2006,,24.98694722,,,,A,Normal value,0,Units,1,One
DATAFLOW,OECD.ELS.SAE:DSD_EARNINGS@GENDER_WAGE_GAP(1.1),Gender wage gap,I,SVK,Slovak Republic,GWP,Gender wage gap,PT_WG_SAL_M_D,Percentage of wages of men in the same decile,_Z,Not applicable,_Z,Not applicable,MEAN,Mean,_T,Total,2007,,23.99636346,,,,A,Normal value,0,Units,1,One
DATAFLOW,OECD.ELS.SAE:DSD_EARNINGS@GENDER_WAGE_GAP(1.1),Gender wage gap,I,SVK,Slovak Republic,GWP,Gender wage gap,PT_WG_SAL_M_D,Percentage of wages of men in the same decile,_Z,Not applicable,_Z,Not applicable,MEAN,Mean,_T,Total,2008,,22.18931592,,,,A,Normal value,0,Units,1,One
DATAFLOW,OECD.ELS.SAE:DSD_EARNINGS@GENDER_WAGE_GAP(1.1),Gender wage gap,I,SVK,Slovak Republic,GWP,Gender wage gap,PT_WG_SAL_M_D,Percentage of wages of men in the same decile,_Z,Not applicable,_Z,Not applicable,MEAN,Mean,_T,Total,2009,,23.47068979,,,,A,Normal value,0,Units,1,One
DATAFLOW,OECD.ELS.SAE:DSD_EARNINGS@GENDER_WAGE_GAP(1.1),Gender wage gap,I,SVK,Slovak Republic,GWP,Gender wage gap,PT_WG_SAL_M_D,Percentage of wages of men in the same decile,_Z,Not applicable,_Z,Not applicable,MEAN,Mean,_T,Total,2010,,22.63759086,,,,A,Normal value,0,Units,1,One
DATAFLOW,OECD.ELS.SAE:DSD_EARNINGS@GENDER_WAGE_GAP(1.1),Gender wage gap,I,SVK,Slovak Republic,GWP,Gender wage gap,PT_WG_SAL_M_D,Percentage of wages of men in the same decile,_Z,Not applicable,_Z,Not applicable,MEAN,Mean,_T,Total,2011,,22.36842105,,,,A,Normal value,0,Units,1,One
DATAFLOW,OECD.ELS.SAE:DSD_EARNINGS@GENDER_WAGE_GAP(1.1),Gender wage gap,I,SVK,Slovak Republic,GWP,Gender wage gap,PT_WG_SAL_M_D,Percentage of wages of men in the same decile,_Z,Not applicable,_Z,Not applicable,MEAN,Mean,_T,Total,2012,,22.25275694,,,,A,Normal value,0,Units,1,One
DATAFLOW,OECD.ELS.SAE:DSD_EARNINGS@GENDER_WAGE_GAP(1.1),Gender wage gap,I,SVK,Slovak Republic,GWP,Gender wage gap,PT_WG_SAL_M_D,Percentage of wages of men in the same decile,_Z,Not applicable,_Z,Not applicable,MEAN,Mean,_T,Total,2013,,20.7427836,,,,A,Normal value,0,Units,1,One
DATAFLOW,OECD.ELS.SAE:DSD_EARNINGS@GENDER_WAGE_GAP(1.1),Gender wage gap,I,SVK,Slovak Republic,GWP,Gender wage gap,PT_WG_SAL_M_D,Percentage of wages of men in the same decile,_Z,Not applicable,_Z,Not applicable,MEAN,Mean,_T,Total,2014,,21.38524961,,,,A,Normal value,0,Units,1,One
DATAFLOW,OECD.ELS.SAE:DSD_EARNINGS@GENDER_WAGE_GAP(1.1),Gender wage gap,I,SVK,Slovak Republic,GWP,Gender wage gap,PT_WG_SAL_M_D,Percentage of wages of men in the same decile,_Z,Not applicable,_Z,Not applicable,MEAN,Mean,_T,Total,2015,,20.64511416,,,,A,Normal value,0,Units,1,One
DATAFLOW,OECD.ELS.SAE:DSD_EARNINGS@GENDER_WAGE_GAP(1.1),Gender wage gap,I,SVK,Slovak Republic,GWP,Gender wage gap,PT_WG_SAL_M_D,Percentage of wages of men in the same decile,_Z,Not applicable,_Z,Not applicable,MEAN,Mean,_T,Total,2016,,20.57530081,,,,A,Normal value,0,Units,1,One
DATAFLOW,OECD.ELS.SAE:DSD_EARNINGS@GENDER_WAGE_GAP(1.1),Gender wage gap,I,SVK,Slovak Republic,GWP,Gender wage gap,PT_WG_SAL_M_D,Percentage of wages of men in the same decile,_Z,Not applicable,_Z,Not applicable,MEAN,Mean,_T,Total,2017,,20.61024894,,,,A,Normal value,0,Units,1,One
DATAFLOW,OECD.ELS.SAE:DSD_EARNINGS@GENDER_WAGE_GAP(1.1),Gender wage gap,I,SVK,Slovak Republic,GWP,Gender wage gap,PT_WG_SAL_M_D,Percentage of wages of men in the same decile,_Z,Not applicable,_Z,Not applicable,MEAN,Mean,_T,Total,2018,,20.78017548,,,,A,Normal value,0,Units,1,One
DATAFLOW,OECD.ELS.SAE:DSD_EARNINGS@GENDER_WAGE_GAP(1.1),Gender wage gap,I,SVK,Slovak Republic,GWP,Gender wage gap,PT_WG_SAL_M_D,Percentage of wages of men in the same decile,_Z,Not applicable,_Z,Not applicable,MEAN,Mean,_T,Total,2019,,18.91264205,,,,A,Normal value,0,Units,1,One
DATAFLOW,OECD.ELS.SAE:DSD_EARNINGS@GENDER_WAGE_GAP(1.1),Gender wage gap,I,SVK,Slovak Republic,GWP,Gender wage gap,PT_WG_SAL_M_D,Percentage of wages of men in the same decile,_Z,Not applicable,_Z,Not applicable,MEAN,Mean,_T,Total,2020,,16.6986841,,,,A,Normal value,0,Units,1,One
DATAFLOW,OECD.ELS.SAE:DSD_EARNINGS@GENDER_WAGE_GAP(1.1),Gender wage gap,I,SVK,Slovak Republic,GWP,Gender wage gap,PT_WG_SAL_M_D,Percentage of wages of men in the same decile,_Z,Not applicable,_Z,Not applicable,MEAN,Mean,_T,Total,2021,,15.6923869,,,,A,Normal value,0,Units,1,One
DATAFLOW,OECD.ELS.SAE:DSD_EARNINGS@GENDER_WAGE_GAP(1.1),Gender wage gap,I,SVK,Slovak Republic,GWP,Gender wage gap,PT_WG_SAL_M_D,Percentage of wages of men in the same decile,_Z,Not applicable,_Z,Not applicable,MEAN,Mean,_T,Total,2022,,17.31406119,,,,A,Normal value,0,Units,1,One
DATAFLOW,OECD.ELS.SAE:DSD_EARNINGS@GENDER_WAGE_GAP(1.1),Gender wage gap,I,SVK,Slovak Republic,GWP,Gender wage gap,PT_WG_SAL_M_D,Percentage of wages of men in the same decile,_Z,Not applicable,_Z,Not applicable,MEAN,Mean,_T,Total,2023,,15.99106148,,,,A,Normal value,0,Units,1,One
DATAFLOW,OECD.ELS.SAE:DSD_EARNINGS@GENDER_WAGE_GAP(1.1),Gender wage gap,I,SVN,Slovenia,GWP,Gender wage gap,PT_WG_SAL_M_D,Percentage of wages of men in the same decile,_Z,Not applicable,_Z,Not applicable,MEAN,Mean,_T,Total,2002,,8.679087541,,,,A,Normal value,0,Units,1,One
DATAFLOW,OECD.ELS.SAE:DSD_EARNINGS@GENDER_WAGE_GAP(1.1),Gender wage gap,I,SVN,Slovenia,GWP,Gender wage gap,PT_WG_SAL_M_D,Percentage of wages of men in the same decile,_Z,Not applicable,_Z,Not applicable,MEAN,Mean,_T,Total,2006,,8.035219813,,,,A,Normal value,0,Units,1,One
DATAFLOW,OECD.ELS.SAE:DSD_EARNINGS@GENDER_WAGE_GAP(1.1),Gender wage gap,I,SVN,Slovenia,GWP,Gender wage gap,PT_WG_SAL_M_D,Percentage of wages of men in the same decile,_Z,Not applicable,_Z,Not applicable,MEAN,Mean,_T,Total,2010,,4.470873111,,,,A,Normal value,0,Units,1,One
DATAFLOW,OECD.ELS.SAE:DSD_EARNINGS@GENDER_WAGE_GAP(1.1),Gender wage gap,I,SVN,Slovenia,GWP,Gender wage gap,PT_WG_SAL_M_D,Percentage of wages of men in the same decile,_Z,Not applicable,_Z,Not applicable,MEAN,Mean,_T,Total,2014,,8.025727609,,,,A,Normal value,0,Units,1,One
DATAFLOW,OECD.ELS.SAE:DSD_EARNINGS@GENDER_WAGE_GAP(1.1),Gender wage gap,I,SVN,Slovenia,GWP,Gender wage gap,PT_WG_SAL_M_D,Percentage of wages of men in the same decile,_Z,Not applicable,_Z,Not applicable,MEAN,Mean,_T,Total,2018,,10.66355695,,,,A,Normal value,0,Units,1,One
DATAFLOW,OECD.ELS.SAE:DSD_EARNINGS@GENDER_WAGE_GAP(1.1),Gender wage gap,I,SVN,Slovenia,GWP,Gender wage gap,PT_WG_SAL_M_D,Percentage of wages of men in the same decile,_Z,Not applicable,_Z,Not applicable,MEAN,Mean,_T,Total,2022,,7.914861179,,,,A,Normal value,0,Units,1,One
DATAFLOW,OECD.ELS.SAE:DSD_EARNINGS@GENDER_WAGE_GAP(1.1),Gender wage gap,I,SVN,Slovenia,GWP,Gender wage gap,PT_WG_SAL_M_D,Percentage of wages of men in the same decile,_Z,Not applicable,_Z,Not applicable,MEAN,Mean,_T,Total,2023,,9.339293146,,,,A,Normal value,0,Units,1,One
DATAFLOW,OECD.ELS.SAE:DSD_EARNINGS@GENDER_WAGE_GAP(1.1),Gender wage gap,I,ESP,Spain,GWP,Gender wage gap,PT_WG_SAL_M_D,Percentage of wages of men in the same decile,_Z,Not applicable,_Z,Not applicable,MEAN,Mean,_T,Total,2002,,19.70290551,,,,A,Normal value,0,Units,1,One
DATAFLOW,OECD.ELS.SAE:DSD_EARNINGS@GENDER_WAGE_GAP(1.1),Gender wage gap,I,ESP,Spain,GWP,Gender wage gap,PT_WG_SAL_M_D,Percentage of wages of men in the same decile,_Z,Not applicable,_Z,Not applicable,MEAN,Mean,_T,Total,2006,,17.0628186,,,,A,Normal value,0,Units,1,One
DATAFLOW,OECD.ELS.SAE:DSD_EARNINGS@GENDER_WAGE_GAP(1.1),Gender wage gap,I,ESP,Spain,GWP,Gender wage gap,PT_WG_SAL_M_D,Percentage of wages of men in the same decile,_Z,Not applicable,_Z,Not applicable,MEAN,Mean,_T,Total,2010,,13.20752086,,,,A,Normal value,0,Units,1,One
DATAFLOW,OECD.ELS.SAE:DSD_EARNINGS@GENDER_WAGE_GAP(1.1),Gender wage gap,I,ESP,Spain,GWP,Gender wage gap,PT_WG_SAL_M_D,Percentage of wages of men in the same decile,_Z,Not applicable,_Z,Not applicable,MEAN,Mean,_T,Total,2014,,12.19953988,,,,A,Normal value,0,Units,1,One
DATAFLOW,OECD.ELS.SAE:DSD_EARNINGS@GENDER_WAGE_GAP(1.1),Gender wage gap,I,ESP,Spain,GWP,Gender wage gap,PT_WG_SAL_M_D,Percentage of wages of men in the same decile,_Z,Not applicable,_Z,Not applicable,MEAN,Mean,_T,Total,2018,,9.217011964,,,,A,Normal value,0,Units,1,One
DATAFLOW,OECD.ELS.SAE:DSD_EARNINGS@GENDER_WAGE_GAP(1.1),Gender wage gap,I,ESP,Spain,GWP,Gender wage gap,PT_WG_SAL_M_D,Percentage of wages of men in the same decile,_Z,Not applicable,_Z,Not applicable,MEAN,Mean,_T,Total,2022,,6.2184055,,,,A,Normal value,0,Units,1,One
DATAFLOW,OECD.ELS.SAE:DSD_EARNINGS@GENDER_WAGE_GAP(1.1),Gender wage gap,I,ESP,Spain,GWP,Gender wage gap,PT_WG_SAL_M_D,Percentage of wages of men in the same decile,_Z,Not applicable,_Z,Not applicable,MEAN,Mean,_T,Total,2023,,6.718866264,,,,A,Normal value,0,Units,1,One
DATAFLOW,OECD.ELS.SAE:DSD_EARNINGS@GENDER_WAGE_GAP(1.1),Gender wage gap,I,SWE,Sweden,GWP,Gender wage gap,PT_WG_SAL_M_D,Percentage of wages of men in the same decile,_Z,Not applicable,_Z,Not applicable,MEAN,Mean,_T,Total,1992,,16.25,,,,A,Normal value,0,Units,1,One
DATAFLOW,OECD.ELS.SAE:DSD_EARNINGS@GENDER_WAGE_GAP(1.1),Gender wage gap,I,SWE,Sweden,GWP,Gender wage gap,PT_WG_SAL_M_D,Percentage of wages of men in the same decile,_Z,Not applicable,_Z,Not applicable,MEAN,Mean,_T,Total,1993,,16.46341463,,,,A,Normal value,0,Units,1,One
DATAFLOW,OECD.ELS.SAE:DSD_EARNINGS@GENDER_WAGE_GAP(1.1),Gender wage gap,I,SWE,Sweden,GWP,Gender wage gap,PT_WG_SAL_M_D,Percentage of wages of men in the same decile,_Z,Not applicable,_Z,Not applicable,MEAN,Mean,_T,Total,1994,,15.88235294,,,,A,Normal value,0,Units,1,One
DATAFLOW,OECD.ELS.SAE:DSD_EARNINGS@GENDER_WAGE_GAP(1.1),Gender wage gap,I,SWE,Sweden,GWP,Gender wage gap,PT_WG_SAL_M_D,Percentage of wages of men in the same decile,_Z,Not applicable,_Z,Not applicable,MEAN,Mean,_T,Total,1995,,15.02890173,,,,A,Normal value,0,Units,1,One
DATAFLOW,OECD.ELS.SAE:DSD_EARNINGS@GENDER_WAGE_GAP(1.1),Gender wage gap,I,SWE,Sweden,GWP,Gender wage gap,PT_WG_SAL_M_D,Percentage of wages of men in the same decile,_Z,Not applicable,_Z,Not applicable,MEAN,Mean,_T,Total,1996,,16.66666667,,,,A,Normal value,0,Units,1,One
DATAFLOW,OECD.ELS.SAE:DSD_EARNINGS@GENDER_WAGE_GAP(1.1),Gender wage gap,I,SWE,Sweden,GWP,Gender wage gap,PT_WG_SAL_M_D,Percentage of wages of men in the same decile,_Z,Not applicable,_Z,Not applicable,MEAN,Mean,_T,Total,1997,,17.34693878,,,,A,Normal value,0,Units,1,One
DATAFLOW,OECD.ELS.SAE:DSD_EARNINGS@GENDER_WAGE_GAP(1.1),Gender wage gap,I,SWE,Sweden,GWP,Gender wage gap,PT_WG_SAL_M_D,Percentage of wages of men in the same decile,_Z,Not applicable,_Z,Not applicable,MEAN,Mean,_T,Total,1998,,18.1372549,,,,A,Normal value,0,Units,1,One
DATAFLOW,OECD.ELS.SAE:DSD_EARNINGS@GENDER_WAGE_GAP(1.1),Gender wage gap,I,SWE,Sweden,GWP,Gender wage gap,PT_WG_SAL_M_D,Percentage of wages of men in the same decile,_Z,Not applicable,_Z,Not applicable,MEAN,Mean,_T,Total,1999,,16.98113208,,,,A,Normal value,0,Units,1,One
DATAFLOW,OECD.ELS.SAE:DSD_EARNINGS@GENDER_WAGE_GAP(1.1),Gender wage gap,I,SWE,Sweden,GWP,Gender wage gap,PT_WG_SAL_M_D,Percentage of wages of men in the same decile,_Z,Not applicable,_Z,Not applicable,MEAN,Mean,_T,Total,2000,,17.56756757,,,,A,Normal value,0,Units,1,One
DATAFLOW,OECD.ELS.SAE:DSD_EARNINGS@GENDER_WAGE_GAP(1.1),Gender wage gap,I,SWE,Sweden,GWP,Gender wage gap,PT_WG_SAL_M_D,Percentage of wages of men in the same decile,_Z,Not applicable,_Z,Not applicable,MEAN,Mean,_T,Total,2001,,17.59656652,,,,A,Normal value,0,Units,1,One
DATAFLOW,OECD.ELS.SAE:DSD_EARNINGS@GENDER_WAGE_GAP(1.1),Gender wage gap,I,SWE,Sweden,GWP,Gender wage gap,PT_WG_SAL_M_D,Percentage of wages of men in the same decile,_Z,Not applicable,_Z,Not applicable,MEAN,Mean,_T,Total,2002,,17.01244813,,,,A,Normal value,0,Units,1,One
DATAFLOW,OECD.ELS.SAE:DSD_EARNINGS@GENDER_WAGE_GAP(1.1),Gender wage gap,I,SWE,Sweden,GWP,Gender wage gap,PT_WG_SAL_M_D,Percentage of wages of men in the same decile,_Z,Not applicable,_Z,Not applicable,MEAN,Mean,_T,Total,2003,,16.53225807,,,,A,Normal value,0,Units,1,One
DATAFLOW,OECD.ELS.SAE:DSD_EARNINGS@GENDER_WAGE_GAP(1.1),Gender wage gap,I,SWE,Sweden,GWP,Gender wage gap,PT_WG_SAL_M_D,Percentage of wages of men in the same decile,_Z,Not applicable,_Z,Not applicable,MEAN,Mean,_T,Total,2004,,16.34241245,,,,A,Normal value,0,Units,1,One
DATAFLOW,OECD.ELS.SAE:DSD_EARNINGS@GENDER_WAGE_GAP(1.1),Gender wage gap,I,SWE,Sweden,GWP,Gender wage gap,PT_WG_SAL_M_D,Percentage of wages of men in the same decile,_Z,Not applicable,_Z,Not applicable,MEAN,Mean,_T,Total,2005,,16.28787879,,,,A,Normal value,0,Units,1,One
DATAFLOW,OECD.ELS.SAE:DSD_EARNINGS@GENDER_WAGE_GAP(1.1),Gender wage gap,I,SWE,Sweden,GWP,Gender wage gap,PT_WG_SAL_M_D,Percentage of wages of men in the same decile,_Z,Not applicable,_Z,Not applicable,MEAN,Mean,_T,Total,2006,,15.86715867,,,,A,Normal value,0,Units,1,One
DATAFLOW,OECD.ELS.SAE:DSD_EARNINGS@GENDER_WAGE_GAP(1.1),Gender wage gap,I,SWE,Sweden,GWP,Gender wage gap,PT_WG_SAL_M_D,Percentage of wages of men in the same decile,_Z,Not applicable,_Z,Not applicable,MEAN,Mean,_T,Total,2007,,16.07142857,,,,A,Normal value,0,Units,1,One
DATAFLOW,OECD.ELS.SAE:DSD_EARNINGS@GENDER_WAGE_GAP(1.1),Gender wage gap,I,SWE,Sweden,GWP,Gender wage gap,PT_WG_SAL_M_D,Percentage of wages of men in the same decile,_Z,Not applicable,_Z,Not applicable,MEAN,Mean,_T,Total,2008,,15.98639456,,,,A,Normal value,0,Units,1,One
DATAFLOW,OECD.ELS.SAE:DSD_EARNINGS@GENDER_WAGE_GAP(1.1),Gender wage gap,I,SWE,Sweden,GWP,Gender wage gap,PT_WG_SAL_M_D,Percentage of wages of men in the same decile,_Z,Not applicable,_Z,Not applicable,MEAN,Mean,_T,Total,2009,,14.6179402,,,,A,Normal value,0,Units,1,One
DATAFLOW,OECD.ELS.SAE:DSD_EARNINGS@GENDER_WAGE_GAP(1.1),Gender wage gap,I,SWE,Sweden,GWP,Gender wage gap,PT_WG_SAL_M_D,Percentage of wages of men in the same decile,_Z,Not applicable,_Z,Not applicable,MEAN,Mean,_T,Total,2010,,14.37908497,,,,A,Normal value,0,Units,1,One
DATAFLOW,OECD.ELS.SAE:DSD_EARNINGS@GENDER_WAGE_GAP(1.1),Gender wage gap,I,SWE,Sweden,GWP,Gender wage gap,PT_WG_SAL_M_D,Percentage of wages of men in the same decile,_Z,Not applicable,_Z,Not applicable,MEAN,Mean,_T,Total,2011,,14.1025641,,,,A,Normal value,0,Units,1,One
DATAFLOW,OECD.ELS.SAE:DSD_EARNINGS@GENDER_WAGE_GAP(1.1),Gender wage gap,I,SWE,Sweden,GWP,Gender wage gap,PT_WG_SAL_M_D,Percentage of wages of men in the same decile,_Z,Not applicable,_Z,Not applicable,MEAN,Mean,_T,Total,2012,,14.01869159,,,,A,Normal value,0,Units,1,One
DATAFLOW,OECD.ELS.SAE:DSD_EARNINGS@GENDER_WAGE_GAP(1.1),Gender wage gap,I,SWE,Sweden,GWP,Gender wage gap,PT_WG_SAL_M_D,Percentage of wages of men in the same decile,_Z,Not applicable,_Z,Not applicable,MEAN,Mean,_T,Total,2013,,13.67781155,,,,A,Normal value,0,Units,1,One
DATAFLOW,OECD.ELS.SAE:DSD_EARNINGS@GENDER_WAGE_GAP(1.1),Gender wage gap,I,SWE,Sweden,GWP,Gender wage gap,PT_WG_SAL_M_D,Percentage of wages of men in the same decile,_Z,Not applicable,_Z,Not applicable,MEAN,Mean,_T,Total,2014,,13.0952381,,,,A,Normal value,0,Units,1,One
DATAFLOW,OECD.ELS.SAE:DSD_EARNINGS@GENDER_WAGE_GAP(1.1),Gender wage gap,I,SWE,Sweden,GWP,Gender wage gap,PT_WG_SAL_M_D,Percentage of wages of men in the same decile,_Z,Not applicable,_Z,Not applicable,MEAN,Mean,_T,Total,2015,,12.31671554,,,,A,Normal value,0,Units,1,One
DATAFLOW,OECD.ELS.SAE:DSD_EARNINGS@GENDER_WAGE_GAP(1.1),Gender wage gap,I,SWE,Sweden,GWP,Gender wage gap,PT_WG_SAL_M_D,Percentage of wages of men in the same decile,_Z,Not applicable,_Z,Not applicable,MEAN,Mean,_T,Total,2016,,12.03438395,,,,A,Normal value,0,Units,1,One
DATAFLOW,OECD.ELS.SAE:DSD_EARNINGS@GENDER_WAGE_GAP(1.1),Gender wage gap,I,SWE,Sweden,GWP,Gender wage gap,PT_WG_SAL_M_D,Percentage of wages of men in the same decile,_Z,Not applicable,_Z,Not applicable,MEAN,Mean,_T,Total,2017,,11.20448179,,,,A,Normal value,0,Units,1,One
DATAFLOW,OECD.ELS.SAE:DSD_EARNINGS@GENDER_WAGE_GAP(1.1),Gender wage gap,I,SWE,Sweden,GWP,Gender wage gap,PT_WG_SAL_M_D,Percentage of wages of men in the same decile,_Z,Not applicable,_Z,Not applicable,MEAN,Mean,_T,Total,2018,,10.68493151,,,,A,Normal value,0,Units,1,One
DATAFLOW,OECD.ELS.SAE:DSD_EARNINGS@GENDER_WAGE_GAP(1.1),Gender wage gap,I,SWE,Sweden,GWP,Gender wage gap,PT_WG_SAL_M_D,Percentage of wages of men in the same decile,_Z,Not applicable,_Z,Not applicable,MEAN,Mean,_T,Total,2019,,9.946236559,,,,A,Normal value,0,Units,1,One
DATAFLOW,OECD.ELS.SAE:DSD_EARNINGS@GENDER_WAGE_GAP(1.1),Gender wage gap,I,SWE,Sweden,GWP,Gender wage gap,PT_WG_SAL_M_D,Percentage of wages of men in the same decile,_Z,Not applicable,_Z,Not applicable,MEAN,Mean,_T,Total,2020,,9.762532982,,,,A,Normal value,0,Units,1,One
DATAFLOW,OECD.ELS.SAE:DSD_EARNINGS@GENDER_WAGE_GAP(1.1),Gender wage gap,I,SWE,Sweden,GWP,Gender wage gap,PT_WG_SAL_M_D,Percentage of wages of men in the same decile,_Z,Not applicable,_Z,Not applicable,MEAN,Mean,_T,Total,2021,,10,,,,A,Normal value,0,Units,1,One
DATAFLOW,OECD.ELS.SAE:DSD_EARNINGS@GENDER_WAGE_GAP(1.1),Gender wage gap,I,SWE,Sweden,GWP,Gender wage gap,PT_WG_SAL_M_D,Percentage of wages of men in the same decile,_Z,Not applicable,_Z,Not applicable,MEAN,Mean,_T,Total,2022,,9.950248756,,,,A,Normal value,0,Units,1,One
DATAFLOW,OECD.ELS.SAE:DSD_EARNINGS@GENDER_WAGE_GAP(1.1),Gender wage gap,I,SWE,Sweden,GWP,Gender wage gap,PT_WG_SAL_M_D,Percentage of wages of men in the same decile,_Z,Not applicable,_Z,Not applicable,MEAN,Mean,_T,Total,2023,,10,,,,A,Normal value,0,Units,1,One
DATAFLOW,OECD.ELS.SAE:DSD_EARNINGS@GENDER_WAGE_GAP(1.1),Gender wage gap,I,SWE,Sweden,GWP,Gender wage gap,PT_WG_SAL_M_D,Percentage of wages of men in the same decile,_Z,Not applicable,_Z,Not applicable,MEAN,Mean,_T,Total,2024,,10.2739726,,,,A,Normal value,0,Units,1,One
DATAFLOW,OECD.ELS.SAE:DSD_EARNINGS@GENDER_WAGE_GAP(1.1),Gender wage gap,I,CHE,Switzerland,GWP,Gender wage gap,PT_WG_SAL_M_D,Percentage of wages of men in the same decile,_Z,Not applicable,_Z,Not applicable,MEAN,Mean,_T,Total,1996,,27.49726425,,,,A,Normal value,0,Units,1,One
DATAFLOW,OECD.ELS.SAE:DSD_EARNINGS@GENDER_WAGE_GAP(1.1),Gender wage gap,I,CHE,Switzerland,GWP,Gender wage gap,PT_WG_SAL_M_D,Percentage of wages of men in the same decile,_Z,Not applicable,_Z,Not applicable,MEAN,Mean,_T,Total,1998,,26.4995044,,,,A,Normal value,0,Units,1,One
DATAFLOW,OECD.ELS.SAE:DSD_EARNINGS@GENDER_WAGE_GAP(1.1),Gender wage gap,I,CHE,Switzerland,GWP,Gender wage gap,PT_WG_SAL_M_D,Percentage of wages of men in the same decile,_Z,Not applicable,_Z,Not applicable,MEAN,Mean,_T,Total,2000,,26.84933379,,,,A,Normal value,0,Units,1,One
DATAFLOW,OECD.ELS.SAE:DSD_EARNINGS@GENDER_WAGE_GAP(1.1),Gender wage gap,I,CHE,Switzerland,GWP,Gender wage gap,PT_WG_SAL_M_D,Percentage of wages of men in the same decile,_Z,Not applicable,_Z,Not applicable,MEAN,Mean,_T,Total,2002,,25.57410763,,,,A,Normal value,0,Units,1,One
DATAFLOW,OECD.ELS.SAE:DSD_EARNINGS@GENDER_WAGE_GAP(1.1),Gender wage gap,I,CHE,Switzerland,GWP,Gender wage gap,PT_WG_SAL_M_D,Percentage of wages of men in the same decile,_Z,Not applicable,_Z,Not applicable,MEAN,Mean,_T,Total,2004,,24.80708844,,,,A,Normal value,0,Units,1,One
DATAFLOW,OECD.ELS.SAE:DSD_EARNINGS@GENDER_WAGE_GAP(1.1),Gender wage gap,I,CHE,Switzerland,GWP,Gender wage gap,PT_WG_SAL_M_D,Percentage of wages of men in the same decile,_Z,Not applicable,_Z,Not applicable,MEAN,Mean,_T,Total,2006,,24.49472211,,,,A,Normal value,0,Units,1,One
DATAFLOW,OECD.ELS.SAE:DSD_EARNINGS@GENDER_WAGE_GAP(1.1),Gender wage gap,I,CHE,Switzerland,GWP,Gender wage gap,PT_WG_SAL_M_D,Percentage of wages of men in the same decile,_Z,Not applicable,_Z,Not applicable,MEAN,Mean,_T,Total,2008,,25.04444653,,,,A,Normal value,0,Units,1,One
DATAFLOW,OECD.ELS.SAE:DSD_EARNINGS@GENDER_WAGE_GAP(1.1),Gender wage gap,I,CHE,Switzerland,GWP,Gender wage gap,PT_WG_SAL_M_D,Percentage of wages of men in the same decile,_Z,Not applicable,_Z,Not applicable,MEAN,Mean,_T,Total,2010,,23.68804242,,,,A,Normal value,0,Units,1,One
DATAFLOW,OECD.ELS.SAE:DSD_EARNINGS@GENDER_WAGE_GAP(1.1),Gender wage gap,I,CHE,Switzerland,GWP,Gender wage gap,PT_WG_SAL_M_D,Percentage of wages of men in the same decile,_Z,Not applicable,_Z,Not applicable,MEAN,Mean,_T,Total,2012,,24.78163868,,,,A,Normal value,0,Units,1,One
DATAFLOW,OECD.ELS.SAE:DSD_EARNINGS@GENDER_WAGE_GAP(1.1),Gender wage gap,I,CHE,Switzerland,GWP,Gender wage gap,PT_WG_SAL_M_D,Percentage of wages of men in the same decile,_Z,Not applicable,_Z,Not applicable,MEAN,Mean,_T,Total,2014,,20.7800286,,,,A,Normal value,0,Units,1,One
DATAFLOW,OECD.ELS.SAE:DSD_EARNINGS@GENDER_WAGE_GAP(1.1),Gender wage gap,I,CHE,Switzerland,GWP,Gender wage gap,PT_WG_SAL_M_D,Percentage of wages of men in the same decile,_Z,Not applicable,_Z,Not applicable,MEAN,Mean,_T,Total,2016,,18.4929469,,,,A,Normal value,0,Units,1,One
DATAFLOW,OECD.ELS.SAE:DSD_EARNINGS@GENDER_WAGE_GAP(1.1),Gender wage gap,I,CHE,Switzerland,GWP,Gender wage gap,PT_WG_SAL_M_D,Percentage of wages of men in the same decile,_Z,Not applicable,_Z,Not applicable,MEAN,Mean,_T,Total,2018,,18.39330941,,,,A,Normal value,0,Units,1,One
DATAFLOW,OECD.ELS.SAE:DSD_EARNINGS@GENDER_WAGE_GAP(1.1),Gender wage gap,I,CHE,Switzerland,GWP,Gender wage gap,PT_WG_SAL_M_D,Percentage of wages of men in the same decile,_Z,Not applicable,_Z,Not applicable,MEAN,Mean,_T,Total,2020,,17.79303742,,,,A,Normal value,0,Units,1,One
DATAFLOW,OECD.ELS.SAE:DSD_EARNINGS@GENDER_WAGE_GAP(1.1),Gender wage gap,I,CHE,Switzerland,GWP,Gender wage gap,PT_WG_SAL_M_D,Percentage of wages of men in the same decile,_Z,Not applicable,_Z,Not applicable,MEAN,Mean,_T,Total,2022,,15.42550091,,,,A,Normal value,0,Units,1,One
DATAFLOW,OECD.ELS.SAE:DSD_EARNINGS@GENDER_WAGE_GAP(1.1),Gender wage gap,I,TUR,Türkiye,GWP,Gender wage gap,PT_WG_SAL_M_D,Percentage of wages of men in the same decile,_Z,Not applicable,_Z,Not applicable,MEAN,Mean,_T,Total,2006,,1.375234902,,,,A,Normal value,0,Units,1,One
DATAFLOW,OECD.ELS.SAE:DSD_EARNINGS@GENDER_WAGE_GAP(1.1),Gender wage gap,I,TUR,Türkiye,GWP,Gender wage gap,PT_WG_SAL_M_D,Percentage of wages of men in the same decile,_Z,Not applicable,_Z,Not applicable,MEAN,Mean,_T,Total,2014,,1.197095568,,,,A,Normal value,0,Units,1,One
DATAFLOW,OECD.ELS.SAE:DSD_EARNINGS@GENDER_WAGE_GAP(1.1),Gender wage gap,I,TUR,Türkiye,GWP,Gender wage gap,PT_WG_SAL_M_D,Percentage of wages of men in the same decile,_Z,Not applicable,_Z,Not applicable,MEAN,Mean,_T,Total,2018,,7.016422478,,,,A,Normal value,0,Units,1,One
DATAFLOW,OECD.ELS.SAE:DSD_EARNINGS@GENDER_WAGE_GAP(1.1),Gender wage gap,I,GBR,United Kingdom,GWP,Gender wage gap,PT_WG_SAL_M_D,Percentage of wages of men in the same decile,_Z,Not applicable,_Z,Not applicable,MEAN,Mean,_T,Total,1970,,46.21326819,,,,A,Normal value,0,Units,1,One
DATAFLOW,OECD.ELS.SAE:DSD_EARNINGS@GENDER_WAGE_GAP(1.1),Gender wage gap,I,GBR,United Kingdom,GWP,Gender wage gap,PT_WG_SAL_M_D,Percentage of wages of men in the same decile,_Z,Not applicable,_Z,Not applicable,MEAN,Mean,_T,Total,1971,,45.7204564,,,,A,Normal value,0,Units,1,One
DATAFLOW,OECD.ELS.SAE:DSD_EARNINGS@GENDER_WAGE_GAP(1.1),Gender wage gap,I,GBR,United Kingdom,GWP,Gender wage gap,PT_WG_SAL_M_D,Percentage of wages of men in the same decile,_Z,Not applicable,_Z,Not applicable,MEAN,Mean,_T,Total,1972,,45.40677292,,,,A,Normal value,0,Units,1,One
DATAFLOW,OECD.ELS.SAE:DSD_EARNINGS@GENDER_WAGE_GAP(1.1),Gender wage gap,I,GBR,United Kingdom,GWP,Gender wage gap,PT_WG_SAL_M_D,Percentage of wages of men in the same decile,_Z,Not applicable,_Z,Not applicable,MEAN,Mean,_T,Total,1973,,46.08065245,,,,A,Normal value,0,Units,1,One
DATAFLOW,OECD.ELS.SAE:DSD_EARNINGS@GENDER_WAGE_GAP(1.1),Gender wage gap,I,GBR,United Kingdom,GWP,Gender wage gap,PT_WG_SAL_M_D,Percentage of wages of men in the same decile,_Z,Not applicable,_Z,Not applicable,MEAN,Mean,_T,Total,1974,,43.75379646,,,,A,Normal value,0,Units,1,One
DATAFLOW,OECD.ELS.SAE:DSD_EARNINGS@GENDER_WAGE_GAP(1.1),Gender wage gap,I,GBR,United Kingdom,GWP,Gender wage gap,PT_WG_SAL_M_D,Percentage of wages of men in the same decile,_Z,Not applicable,_Z,Not applicable,MEAN,Mean,_T,Total,1975,,38.75753689,,,,A,Normal value,0,Units,1,One
DATAFLOW,OECD.ELS.SAE:DSD_EARNINGS@GENDER_WAGE_GAP(1.1),Gender wage gap,I,GBR,United Kingdom,GWP,Gender wage gap,PT_WG_SAL_M_D,Percentage of wages of men in the same decile,_Z,Not applicable,_Z,Not applicable,MEAN,Mean,_T,Total,1976,,35.77712531,,,,A,Normal value,0,Units,1,One
DATAFLOW,OECD.ELS.SAE:DSD_EARNINGS@GENDER_WAGE_GAP(1.1),Gender wage gap,I,GBR,United Kingdom,GWP,Gender wage gap,PT_WG_SAL_M_D,Percentage of wages of men in the same decile,_Z,Not applicable,_Z,Not applicable,MEAN,Mean,_T,Total,1977,,35.4022282,,,,A,Normal value,0,Units,1,One
DATAFLOW,OECD.ELS.SAE:DSD_EARNINGS@GENDER_WAGE_GAP(1.1),Gender wage gap,I,GBR,United Kingdom,GWP,Gender wage gap,PT_WG_SAL_M_D,Percentage of wages of men in the same decile,_Z,Not applicable,_Z,Not applicable,MEAN,Mean,_T,Total,1978,,36.74291271,,,,A,Normal value,0,Units,1,One
DATAFLOW,OECD.ELS.SAE:DSD_EARNINGS@GENDER_WAGE_GAP(1.1),Gender wage gap,I,GBR,United Kingdom,GWP,Gender wage gap,PT_WG_SAL_M_D,Percentage of wages of men in the same decile,_Z,Not applicable,_Z,Not applicable,MEAN,Mean,_T,Total,1979,,37.71498004,,,,A,Normal value,0,Units,1,One
DATAFLOW,OECD.ELS.SAE:DSD_EARNINGS@GENDER_WAGE_GAP(1.1),Gender wage gap,I,GBR,United Kingdom,GWP,Gender wage gap,PT_WG_SAL_M_D,Percentage of wages of men in the same decile,_Z,Not applicable,_Z,Not applicable,MEAN,Mean,_T,Total,1980,,36.48054022,,,,A,Normal value,0,Units,1,One
DATAFLOW,OECD.ELS.SAE:DSD_EARNINGS@GENDER_WAGE_GAP(1.1),Gender wage gap,I,GBR,United Kingdom,GWP,Gender wage gap,PT_WG_SAL_M_D,Percentage of wages of men in the same decile,_Z,Not applicable,_Z,Not applicable,MEAN,Mean,_T,Total,1981,,34.74231819,,,,A,Normal value,0,Units,1,One
DATAFLOW,OECD.ELS.SAE:DSD_EARNINGS@GENDER_WAGE_GAP(1.1),Gender wage gap,I,GBR,United Kingdom,GWP,Gender wage gap,PT_WG_SAL_M_D,Percentage of wages of men in the same decile,_Z,Not applicable,_Z,Not applicable,MEAN,Mean,_T,Total,1982,,35.5515435,,,,A,Normal value,0,Units,1,One
DATAFLOW,OECD.ELS.SAE:DSD_EARNINGS@GENDER_WAGE_GAP(1.1),Gender wage gap,I,GBR,United Kingdom,GWP,Gender wage gap,PT_WG_SAL_M_D,Percentage of wages of men in the same decile,_Z,Not applicable,_Z,Not applicable,MEAN,Mean,_T,Total,1983,,34.71464555,,,,A,Normal value,0,Units,1,One
DATAFLOW,OECD.ELS.SAE:DSD_EARNINGS@GENDER_WAGE_GAP(1.1),Gender wage gap,I,GBR,United Kingdom,GWP,Gender wage gap,PT_WG_SAL_M_D,Percentage of wages of men in the same decile,_Z,Not applicable,_Z,Not applicable,MEAN,Mean,_T,Total,1984,,35.57340382,,,,A,Normal value,0,Units,1,One
DATAFLOW,OECD.ELS.SAE:DSD_EARNINGS@GENDER_WAGE_GAP(1.1),Gender wage gap,I,GBR,United Kingdom,GWP,Gender wage gap,PT_WG_SAL_M_D,Percentage of wages of men in the same decile,_Z,Not applicable,_Z,Not applicable,MEAN,Mean,_T,Total,1985,,35.40676751,,,,A,Normal value,0,Units,1,One
DATAFLOW,OECD.ELS.SAE:DSD_EARNINGS@GENDER_WAGE_GAP(1.1),Gender wage gap,I,GBR,United Kingdom,GWP,Gender wage gap,PT_WG_SAL_M_D,Percentage of wages of men in the same decile,_Z,Not applicable,_Z,Not applicable,MEAN,Mean,_T,Total,1986,,34.95001168,,,,A,Normal value,0,Units,1,One
DATAFLOW,OECD.ELS.SAE:DSD_EARNINGS@GENDER_WAGE_GAP(1.1),Gender wage gap,I,GBR,United Kingdom,GWP,Gender wage gap,PT_WG_SAL_M_D,Percentage of wages of men in the same decile,_Z,Not applicable,_Z,Not applicable,MEAN,Mean,_T,Total,1987,,35.00194641,,,,A,Normal value,0,Units,1,One
DATAFLOW,OECD.ELS.SAE:DSD_EARNINGS@GENDER_WAGE_GAP(1.1),Gender wage gap,I,GBR,United Kingdom,GWP,Gender wage gap,PT_WG_SAL_M_D,Percentage of wages of men in the same decile,_Z,Not applicable,_Z,Not applicable,MEAN,Mean,_T,Total,1988,,34.23393955,,,,A,Normal value,0,Units,1,One
DATAFLOW,OECD.ELS.SAE:DSD_EARNINGS@GENDER_WAGE_GAP(1.1),Gender wage gap,I,GBR,United Kingdom,GWP,Gender wage gap,PT_WG_SAL_M_D,Percentage of wages of men in the same decile,_Z,Not applicable,_Z,Not applicable,MEAN,Mean,_T,Total,1989,,33.34817981,,,,A,Normal value,0,Units,1,One
DATAFLOW,OECD.ELS.SAE:DSD_EARNINGS@GENDER_WAGE_GAP(1.1),Gender wage gap,I,GBR,United Kingdom,GWP,Gender wage gap,PT_WG_SAL_M_D,Percentage of wages of men in the same decile,_Z,Not applicable,_Z,Not applicable,MEAN,Mean,_T,Total,1990,,32.73492835,,,,A,Normal value,0,Units,1,One
DATAFLOW,OECD.ELS.SAE:DSD_EARNINGS@GENDER_WAGE_GAP(1.1),Gender wage gap,I,GBR,United Kingdom,GWP,Gender wage gap,PT_WG_SAL_M_D,Percentage of wages of men in the same decile,_Z,Not applicable,_Z,Not applicable,MEAN,Mean,_T,Total,1991,,31.15476274,,,,A,Normal value,0,Units,1,One
DATAFLOW,OECD.ELS.SAE:DSD_EARNINGS@GENDER_WAGE_GAP(1.1),Gender wage gap,I,GBR,United Kingdom,GWP,Gender wage gap,PT_WG_SAL_M_D,Percentage of wages of men in the same decile,_Z,Not applicable,_Z,Not applicable,MEAN,Mean,_T,Total,1992,,30.05762392,,,,A,Normal value,0,Units,1,One
DATAFLOW,OECD.ELS.SAE:DSD_EARNINGS@GENDER_WAGE_GAP(1.1),Gender wage gap,I,GBR,United Kingdom,GWP,Gender wage gap,PT_WG_SAL_M_D,Percentage of wages of men in the same decile,_Z,Not applicable,_Z,Not applicable,MEAN,Mean,_T,Total,1993,,29.62817341,,,,A,Normal value,0,Units,1,One
DATAFLOW,OECD.ELS.SAE:DSD_EARNINGS@GENDER_WAGE_GAP(1.1),Gender wage gap,I,GBR,United Kingdom,GWP,Gender wage gap,PT_WG_SAL_M_D,Percentage of wages of men in the same decile,_Z,Not applicable,_Z,Not applicable,MEAN,Mean,_T,Total,1994,,28.83145664,,,,A,Normal value,0,Units,1,One
DATAFLOW,OECD.ELS.SAE:DSD_EARNINGS@GENDER_WAGE_GAP(1.1),Gender wage gap,I,GBR,United Kingdom,GWP,Gender wage gap,PT_WG_SAL_M_D,Percentage of wages of men in the same decile,_Z,Not applicable,_Z,Not applicable,MEAN,Mean,_T,Total,1995,,28.95024928,,,,A,Normal value,0,Units,1,One
DATAFLOW,OECD.ELS.SAE:DSD_EARNINGS@GENDER_WAGE_GAP(1.1),Gender wage gap,I,GBR,United Kingdom,GWP,Gender wage gap,PT_WG_SAL_M_D,Percentage of wages of men in the same decile,_Z,Not applicable,_Z,Not applicable,MEAN,Mean,_T,Total,1996,,28.69959218,,,,A,Normal value,0,Units,1,One
DATAFLOW,OECD.ELS.SAE:DSD_EARNINGS@GENDER_WAGE_GAP(1.1),Gender wage gap,I,GBR,United Kingdom,GWP,Gender wage gap,PT_WG_SAL_M_D,Percentage of wages of men in the same decile,_Z,Not applicable,_Z,Not applicable,MEAN,Mean,_T,Total,1997,,28.27995563,,,,A,Normal value,0,Units,1,One
DATAFLOW,OECD.ELS.SAE:DSD_EARNINGS@GENDER_WAGE_GAP(1.1),Gender wage gap,I,GBR,United Kingdom,GWP,Gender wage gap,PT_WG_SAL_M_D,Percentage of wages of men in the same decile,_Z,Not applicable,_Z,Not applicable,MEAN,Mean,_T,Total,1998,,28.82483656,,,,A,Normal value,0,Units,1,One
DATAFLOW,OECD.ELS.SAE:DSD_EARNINGS@GENDER_WAGE_GAP(1.1),Gender wage gap,I,GBR,United Kingdom,GWP,Gender wage gap,PT_WG_SAL_M_D,Percentage of wages of men in the same decile,_Z,Not applicable,_Z,Not applicable,MEAN,Mean,_T,Total,1999,,27.70040443,,,,A,Normal value,0,Units,1,One
DATAFLOW,OECD.ELS.SAE:DSD_EARNINGS@GENDER_WAGE_GAP(1.1),Gender wage gap,I,GBR,United Kingdom,GWP,Gender wage gap,PT_WG_SAL_M_D,Percentage of wages of men in the same decile,_Z,Not applicable,_Z,Not applicable,MEAN,Mean,_T,Total,2000,,27.62896275,,,,A,Normal value,0,Units,1,One
DATAFLOW,OECD.ELS.SAE:DSD_EARNINGS@GENDER_WAGE_GAP(1.1),Gender wage gap,I,GBR,United Kingdom,GWP,Gender wage gap,PT_WG_SAL_M_D,Percentage of wages of men in the same decile,_Z,Not applicable,_Z,Not applicable,MEAN,Mean,_T,Total,2001,,27.12394959,,,,A,Normal value,0,Units,1,One
DATAFLOW,OECD.ELS.SAE:DSD_EARNINGS@GENDER_WAGE_GAP(1.1),Gender wage gap,I,GBR,United Kingdom,GWP,Gender wage gap,PT_WG_SAL_M_D,Percentage of wages of men in the same decile,_Z,Not applicable,_Z,Not applicable,MEAN,Mean,_T,Total,2002,,26.7976336,,,,A,Normal value,0,Units,1,One
DATAFLOW,OECD.ELS.SAE:DSD_EARNINGS@GENDER_WAGE_GAP(1.1),Gender wage gap,I,GBR,United Kingdom,GWP,Gender wage gap,PT_WG_SAL_M_D,Percentage of wages of men in the same decile,_Z,Not applicable,_Z,Not applicable,MEAN,Mean,_T,Total,2003,,26.41686074,,,,A,Normal value,0,Units,1,One
DATAFLOW,OECD.ELS.SAE:DSD_EARNINGS@GENDER_WAGE_GAP(1.1),Gender wage gap,I,GBR,United Kingdom,GWP,Gender wage gap,PT_WG_SAL_M_D,Percentage of wages of men in the same decile,_Z,Not applicable,_Z,Not applicable,MEAN,Mean,_T,Total,2004,,25.00405572,,,,A,Normal value,0,Units,1,One
DATAFLOW,OECD.ELS.SAE:DSD_EARNINGS@GENDER_WAGE_GAP(1.1),Gender wage gap,I,GBR,United Kingdom,GWP,Gender wage gap,PT_WG_SAL_M_D,Percentage of wages of men in the same decile,_Z,Not applicable,_Z,Not applicable,MEAN,Mean,_T,Total,2005,,24.35353569,,,,A,Normal value,0,Units,1,One
DATAFLOW,OECD.ELS.SAE:DSD_EARNINGS@GENDER_WAGE_GAP(1.1),Gender wage gap,I,GBR,United Kingdom,GWP,Gender wage gap,PT_WG_SAL_M_D,Percentage of wages of men in the same decile,_Z,Not applicable,_Z,Not applicable,MEAN,Mean,_T,Total,2006,,24.5210945,,,,A,Normal value,0,Units,1,One
DATAFLOW,OECD.ELS.SAE:DSD_EARNINGS@GENDER_WAGE_GAP(1.1),Gender wage gap,I,GBR,United Kingdom,GWP,Gender wage gap,PT_WG_SAL_M_D,Percentage of wages of men in the same decile,_Z,Not applicable,_Z,Not applicable,MEAN,Mean,_T,Total,2007,,24.1608917,,,,A,Normal value,0,Units,1,One
DATAFLOW,OECD.ELS.SAE:DSD_EARNINGS@GENDER_WAGE_GAP(1.1),Gender wage gap,I,GBR,United Kingdom,GWP,Gender wage gap,PT_WG_SAL_M_D,Percentage of wages of men in the same decile,_Z,Not applicable,_Z,Not applicable,MEAN,Mean,_T,Total,2008,,24.4155034,,,,A,Normal value,0,Units,1,One
DATAFLOW,OECD.ELS.SAE:DSD_EARNINGS@GENDER_WAGE_GAP(1.1),Gender wage gap,I,GBR,United Kingdom,GWP,Gender wage gap,PT_WG_SAL_M_D,Percentage of wages of men in the same decile,_Z,Not applicable,_Z,Not applicable,MEAN,Mean,_T,Total,2009,,22.92288434,,,,A,Normal value,0,Units,1,One
DATAFLOW,OECD.ELS.SAE:DSD_EARNINGS@GENDER_WAGE_GAP(1.1),Gender wage gap,I,GBR,United Kingdom,GWP,Gender wage gap,PT_WG_SAL_M_D,Percentage of wages of men in the same decile,_Z,Not applicable,_Z,Not applicable,MEAN,Mean,_T,Total,2010,,22.30786268,,,,A,Normal value,0,Units,1,One
DATAFLOW,OECD.ELS.SAE:DSD_EARNINGS@GENDER_WAGE_GAP(1.1),Gender wage gap,I,GBR,United Kingdom,GWP,Gender wage gap,PT_WG_SAL_M_D,Percentage of wages of men in the same decile,_Z,Not applicable,_Z,Not applicable,MEAN,Mean,_T,Total,2011,,21.70413123,,,,A,Normal value,0,Units,1,One
DATAFLOW,OECD.ELS.SAE:DSD_EARNINGS@GENDER_WAGE_GAP(1.1),Gender wage gap,I,GBR,United Kingdom,GWP,Gender wage gap,PT_WG_SAL_M_D,Percentage of wages of men in the same decile,_Z,Not applicable,_Z,Not applicable,MEAN,Mean,_T,Total,2012,,20.523687,,,,A,Normal value,0,Units,1,One
DATAFLOW,OECD.ELS.SAE:DSD_EARNINGS@GENDER_WAGE_GAP(1.1),Gender wage gap,I,GBR,United Kingdom,GWP,Gender wage gap,PT_WG_SAL_M_D,Percentage of wages of men in the same decile,_Z,Not applicable,_Z,Not applicable,MEAN,Mean,_T,Total,2013,,21.25018472,,,,A,Normal value,0,Units,1,One
DATAFLOW,OECD.ELS.SAE:DSD_EARNINGS@GENDER_WAGE_GAP(1.1),Gender wage gap,I,GBR,United Kingdom,GWP,Gender wage gap,PT_WG_SAL_M_D,Percentage of wages of men in the same decile,_Z,Not applicable,_Z,Not applicable,MEAN,Mean,_T,Total,2014,,19.98516321,,,,A,Normal value,0,Units,1,One
DATAFLOW,OECD.ELS.SAE:DSD_EARNINGS@GENDER_WAGE_GAP(1.1),Gender wage gap,I,GBR,United Kingdom,GWP,Gender wage gap,PT_WG_SAL_M_D,Percentage of wages of men in the same decile,_Z,Not applicable,_Z,Not applicable,MEAN,Mean,_T,Total,2015,,19.71189181,,,,A,Normal value,0,Units,1,One
DATAFLOW,OECD.ELS.SAE:DSD_EARNINGS@GENDER_WAGE_GAP(1.1),Gender wage gap,I,GBR,United Kingdom,GWP,Gender wage gap,PT_WG_SAL_M_D,Percentage of wages of men in the same decile,_Z,Not applicable,_Z,Not applicable,MEAN,Mean,_T,Total,2016,,19.59101959,,,,A,Normal value,0,Units,1,One
DATAFLOW,OECD.ELS.SAE:DSD_EARNINGS@GENDER_WAGE_GAP(1.1),Gender wage gap,I,GBR,United Kingdom,GWP,Gender wage gap,PT_WG_SAL_M_D,Percentage of wages of men in the same decile,_Z,Not applicable,_Z,Not applicable,MEAN,Mean,_T,Total,2017,,19.30437212,,,,A,Normal value,0,Units,1,One
DATAFLOW,OECD.ELS.SAE:DSD_EARNINGS@GENDER_WAGE_GAP(1.1),Gender wage gap,I,GBR,United Kingdom,GWP,Gender wage gap,PT_WG_SAL_M_D,Percentage of wages of men in the same decile,_Z,Not applicable,_Z,Not applicable,MEAN,Mean,_T,Total,2018,,19.48034464,,,,A,Normal value,0,Units,1,One
DATAFLOW,OECD.ELS.SAE:DSD_EARNINGS@GENDER_WAGE_GAP(1.1),Gender wage gap,I,GBR,United Kingdom,GWP,Gender wage gap,PT_WG_SAL_M_D,Percentage of wages of men in the same decile,_Z,Not applicable,_Z,Not applicable,MEAN,Mean,_T,Total,2019,,18.39473684,,,,A,Normal value,0,Units,1,One
DATAFLOW,OECD.ELS.SAE:DSD_EARNINGS@GENDER_WAGE_GAP(1.1),Gender wage gap,I,GBR,United Kingdom,GWP,Gender wage gap,PT_WG_SAL_M_D,Percentage of wages of men in the same decile,_Z,Not applicable,_Z,Not applicable,MEAN,Mean,_T,Total,2020,,15.17360191,,,,A,Normal value,0,Units,1,One
DATAFLOW,OECD.ELS.SAE:DSD_EARNINGS@GENDER_WAGE_GAP(1.1),Gender wage gap,I,GBR,United Kingdom,GWP,Gender wage gap,PT_WG_SAL_M_D,Percentage of wages of men in the same decile,_Z,Not applicable,_Z,Not applicable,MEAN,Mean,_T,Total,2021,,16.82254965,,,,A,Normal value,0,Units,1,One
DATAFLOW,OECD.ELS.SAE:DSD_EARNINGS@GENDER_WAGE_GAP(1.1),Gender wage gap,I,GBR,United Kingdom,GWP,Gender wage gap,PT_WG_SAL_M_D,Percentage of wages of men in the same decile,_Z,Not applicable,_Z,Not applicable,MEAN,Mean,_T,Total,2022,,16.01133983,,,,A,Normal value,0,Units,1,One
DATAFLOW,OECD.ELS.SAE:DSD_EARNINGS@GENDER_WAGE_GAP(1.1),Gender wage gap,I,GBR,United Kingdom,GWP,Gender wage gap,PT_WG_SAL_M_D,Percentage of wages of men in the same decile,_Z,Not applicable,_Z,Not applicable,MEAN,Mean,_T,Total,2023,,15.05488157,,,,A,Normal value,0,Units,1,One
DATAFLOW,OECD.ELS.SAE:DSD_EARNINGS@GENDER_WAGE_GAP(1.1),Gender wage gap,I,GBR,United Kingdom,GWP,Gender wage gap,PT_WG_SAL_M_D,Percentage of wages of men in the same decile,_Z,Not applicable,_Z,Not applicable,MEAN,Mean,_T,Total,2024,,16.10406364,,,,A,Normal value,0,Units,1,One
DATAFLOW,OECD.ELS.SAE:DSD_EARNINGS@GENDER_WAGE_GAP(1.1),Gender wage gap,I,USA,United States,GWP,Gender wage gap,PT_WG_SAL_M_D,Percentage of wages of men in the same decile,_Z,Not applicable,_Z,Not applicable,MEAN,Mean,_T,Total,1973,,38.42364532,,,,A,Normal value,0,Units,1,One
DATAFLOW,OECD.ELS.SAE:DSD_EARNINGS@GENDER_WAGE_GAP(1.1),Gender wage gap,I,USA,United States,GWP,Gender wage gap,PT_WG_SAL_M_D,Percentage of wages of men in the same decile,_Z,Not applicable,_Z,Not applicable,MEAN,Mean,_T,Total,1974,,38.0733945,,,,A,Normal value,0,Units,1,One
DATAFLOW,OECD.ELS.SAE:DSD_EARNINGS@GENDER_WAGE_GAP(1.1),Gender wage gap,I,USA,United States,GWP,Gender wage gap,PT_WG_SAL_M_D,Percentage of wages of men in the same decile,_Z,Not applicable,_Z,Not applicable,MEAN,Mean,_T,Total,1975,,37.28813559,,,,A,Normal value,0,Units,1,One
DATAFLOW,OECD.ELS.SAE:DSD_EARNINGS@GENDER_WAGE_GAP(1.1),Gender wage gap,I,USA,United States,GWP,Gender wage gap,PT_WG_SAL_M_D,Percentage of wages of men in the same decile,_Z,Not applicable,_Z,Not applicable,MEAN,Mean,_T,Total,1976,,36.65338645,,,,A,Normal value,0,Units,1,One
DATAFLOW,OECD.ELS.SAE:DSD_EARNINGS@GENDER_WAGE_GAP(1.1),Gender wage gap,I,USA,United States,GWP,Gender wage gap,PT_WG_SAL_M_D,Percentage of wages of men in the same decile,_Z,Not applicable,_Z,Not applicable,MEAN,Mean,_T,Total,1977,,37.26937269,,,,A,Normal value,0,Units,1,One
DATAFLOW,OECD.ELS.SAE:DSD_EARNINGS@GENDER_WAGE_GAP(1.1),Gender wage gap,I,USA,United States,GWP,Gender wage gap,PT_WG_SAL_M_D,Percentage of wages of men in the same decile,_Z,Not applicable,_Z,Not applicable,MEAN,Mean,_T,Total,1978,,37.24137931,,,,A,Normal value,0,Units,1,One
DATAFLOW,OECD.ELS.SAE:DSD_EARNINGS@GENDER_WAGE_GAP(1.1),Gender wage gap,I,USA,United States,GWP,Gender wage gap,PT_WG_SAL_M_D,Percentage of wages of men in the same decile,_Z,Not applicable,_Z,Not applicable,MEAN,Mean,_T,Total,1979,,36.67711599,,,,A,Normal value,0,Units,1,One
DATAFLOW,OECD.ELS.SAE:DSD_EARNINGS@GENDER_WAGE_GAP(1.1),Gender wage gap,I,USA,United States,GWP,Gender wage gap,PT_WG_SAL_M_D,Percentage of wages of men in the same decile,_Z,Not applicable,_Z,Not applicable,MEAN,Mean,_T,Total,1980,,35.65217391,,,,A,Normal value,0,Units,1,One
DATAFLOW,OECD.ELS.SAE:DSD_EARNINGS@GENDER_WAGE_GAP(1.1),Gender wage gap,I,USA,United States,GWP,Gender wage gap,PT_WG_SAL_M_D,Percentage of wages of men in the same decile,_Z,Not applicable,_Z,Not applicable,MEAN,Mean,_T,Total,1981,,34.31635389,,,,A,Normal value,0,Units,1,One
DATAFLOW,OECD.ELS.SAE:DSD_EARNINGS@GENDER_WAGE_GAP(1.1),Gender wage gap,I,USA,United States,GWP,Gender wage gap,PT_WG_SAL_M_D,Percentage of wages of men in the same decile,_Z,Not applicable,_Z,Not applicable,MEAN,Mean,_T,Total,1982,,32.99748111,,,,A,Normal value,0,Units,1,One
DATAFLOW,OECD.ELS.SAE:DSD_EARNINGS@GENDER_WAGE_GAP(1.1),Gender wage gap,I,USA,United States,GWP,Gender wage gap,PT_WG_SAL_M_D,Percentage of wages of men in the same decile,_Z,Not applicable,_Z,Not applicable,MEAN,Mean,_T,Total,1983,,32.22512582,,,,A,Normal value,0,Units,1,One
DATAFLOW,OECD.ELS.SAE:DSD_EARNINGS@GENDER_WAGE_GAP(1.1),Gender wage gap,I,USA,United States,GWP,Gender wage gap,PT_WG_SAL_M_D,Percentage of wages of men in the same decile,_Z,Not applicable,_Z,Not applicable,MEAN,Mean,_T,Total,1984,,31.08667349,,,,A,Normal value,0,Units,1,One
DATAFLOW,OECD.ELS.SAE:DSD_EARNINGS@GENDER_WAGE_GAP(1.1),Gender wage gap,I,USA,United States,GWP,Gender wage gap,PT_WG_SAL_M_D,Percentage of wages of men in the same decile,_Z,Not applicable,_Z,Not applicable,MEAN,Mean,_T,Total,1985,,30.41261322,,,,A,Normal value,0,Units,1,One
DATAFLOW,OECD.ELS.SAE:DSD_EARNINGS@GENDER_WAGE_GAP(1.1),Gender wage gap,I,USA,United States,GWP,Gender wage gap,PT_WG_SAL_M_D,Percentage of wages of men in the same decile,_Z,Not applicable,_Z,Not applicable,MEAN,Mean,_T,Total,1986,,29.57460592,,,,A,Normal value,0,Units,1,One
DATAFLOW,OECD.ELS.SAE:DSD_EARNINGS@GENDER_WAGE_GAP(1.1),Gender wage gap,I,USA,United States,GWP,Gender wage gap,PT_WG_SAL_M_D,Percentage of wages of men in the same decile,_Z,Not applicable,_Z,Not applicable,MEAN,Mean,_T,Total,1987,,28.54845783,,,,A,Normal value,0,Units,1,One
DATAFLOW,OECD.ELS.SAE:DSD_EARNINGS@GENDER_WAGE_GAP(1.1),Gender wage gap,I,USA,United States,GWP,Gender wage gap,PT_WG_SAL_M_D,Percentage of wages of men in the same decile,_Z,Not applicable,_Z,Not applicable,MEAN,Mean,_T,Total,1988,,27.37160366,,,,A,Normal value,0,Units,1,One
DATAFLOW,OECD.ELS.SAE:DSD_EARNINGS@GENDER_WAGE_GAP(1.1),Gender wage gap,I,USA,United States,GWP,Gender wage gap,PT_WG_SAL_M_D,Percentage of wages of men in the same decile,_Z,Not applicable,_Z,Not applicable,MEAN,Mean,_T,Total,1989,,28.70675453,,,,A,Normal value,0,Units,1,One
DATAFLOW,OECD.ELS.SAE:DSD_EARNINGS@GENDER_WAGE_GAP(1.1),Gender wage gap,I,USA,United States,GWP,Gender wage gap,PT_WG_SAL_M_D,Percentage of wages of men in the same decile,_Z,Not applicable,_Z,Not applicable,MEAN,Mean,_T,Total,1990,,27.89302092,,,,A,Normal value,0,Units,1,One
DATAFLOW,OECD.ELS.SAE:DSD_EARNINGS@GENDER_WAGE_GAP(1.1),Gender wage gap,I,USA,United States,GWP,Gender wage gap,PT_WG_SAL_M_D,Percentage of wages of men in the same decile,_Z,Not applicable,_Z,Not applicable,MEAN,Mean,_T,Total,1991,,26.38864826,,,,A,Normal value,0,Units,1,One
DATAFLOW,OECD.ELS.SAE:DSD_EARNINGS@GENDER_WAGE_GAP(1.1),Gender wage gap,I,USA,United States,GWP,Gender wage gap,PT_WG_SAL_M_D,Percentage of wages of men in the same decile,_Z,Not applicable,_Z,Not applicable,MEAN,Mean,_T,Total,1992,,24.94487975,,,,A,Normal value,0,Units,1,One
DATAFLOW,OECD.ELS.SAE:DSD_EARNINGS@GENDER_WAGE_GAP(1.1),Gender wage gap,I,USA,United States,GWP,Gender wage gap,PT_WG_SAL_M_D,Percentage of wages of men in the same decile,_Z,Not applicable,_Z,Not applicable,MEAN,Mean,_T,Total,1993,,23.9601872,,,,A,Normal value,0,Units,1,One
DATAFLOW,OECD.ELS.SAE:DSD_EARNINGS@GENDER_WAGE_GAP(1.1),Gender wage gap,I,USA,United States,GWP,Gender wage gap,PT_WG_SAL_M_D,Percentage of wages of men in the same decile,_Z,Not applicable,_Z,Not applicable,MEAN,Mean,_T,Total,1994,,27.12369598,,,,A,Normal value,0,Units,1,One
DATAFLOW,OECD.ELS.SAE:DSD_EARNINGS@GENDER_WAGE_GAP(1.1),Gender wage gap,I,USA,United States,GWP,Gender wage gap,PT_WG_SAL_M_D,Percentage of wages of men in the same decile,_Z,Not applicable,_Z,Not applicable,MEAN,Mean,_T,Total,1995,,26.64670659,,,,A,Normal value,0,Units,1,One
DATAFLOW,OECD.ELS.SAE:DSD_EARNINGS@GENDER_WAGE_GAP(1.1),Gender wage gap,I,USA,United States,GWP,Gender wage gap,PT_WG_SAL_M_D,Percentage of wages of men in the same decile,_Z,Not applicable,_Z,Not applicable,MEAN,Mean,_T,Total,1996,,25.83941606,,,,A,Normal value,0,Units,1,One
DATAFLOW,OECD.ELS.SAE:DSD_EARNINGS@GENDER_WAGE_GAP(1.1),Gender wage gap,I,USA,United States,GWP,Gender wage gap,PT_WG_SAL_M_D,Percentage of wages of men in the same decile,_Z,Not applicable,_Z,Not applicable,MEAN,Mean,_T,Total,1997,,25.87412587,,,,A,Normal value,0,Units,1,One
DATAFLOW,OECD.ELS.SAE:DSD_EARNINGS@GENDER_WAGE_GAP(1.1),Gender wage gap,I,USA,United States,GWP,Gender wage gap,PT_WG_SAL_M_D,Percentage of wages of men in the same decile,_Z,Not applicable,_Z,Not applicable,MEAN,Mean,_T,Total,1998,,26,,,,A,Normal value,0,Units,1,One
DATAFLOW,OECD.ELS.SAE:DSD_EARNINGS@GENDER_WAGE_GAP(1.1),Gender wage gap,I,USA,United States,GWP,Gender wage gap,PT_WG_SAL_M_D,Percentage of wages of men in the same decile,_Z,Not applicable,_Z,Not applicable,MEAN,Mean,_T,Total,1999,,26.62420382,,,,A,Normal value,0,Units,1,One
DATAFLOW,OECD.ELS.SAE:DSD_EARNINGS@GENDER_WAGE_GAP(1.1),Gender wage gap,I,USA,United States,GWP,Gender wage gap,PT_WG_SAL_M_D,Percentage of wages of men in the same decile,_Z,Not applicable,_Z,Not applicable,MEAN,Mean,_T,Total,2000,,26.98412698,,,,A,Normal value,0,Units,1,One
DATAFLOW,OECD.ELS.SAE:DSD_EARNINGS@GENDER_WAGE_GAP(1.1),Gender wage gap,I,USA,United States,GWP,Gender wage gap,PT_WG_SAL_M_D,Percentage of wages of men in the same decile,_Z,Not applicable,_Z,Not applicable,MEAN,Mean,_T,Total,2001,,27.08333333,,,,A,Normal value,0,Units,1,One
DATAFLOW,OECD.ELS.SAE:DSD_EARNINGS@GENDER_WAGE_GAP(1.1),Gender wage gap,I,USA,United States,GWP,Gender wage gap,PT_WG_SAL_M_D,Percentage of wages of men in the same decile,_Z,Not applicable,_Z,Not applicable,MEAN,Mean,_T,Total,2002,,25.59456399,,,,A,Normal value,0,Units,1,One
DATAFLOW,OECD.ELS.SAE:DSD_EARNINGS@GENDER_WAGE_GAP(1.1),Gender wage gap,I,USA,United States,GWP,Gender wage gap,PT_WG_SAL_M_D,Percentage of wages of men in the same decile,_Z,Not applicable,_Z,Not applicable,MEAN,Mean,_T,Total,2003,,24.49888641,,,,A,Normal value,0,Units,1,One
DATAFLOW,OECD.ELS.SAE:DSD_EARNINGS@GENDER_WAGE_GAP(1.1),Gender wage gap,I,USA,United States,GWP,Gender wage gap,PT_WG_SAL_M_D,Percentage of wages of men in the same decile,_Z,Not applicable,_Z,Not applicable,MEAN,Mean,_T,Total,2004,,24.45887446,,,,A,Normal value,0,Units,1,One
DATAFLOW,OECD.ELS.SAE:DSD_EARNINGS@GENDER_WAGE_GAP(1.1),Gender wage gap,I,USA,United States,GWP,Gender wage gap,PT_WG_SAL_M_D,Percentage of wages of men in the same decile,_Z,Not applicable,_Z,Not applicable,MEAN,Mean,_T,Total,2005,,22.99465241,,,,A,Normal value,0,Units,1,One
DATAFLOW,OECD.ELS.SAE:DSD_EARNINGS@GENDER_WAGE_GAP(1.1),Gender wage gap,I,USA,United States,GWP,Gender wage gap,PT_WG_SAL_M_D,Percentage of wages of men in the same decile,_Z,Not applicable,_Z,Not applicable,MEAN,Mean,_T,Total,2006,,23.6869207,,,,A,Normal value,0,Units,1,One
DATAFLOW,OECD.ELS.SAE:DSD_EARNINGS@GENDER_WAGE_GAP(1.1),Gender wage gap,I,USA,United States,GWP,Gender wage gap,PT_WG_SAL_M_D,Percentage of wages of men in the same decile,_Z,Not applicable,_Z,Not applicable,MEAN,Mean,_T,Total,2007,,21.86588921,,,,A,Normal value,0,Units,1,One
DATAFLOW,OECD.ELS.SAE:DSD_EARNINGS@GENDER_WAGE_GAP(1.1),Gender wage gap,I,USA,United States,GWP,Gender wage gap,PT_WG_SAL_M_D,Percentage of wages of men in the same decile,_Z,Not applicable,_Z,Not applicable,MEAN,Mean,_T,Total,2008,,23.36103416,,,,A,Normal value,0,Units,1,One
DATAFLOW,OECD.ELS.SAE:DSD_EARNINGS@GENDER_WAGE_GAP(1.1),Gender wage gap,I,USA,United States,GWP,Gender wage gap,PT_WG_SAL_M_D,Percentage of wages of men in the same decile,_Z,Not applicable,_Z,Not applicable,MEAN,Mean,_T,Total,2009,,24.03508772,,,,A,Normal value,0,Units,1,One
DATAFLOW,OECD.ELS.SAE:DSD_EARNINGS@GENDER_WAGE_GAP(1.1),Gender wage gap,I,USA,United States,GWP,Gender wage gap,PT_WG_SAL_M_D,Percentage of wages of men in the same decile,_Z,Not applicable,_Z,Not applicable,MEAN,Mean,_T,Total,2010,,21.61204606,,,,A,Normal value,0,Units,1,One
DATAFLOW,OECD.ELS.SAE:DSD_EARNINGS@GENDER_WAGE_GAP(1.1),Gender wage gap,I,USA,United States,GWP,Gender wage gap,PT_WG_SAL_M_D,Percentage of wages of men in the same decile,_Z,Not applicable,_Z,Not applicable,MEAN,Mean,_T,Total,2011,,21.15384615,,,,A,Normal value,0,Units,1,One
DATAFLOW,OECD.ELS.SAE:DSD_EARNINGS@GENDER_WAGE_GAP(1.1),Gender wage gap,I,USA,United States,GWP,Gender wage gap,PT_WG_SAL_M_D,Percentage of wages of men in the same decile,_Z,Not applicable,_Z,Not applicable,MEAN,Mean,_T,Total,2012,,21.99661591,,,,A,Normal value,0,Units,1,One
DATAFLOW,OECD.ELS.SAE:DSD_EARNINGS@GENDER_WAGE_GAP(1.1),Gender wage gap,I,USA,United States,GWP,Gender wage gap,PT_WG_SAL_M_D,Percentage of wages of men in the same decile,_Z,Not applicable,_Z,Not applicable,MEAN,Mean,_T,Total,2013,,22.04658902,,,,A,Normal value,0,Units,1,One
DATAFLOW,OECD.ELS.SAE:DSD_EARNINGS@GENDER_WAGE_GAP(1.1),Gender wage gap,I,USA,United States,GWP,Gender wage gap,PT_WG_SAL_M_D,Percentage of wages of men in the same decile,_Z,Not applicable,_Z,Not applicable,MEAN,Mean,_T,Total,2014,,22.12096106,,,,A,Normal value,0,Units,1,One
DATAFLOW,OECD.ELS.SAE:DSD_EARNINGS@GENDER_WAGE_GAP(1.1),Gender wage gap,I,USA,United States,GWP,Gender wage gap,PT_WG_SAL_M_D,Percentage of wages of men in the same decile,_Z,Not applicable,_Z,Not applicable,MEAN,Mean,_T,Total,2015,,23.77622378,,,,A,Normal value,0,Units,1,One
DATAFLOW,OECD.ELS.SAE:DSD_EARNINGS@GENDER_WAGE_GAP(1.1),Gender wage gap,I,USA,United States,GWP,Gender wage gap,PT_WG_SAL_M_D,Percentage of wages of men in the same decile,_Z,Not applicable,_Z,Not applicable,MEAN,Mean,_T,Total,2016,,20.48286604,,,,A,Normal value,0,Units,1,One
DATAFLOW,OECD.ELS.SAE:DSD_EARNINGS@GENDER_WAGE_GAP(1.1),Gender wage gap,I,USA,United States,GWP,Gender wage gap,PT_WG_SAL_M_D,Percentage of wages of men in the same decile,_Z,Not applicable,_Z,Not applicable,MEAN,Mean,_T,Total,2017,,20.89665654,,,,A,Normal value,0,Units,1,One
DATAFLOW,OECD.ELS.SAE:DSD_EARNINGS@GENDER_WAGE_GAP(1.1),Gender wage gap,I,USA,United States,GWP,Gender wage gap,PT_WG_SAL_M_D,Percentage of wages of men in the same decile,_Z,Not applicable,_Z,Not applicable,MEAN,Mean,_T,Total,2018,,21.02973169,,,,A,Normal value,0,Units,1,One
DATAFLOW,OECD.ELS.SAE:DSD_EARNINGS@GENDER_WAGE_GAP(1.1),Gender wage gap,I,USA,United States,GWP,Gender wage gap,PT_WG_SAL_M_D,Percentage of wages of men in the same decile,_Z,Not applicable,_Z,Not applicable,MEAN,Mean,_T,Total,2019,,21.11498258,,,,A,Normal value,0,Units,1,One
DATAFLOW,OECD.ELS.SAE:DSD_EARNINGS@GENDER_WAGE_GAP(1.1),Gender wage gap,I,USA,United States,GWP,Gender wage gap,PT_WG_SAL_M_D,Percentage of wages of men in the same decile,_Z,Not applicable,_Z,Not applicable,MEAN,Mean,_T,Total,2020,,19.40199336,,,,A,Normal value,0,Units,1,One
DATAFLOW,OECD.ELS.SAE:DSD_EARNINGS@GENDER_WAGE_GAP(1.1),Gender wage gap,I,USA,United States,GWP,Gender wage gap,PT_WG_SAL_M_D,Percentage of wages of men in the same decile,_Z,Not applicable,_Z,Not applicable,MEAN,Mean,_T,Total,2021,,17.73879142,,,,A,Normal value,0,Units,1,One
DATAFLOW,OECD.ELS.SAE:DSD_EARNINGS@GENDER_WAGE_GAP(1.1),Gender wage gap,I,USA,United States,GWP,Gender wage gap,PT_WG_SAL_M_D,Percentage of wages of men in the same decile,_Z,Not applicable,_Z,Not applicable,MEAN,Mean,_T,Total,2022,,21.6152019,,,,A,Normal value,0,Units,1,One
DATAFLOW,OECD.ELS.SAE:DSD_EARNINGS@GENDER_WAGE_GAP(1.1),Gender wage gap,I,USA,United States,GWP,Gender wage gap,PT_WG_SAL_M_D,Percentage of wages of men in the same decile,_Z,Not applicable,_Z,Not applicable,MEAN,Mean,_T,Total,2023,,17.90697674,,,,A,Normal value,0,Units,1,One
DATAFLOW,OECD.ELS.SAE:DSD_EARNINGS@GENDER_WAGE_GAP(1.1),Gender wage gap,I,USA,United States,GWP,Gender wage gap,PT_WG_SAL_M_D,Percentage of wages of men in the same decile,_Z,Not applicable,_Z,Not applicable,MEAN,Mean,_T,Total,2024,,19.44444444,,,,A,Normal value,0,Units,1,One
DATAFLOW,OECD.ELS.SAE:DSD_EARNINGS@GENDER_WAGE_GAP(1.1),Gender wage gap,I,ARG,Argentina,GWP,Gender wage gap,PT_WG_SAL_M_D,Percentage of wages of men in the same decile,_Z,Not applicable,_Z,Not applicable,MEAN,Mean,_T,Total,2017,,11.12474313,,,,A,Normal value,0,Units,1,One
DATAFLOW,OECD.ELS.SAE:DSD_EARNINGS@GENDER_WAGE_GAP(1.1),Gender wage gap,I,ARG,Argentina,GWP,Gender wage gap,PT_WG_SAL_M_D,Percentage of wages of men in the same decile,_Z,Not applicable,_Z,Not applicable,MEAN,Mean,_T,Total,2018,,9.953740842,,,,A,Normal value,0,Units,1,One
DATAFLOW,OECD.ELS.SAE:DSD_EARNINGS@GENDER_WAGE_GAP(1.1),Gender wage gap,I,ARG,Argentina,GWP,Gender wage gap,PT_WG_SAL_M_D,Percentage of wages of men in the same decile,_Z,Not applicable,_Z,Not applicable,MEAN,Mean,_T,Total,2019,,9.036431868,,,,A,Normal value,0,Units,1,One
DATAFLOW,OECD.ELS.SAE:DSD_EARNINGS@GENDER_WAGE_GAP(1.1),Gender wage gap,I,ARG,Argentina,GWP,Gender wage gap,PT_WG_SAL_M_D,Percentage of wages of men in the same decile,_Z,Not applicable,_Z,Not applicable,MEAN,Mean,_T,Total,2020,,6.757103788,,,,A,Normal value,0,Units,1,One
DATAFLOW,OECD.ELS.SAE:DSD_EARNINGS@GENDER_WAGE_GAP(1.1),Gender wage gap,I,ARG,Argentina,GWP,Gender wage gap,PT_WG_SAL_M_D,Percentage of wages of men in the same decile,_Z,Not applicable,_Z,Not applicable,MEAN,Mean,_T,Total,2021,,7.935946485,,,,A,Normal value,0,Units,1,One
DATAFLOW,OECD.ELS.SAE:DSD_EARNINGS@GENDER_WAGE_GAP(1.1),Gender wage gap,I,ARG,Argentina,GWP,Gender wage gap,PT_WG_SAL_M_D,Percentage of wages of men in the same decile,_Z,Not applicable,_Z,Not applicable,MEAN,Mean,_T,Total,2022,,9.346530528,,,,A,Normal value,0,Units,1,One
DATAFLOW,OECD.ELS.SAE:DSD_EARNINGS@GENDER_WAGE_GAP(1.1),Gender wage gap,I,ARG,Argentina,GWP,Gender wage gap,PT_WG_SAL_M_D,Percentage of wages of men in the same decile,_Z,Not applicable,_Z,Not applicable,MEAN,Mean,_T,Total,2023,,7.897972593,,,,A,Normal value,0,Units,1,One
DATAFLOW,OECD.ELS.SAE:DSD_EARNINGS@GENDER_WAGE_GAP(1.1),Gender wage gap,I,ARG,Argentina,GWP,Gender wage gap,PT_WG_SAL_M_D,Percentage of wages of men in the same decile,_Z,Not applicable,_Z,Not applicable,MEAN,Mean,_T,Total,2024,,11.55910732,,,,A,Normal value,0,Units,1,One
DATAFLOW,OECD.ELS.SAE:DSD_EARNINGS@GENDER_WAGE_GAP(1.1),Gender wage gap,I,BRA,Brazil,GWP,Gender wage gap,PT_WG_SAL_M_D,Percentage of wages of men in the same decile,_Z,Not applicable,_Z,Not applicable,MEAN,Mean,_T,Total,2012,,11.64845192,,,,A,Normal value,0,Units,1,One
DATAFLOW,OECD.ELS.SAE:DSD_EARNINGS@GENDER_WAGE_GAP(1.1),Gender wage gap,I,BRA,Brazil,GWP,Gender wage gap,PT_WG_SAL_M_D,Percentage of wages of men in the same decile,_Z,Not applicable,_Z,Not applicable,MEAN,Mean,_T,Total,2013,,11.79939343,,,,A,Normal value,0,Units,1,One
DATAFLOW,OECD.ELS.SAE:DSD_EARNINGS@GENDER_WAGE_GAP(1.1),Gender wage gap,I,BRA,Brazil,GWP,Gender wage gap,PT_WG_SAL_M_D,Percentage of wages of men in the same decile,_Z,Not applicable,_Z,Not applicable,MEAN,Mean,_T,Total,2014,,12.83887062,,,,A,Normal value,0,Units,1,One
DATAFLOW,OECD.ELS.SAE:DSD_EARNINGS@GENDER_WAGE_GAP(1.1),Gender wage gap,I,BRA,Brazil,GWP,Gender wage gap,PT_WG_SAL_M_D,Percentage of wages of men in the same decile,_Z,Not applicable,_Z,Not applicable,MEAN,Mean,_T,Total,2015,,11.63160295,,,,A,Normal value,0,Units,1,One
DATAFLOW,OECD.ELS.SAE:DSD_EARNINGS@GENDER_WAGE_GAP(1.1),Gender wage gap,I,BRA,Brazil,GWP,Gender wage gap,PT_WG_SAL_M_D,Percentage of wages of men in the same decile,_Z,Not applicable,_Z,Not applicable,MEAN,Mean,_T,Total,2016,,8.815691445,,,,A,Normal value,0,Units,1,One
DATAFLOW,OECD.ELS.SAE:DSD_EARNINGS@GENDER_WAGE_GAP(1.1),Gender wage gap,I,BRA,Brazil,GWP,Gender wage gap,PT_WG_SAL_M_D,Percentage of wages of men in the same decile,_Z,Not applicable,_Z,Not applicable,MEAN,Mean,_T,Total,2017,,9.482170541,,,,A,Normal value,0,Units,1,One
DATAFLOW,OECD.ELS.SAE:DSD_EARNINGS@GENDER_WAGE_GAP(1.1),Gender wage gap,I,BRA,Brazil,GWP,Gender wage gap,PT_WG_SAL_M_D,Percentage of wages of men in the same decile,_Z,Not applicable,_Z,Not applicable,MEAN,Mean,_T,Total,2018,,9.505130601,,,,A,Normal value,0,Units,1,One
DATAFLOW,OECD.ELS.SAE:DSD_EARNINGS@GENDER_WAGE_GAP(1.1),Gender wage gap,I,BRA,Brazil,GWP,Gender wage gap,PT_WG_SAL_M_D,Percentage of wages of men in the same decile,_Z,Not applicable,_Z,Not applicable,MEAN,Mean,_T,Total,2019,,8.974902007,,,,A,Normal value,0,Units,1,One
DATAFLOW,OECD.ELS.SAE:DSD_EARNINGS@GENDER_WAGE_GAP(1.1),Gender wage gap,I,BRA,Brazil,GWP,Gender wage gap,PT_WG_SAL_M_D,Percentage of wages of men in the same decile,_Z,Not applicable,_Z,Not applicable,MEAN,Mean,_T,Total,2020,,8.358559657,,,,A,Normal value,0,Units,1,One
DATAFLOW,OECD.ELS.SAE:DSD_EARNINGS@GENDER_WAGE_GAP(1.1),Gender wage gap,I,BRA,Brazil,GWP,Gender wage gap,PT_WG_SAL_M_D,Percentage of wages of men in the same decile,_Z,Not applicable,_Z,Not applicable,MEAN,Mean,_T,Total,2021,,7.387457195,,,,A,Normal value,0,Units,1,One
DATAFLOW,OECD.ELS.SAE:DSD_EARNINGS@GENDER_WAGE_GAP(1.1),Gender wage gap,I,BRA,Brazil,GWP,Gender wage gap,PT_WG_SAL_M_D,Percentage of wages of men in the same decile,_Z,Not applicable,_Z,Not applicable,MEAN,Mean,_T,Total,2022,,9.011560557,,,,A,Normal value,0,Units,1,One
DATAFLOW,OECD.ELS.SAE:DSD_EARNINGS@GENDER_WAGE_GAP(1.1),Gender wage gap,I,BRA,Brazil,GWP,Gender wage gap,PT_WG_SAL_M_D,Percentage of wages of men in the same decile,_Z,Not applicable,_Z,Not applicable,MEAN,Mean,_T,Total,2023,,8.788449246,,,,A,Normal value,0,Units,1,One
DATAFLOW,OECD.ELS.SAE:DSD_EARNINGS@GENDER_WAGE_GAP(1.1),Gender wage gap,I,BRA,Brazil,GWP,Gender wage gap,PT_WG_SAL_M_D,Percentage of wages of men in the same decile,_Z,Not applicable,_Z,Not applicable,MEAN,Mean,_T,Total,2024,,5.314373434,,,,A,Normal value,0,Units,1,One
DATAFLOW,OECD.ELS.SAE:DSD_EARNINGS@GENDER_WAGE_GAP(1.1),Gender wage gap,I,BGR,Bulgaria,GWP,Gender wage gap,PT_WG_SAL_M_D,Percentage of wages of men in the same decile,_Z,Not applicable,_Z,Not applicable,MEAN,Mean,_T,Total,2002,,18.18957531,,,,A,Normal value,0,Units,1,One
DATAFLOW,OECD.ELS.SAE:DSD_EARNINGS@GENDER_WAGE_GAP(1.1),Gender wage gap,I,BGR,Bulgaria,GWP,Gender wage gap,PT_WG_SAL_M_D,Percentage of wages of men in the same decile,_Z,Not applicable,_Z,Not applicable,MEAN,Mean,_T,Total,2006,,11.5588562,,,,A,Normal value,0,Units,1,One
DATAFLOW,OECD.ELS.SAE:DSD_EARNINGS@GENDER_WAGE_GAP(1.1),Gender wage gap,I,BGR,Bulgaria,GWP,Gender wage gap,PT_WG_SAL_M_D,Percentage of wages of men in the same decile,_Z,Not applicable,_Z,Not applicable,MEAN,Mean,_T,Total,2010,,14.31998628,,,,A,Normal value,0,Units,1,One
DATAFLOW,OECD.ELS.SAE:DSD_EARNINGS@GENDER_WAGE_GAP(1.1),Gender wage gap,I,BGR,Bulgaria,GWP,Gender wage gap,PT_WG_SAL_M_D,Percentage of wages of men in the same decile,_Z,Not applicable,_Z,Not applicable,MEAN,Mean,_T,Total,2014,,14.62438816,,,,A,Normal value,0,Units,1,One
DATAFLOW,OECD.ELS.SAE:DSD_EARNINGS@GENDER_WAGE_GAP(1.1),Gender wage gap,I,BGR,Bulgaria,GWP,Gender wage gap,PT_WG_SAL_M_D,Percentage of wages of men in the same decile,_Z,Not applicable,_Z,Not applicable,MEAN,Mean,_T,Total,2018,,14.51468555,,,,A,Normal value,0,Units,1,One
DATAFLOW,OECD.ELS.SAE:DSD_EARNINGS@GENDER_WAGE_GAP(1.1),Gender wage gap,I,BGR,Bulgaria,GWP,Gender wage gap,PT_WG_SAL_M_D,Percentage of wages of men in the same decile,_Z,Not applicable,_Z,Not applicable,MEAN,Mean,_T,Total,2022,,14.52622702,,,,A,Normal value,0,Units,1,One
DATAFLOW,OECD.ELS.SAE:DSD_EARNINGS@GENDER_WAGE_GAP(1.1),Gender wage gap,I,BGR,Bulgaria,GWP,Gender wage gap,PT_WG_SAL_M_D,Percentage of wages of men in the same decile,_Z,Not applicable,_Z,Not applicable,MEAN,Mean,_T,Total,2023,,14.88625789,,,,A,Normal value,0,Units,1,One
DATAFLOW,OECD.ELS.SAE:DSD_EARNINGS@GENDER_WAGE_GAP(1.1),Gender wage gap,I,HRV,Croatia,GWP,Gender wage gap,PT_WG_SAL_M_D,Percentage of wages of men in the same decile,_Z,Not applicable,_Z,Not applicable,MEAN,Mean,_T,Total,2010,,6.443275959,,,,A,Normal value,0,Units,1,One
DATAFLOW,OECD.ELS.SAE:DSD_EARNINGS@GENDER_WAGE_GAP(1.1),Gender wage gap,I,HRV,Croatia,GWP,Gender wage gap,PT_WG_SAL_M_D,Percentage of wages of men in the same decile,_Z,Not applicable,_Z,Not applicable,MEAN,Mean,_T,Total,2014,,8.733275185,,,,A,Normal value,0,Units,1,One
DATAFLOW,OECD.ELS.SAE:DSD_EARNINGS@GENDER_WAGE_GAP(1.1),Gender wage gap,I,HRV,Croatia,GWP,Gender wage gap,PT_WG_SAL_M_D,Percentage of wages of men in the same decile,_Z,Not applicable,_Z,Not applicable,MEAN,Mean,_T,Total,2018,,11.42497247,,,,A,Normal value,0,Units,1,One
DATAFLOW,OECD.ELS.SAE:DSD_EARNINGS@GENDER_WAGE_GAP(1.1),Gender wage gap,I,HRV,Croatia,GWP,Gender wage gap,PT_WG_SAL_M_D,Percentage of wages of men in the same decile,_Z,Not applicable,_Z,Not applicable,MEAN,Mean,_T,Total,2022,,7.646547241,,,,A,Normal value,0,Units,1,One
DATAFLOW,OECD.ELS.SAE:DSD_EARNINGS@GENDER_WAGE_GAP(1.1),Gender wage gap,I,HRV,Croatia,GWP,Gender wage gap,PT_WG_SAL_M_D,Percentage of wages of men in the same decile,_Z,Not applicable,_Z,Not applicable,MEAN,Mean,_T,Total,2023,,11.27624386,,,,A,Normal value,0,Units,1,One
DATAFLOW,OECD.ELS.SAE:DSD_EARNINGS@GENDER_WAGE_GAP(1.1),Gender wage gap,I,CYP,Cyprus,GWP,Gender wage gap,PT_WG_SAL_M_D,Percentage of wages of men in the same decile,_Z,Not applicable,_Z,Not applicable,MEAN,Mean,_T,Total,2002,,32.65956141,,,,A,Normal value,0,Units,1,One
DATAFLOW,OECD.ELS.SAE:DSD_EARNINGS@GENDER_WAGE_GAP(1.1),Gender wage gap,I,CYP,Cyprus,GWP,Gender wage gap,PT_WG_SAL_M_D,Percentage of wages of men in the same decile,_Z,Not applicable,_Z,Not applicable,MEAN,Mean,_T,Total,2006,,24.95357694,,,,A,Normal value,0,Units,1,One
DATAFLOW,OECD.ELS.SAE:DSD_EARNINGS@GENDER_WAGE_GAP(1.1),Gender wage gap,I,CYP,Cyprus,GWP,Gender wage gap,PT_WG_SAL_M_D,Percentage of wages of men in the same decile,_Z,Not applicable,_Z,Not applicable,MEAN,Mean,_T,Total,2010,,20.76439116,,,,A,Normal value,0,Units,1,One
DATAFLOW,OECD.ELS.SAE:DSD_EARNINGS@GENDER_WAGE_GAP(1.1),Gender wage gap,I,CYP,Cyprus,GWP,Gender wage gap,PT_WG_SAL_M_D,Percentage of wages of men in the same decile,_Z,Not applicable,_Z,Not applicable,MEAN,Mean,_T,Total,2014,,17.05336008,,,,A,Normal value,0,Units,1,One
DATAFLOW,OECD.ELS.SAE:DSD_EARNINGS@GENDER_WAGE_GAP(1.1),Gender wage gap,I,CYP,Cyprus,GWP,Gender wage gap,PT_WG_SAL_M_D,Percentage of wages of men in the same decile,_Z,Not applicable,_Z,Not applicable,MEAN,Mean,_T,Total,2018,,16.12885436,,,,A,Normal value,0,Units,1,One
DATAFLOW,OECD.ELS.SAE:DSD_EARNINGS@GENDER_WAGE_GAP(1.1),Gender wage gap,I,CYP,Cyprus,GWP,Gender wage gap,PT_WG_SAL_M_D,Percentage of wages of men in the same decile,_Z,Not applicable,_Z,Not applicable,MEAN,Mean,_T,Total,2022,,17.80542772,,,,A,Normal value,0,Units,1,One
DATAFLOW,OECD.ELS.SAE:DSD_EARNINGS@GENDER_WAGE_GAP(1.1),Gender wage gap,I,CYP,Cyprus,GWP,Gender wage gap,PT_WG_SAL_M_D,Percentage of wages of men in the same decile,_Z,Not applicable,_Z,Not applicable,MEAN,Mean,_T,Total,2023,,17.66395805,,,,A,Normal value,0,Units,1,One
DATAFLOW,OECD.ELS.SAE:DSD_EARNINGS@GENDER_WAGE_GAP(1.1),Gender wage gap,I,IND,India,GWP,Gender wage gap,PT_WG_SAL_M_D,Percentage of wages of men in the same decile,_Z,Not applicable,_Z,Not applicable,MEAN,Mean,_T,Total,2018,,19.420271,,,,A,Normal value,0,Units,1,One
DATAFLOW,OECD.ELS.SAE:DSD_EARNINGS@GENDER_WAGE_GAP(1.1),Gender wage gap,I,IND,India,GWP,Gender wage gap,PT_WG_SAL_M_D,Percentage of wages of men in the same decile,_Z,Not applicable,_Z,Not applicable,MEAN,Mean,_T,Total,2019,,19.83811139,,,,A,Normal value,0,Units,1,One
DATAFLOW,OECD.ELS.SAE:DSD_EARNINGS@GENDER_WAGE_GAP(1.1),Gender wage gap,I,IND,India,GWP,Gender wage gap,PT_WG_SAL_M_D,Percentage of wages of men in the same decile,_Z,Not applicable,_Z,Not applicable,MEAN,Mean,_T,Total,2020,,18.6105097,,,,A,Normal value,0,Units,1,One
DATAFLOW,OECD.ELS.SAE:DSD_EARNINGS@GENDER_WAGE_GAP(1.1),Gender wage gap,I,IND,India,GWP,Gender wage gap,PT_WG_SAL_M_D,Percentage of wages of men in the same decile,_Z,Not applicable,_Z,Not applicable,MEAN,Mean,_T,Total,2021,,22.52270987,,,,A,Normal value,0,Units,1,One
DATAFLOW,OECD.ELS.SAE:DSD_EARNINGS@GENDER_WAGE_GAP(1.1),Gender wage gap,I,IND,India,GWP,Gender wage gap,PT_WG_SAL_M_D,Percentage of wages of men in the same decile,_Z,Not applicable,_Z,Not applicable,MEAN,Mean,_T,Total,2022,,18.21747141,,,,A,Normal value,0,Units,1,One
DATAFLOW,OECD.ELS.SAE:DSD_EARNINGS@GENDER_WAGE_GAP(1.1),Gender wage gap,I,IND,India,GWP,Gender wage gap,PT_WG_SAL_M_D,Percentage of wages of men in the same decile,_Z,Not applicable,_Z,Not applicable,MEAN,Mean,_T,Total,2023,,19.68441637,,,,A,Normal value,0,Units,1,One
DATAFLOW,OECD.ELS.SAE:DSD_EARNINGS@GENDER_WAGE_GAP(1.1),Gender wage gap,I,IND,India,GWP,Gender wage gap,PT_WG_SAL_M_D,Percentage of wages of men in the same decile,_Z,Not applicable,_Z,Not applicable,MEAN,Mean,_T,Total,2024,,20.34439675,,,,A,Normal value,0,Units,1,One
DATAFLOW,OECD.ELS.SAE:DSD_EARNINGS@GENDER_WAGE_GAP(1.1),Gender wage gap,I,MLT,Malta,GWP,Gender wage gap,PT_WG_SAL_M_D,Percentage of wages of men in the same decile,_Z,Not applicable,_Z,Not applicable,MEAN,Mean,_T,Total,2002,,13.93863218,,,,A,Normal value,0,Units,1,One
DATAFLOW,OECD.ELS.SAE:DSD_EARNINGS@GENDER_WAGE_GAP(1.1),Gender wage gap,I,MLT,Malta,GWP,Gender wage gap,PT_WG_SAL_M_D,Percentage of wages of men in the same decile,_Z,Not applicable,_Z,Not applicable,MEAN,Mean,_T,Total,2006,,12.59732971,,,,A,Normal value,0,Units,1,One
DATAFLOW,OECD.ELS.SAE:DSD_EARNINGS@GENDER_WAGE_GAP(1.1),Gender wage gap,I,MLT,Malta,GWP,Gender wage gap,PT_WG_SAL_M_D,Percentage of wages of men in the same decile,_Z,Not applicable,_Z,Not applicable,MEAN,Mean,_T,Total,2010,,13.8620023,,,,A,Normal value,0,Units,1,One
DATAFLOW,OECD.ELS.SAE:DSD_EARNINGS@GENDER_WAGE_GAP(1.1),Gender wage gap,I,MLT,Malta,GWP,Gender wage gap,PT_WG_SAL_M_D,Percentage of wages of men in the same decile,_Z,Not applicable,_Z,Not applicable,MEAN,Mean,_T,Total,2014,,16.16735459,,,,A,Normal value,0,Units,1,One
DATAFLOW,OECD.ELS.SAE:DSD_EARNINGS@GENDER_WAGE_GAP(1.1),Gender wage gap,I,MLT,Malta,GWP,Gender wage gap,PT_WG_SAL_M_D,Percentage of wages of men in the same decile,_Z,Not applicable,_Z,Not applicable,MEAN,Mean,_T,Total,2018,,16.47227562,,,,A,Normal value,0,Units,1,One
DATAFLOW,OECD.ELS.SAE:DSD_EARNINGS@GENDER_WAGE_GAP(1.1),Gender wage gap,I,MLT,Malta,GWP,Gender wage gap,PT_WG_SAL_M_D,Percentage of wages of men in the same decile,_Z,Not applicable,_Z,Not applicable,MEAN,Mean,_T,Total,2022,,8.747367957,,,,A,Normal value,0,Units,1,One
DATAFLOW,OECD.ELS.SAE:DSD_EARNINGS@GENDER_WAGE_GAP(1.1),Gender wage gap,I,MLT,Malta,GWP,Gender wage gap,PT_WG_SAL_M_D,Percentage of wages of men in the same decile,_Z,Not applicable,_Z,Not applicable,MEAN,Mean,_T,Total,2023,,14.6514623,,,,A,Normal value,0,Units,1,One
DATAFLOW,OECD.ELS.SAE:DSD_EARNINGS@GENDER_WAGE_GAP(1.1),Gender wage gap,I,PER,Peru,GWP,Gender wage gap,PT_WG_SAL_M_D,Percentage of wages of men in the same decile,_Z,Not applicable,_Z,Not applicable,MEAN,Mean,_T,Total,2010,,21.1202138,,,,A,Normal value,0,Units,1,One
DATAFLOW,OECD.ELS.SAE:DSD_EARNINGS@GENDER_WAGE_GAP(1.1),Gender wage gap,I,PER,Peru,GWP,Gender wage gap,PT_WG_SAL_M_D,Percentage of wages of men in the same decile,_Z,Not applicable,_Z,Not applicable,MEAN,Mean,_T,Total,2011,,22.68999147,,,,A,Normal value,0,Units,1,One
DATAFLOW,OECD.ELS.SAE:DSD_EARNINGS@GENDER_WAGE_GAP(1.1),Gender wage gap,I,PER,Peru,GWP,Gender wage gap,PT_WG_SAL_M_D,Percentage of wages of men in the same decile,_Z,Not applicable,_Z,Not applicable,MEAN,Mean,_T,Total,2012,,21.1081095,,,,A,Normal value,0,Units,1,One
DATAFLOW,OECD.ELS.SAE:DSD_EARNINGS@GENDER_WAGE_GAP(1.1),Gender wage gap,I,PER,Peru,GWP,Gender wage gap,PT_WG_SAL_M_D,Percentage of wages of men in the same decile,_Z,Not applicable,_Z,Not applicable,MEAN,Mean,_T,Total,2013,,18.55386014,,,,A,Normal value,0,Units,1,One
DATAFLOW,OECD.ELS.SAE:DSD_EARNINGS@GENDER_WAGE_GAP(1.1),Gender wage gap,I,PER,Peru,GWP,Gender wage gap,PT_WG_SAL_M_D,Percentage of wages of men in the same decile,_Z,Not applicable,_Z,Not applicable,MEAN,Mean,_T,Total,2014,,18.13587827,,,,A,Normal value,0,Units,1,One
DATAFLOW,OECD.ELS.SAE:DSD_EARNINGS@GENDER_WAGE_GAP(1.1),Gender wage gap,I,PER,Peru,GWP,Gender wage gap,PT_WG_SAL_M_D,Percentage of wages of men in the same decile,_Z,Not applicable,_Z,Not applicable,MEAN,Mean,_T,Total,2015,,16.68759257,,,,A,Normal value,0,Units,1,One
DATAFLOW,OECD.ELS.SAE:DSD_EARNINGS@GENDER_WAGE_GAP(1.1),Gender wage gap,I,PER,Peru,GWP,Gender wage gap,PT_WG_SAL_M_D,Percentage of wages of men in the same decile,_Z,Not applicable,_Z,Not applicable,MEAN,Mean,_T,Total,2016,,16.28083826,,,,A,Normal value,0,Units,1,One
DATAFLOW,OECD.ELS.SAE:DSD_EARNINGS@GENDER_WAGE_GAP(1.1),Gender wage gap,I,PER,Peru,GWP,Gender wage gap,PT_WG_SAL_M_D,Percentage of wages of men in the same decile,_Z,Not applicable,_Z,Not applicable,MEAN,Mean,_T,Total,2017,,17.09254866,,,,A,Normal value,0,Units,1,One
DATAFLOW,OECD.ELS.SAE:DSD_EARNINGS@GENDER_WAGE_GAP(1.1),Gender wage gap,I,PER,Peru,GWP,Gender wage gap,PT_WG_SAL_M_D,Percentage of wages of men in the same decile,_Z,Not applicable,_Z,Not applicable,MEAN,Mean,_T,Total,2018,,17.79234032,,,,A,Normal value,0,Units,1,One
DATAFLOW,OECD.ELS.SAE:DSD_EARNINGS@GENDER_WAGE_GAP(1.1),Gender wage gap,I,PER,Peru,GWP,Gender wage gap,PT_WG_SAL_M_D,Percentage of wages of men in the same decile,_Z,Not applicable,_Z,Not applicable,MEAN,Mean,_T,Total,2020,,7.973324626,,,,A,Normal value,0,Units,1,One
DATAFLOW,OECD.ELS.SAE:DSD_EARNINGS@GENDER_WAGE_GAP(1.1),Gender wage gap,I,PER,Peru,GWP,Gender wage gap,PT_WG_SAL_M_D,Percentage of wages of men in the same decile,_Z,Not applicable,_Z,Not applicable,MEAN,Mean,_T,Total,2021,,10.87830826,,,,A,Normal value,0,Units,1,One
DATAFLOW,OECD.ELS.SAE:DSD_EARNINGS@GENDER_WAGE_GAP(1.1),Gender wage gap,I,PER,Peru,GWP,Gender wage gap,PT_WG_SAL_M_D,Percentage of wages of men in the same decile,_Z,Not applicable,_Z,Not applicable,MEAN,Mean,_T,Total,2022,,15.6534879,,,,A,Normal value,0,Units,1,One
DATAFLOW,OECD.ELS.SAE:DSD_EARNINGS@GENDER_WAGE_GAP(1.1),Gender wage gap,I,ROU,Romania,GWP,Gender wage gap,PT_WG_SAL_M_D,Percentage of wages of men in the same decile,_Z,Not applicable,_Z,Not applicable,MEAN,Mean,_T,Total,2002,,15.43268443,,,,A,Normal value,0,Units,1,One
DATAFLOW,OECD.ELS.SAE:DSD_EARNINGS@GENDER_WAGE_GAP(1.1),Gender wage gap,I,ROU,Romania,GWP,Gender wage gap,PT_WG_SAL_M_D,Percentage of wages of men in the same decile,_Z,Not applicable,_Z,Not applicable,MEAN,Mean,_T,Total,2006,,6.298465104,,,,A,Normal value,0,Units,1,One
DATAFLOW,OECD.ELS.SAE:DSD_EARNINGS@GENDER_WAGE_GAP(1.1),Gender wage gap,I,ROU,Romania,GWP,Gender wage gap,PT_WG_SAL_M_D,Percentage of wages of men in the same decile,_Z,Not applicable,_Z,Not applicable,MEAN,Mean,_T,Total,2010,,9.220076062,,,,A,Normal value,0,Units,1,One
DATAFLOW,OECD.ELS.SAE:DSD_EARNINGS@GENDER_WAGE_GAP(1.1),Gender wage gap,I,ROU,Romania,GWP,Gender wage gap,PT_WG_SAL_M_D,Percentage of wages of men in the same decile,_Z,Not applicable,_Z,Not applicable,MEAN,Mean,_T,Total,2014,,4.929929257,,,,A,Normal value,0,Units,1,One
DATAFLOW,OECD.ELS.SAE:DSD_EARNINGS@GENDER_WAGE_GAP(1.1),Gender wage gap,I,ROU,Romania,GWP,Gender wage gap,PT_WG_SAL_M_D,Percentage of wages of men in the same decile,_Z,Not applicable,_Z,Not applicable,MEAN,Mean,_T,Total,2018,,2.736090659,,,,A,Normal value,0,Units,1,One
DATAFLOW,OECD.ELS.SAE:DSD_EARNINGS@GENDER_WAGE_GAP(1.1),Gender wage gap,I,ROU,Romania,GWP,Gender wage gap,PT_WG_SAL_M_D,Percentage of wages of men in the same decile,_Z,Not applicable,_Z,Not applicable,MEAN,Mean,_T,Total,2022,,2.333869788,,,,A,Normal value,0,Units,1,One
DATAFLOW,OECD.ELS.SAE:DSD_EARNINGS@GENDER_WAGE_GAP(1.1),Gender wage gap,I,ROU,Romania,GWP,Gender wage gap,PT_WG_SAL_M_D,Percentage of wages of men in the same decile,_Z,Not applicable,_Z,Not applicable,MEAN,Mean,_T,Total,2023,,3.952273407,,,,A,Normal value,0,Units,1,One
DATAFLOW,OECD.ELS.SAE:DSD_EARNINGS@GENDER_WAGE_GAP(1.1),Gender wage gap,I,LUX,Luxembourg,GWP,Gender wage gap,PT_WG_SAL_M_D,Percentage of wages of men in the same decile,_Z,Not applicable,_Z,Not applicable,MEAN,Mean,_T,Total,2002,,18.493816135,,,,A,Normal value,0,Units,1,One
DATAFLOW,OECD.ELS.SAE:DSD_EARNINGS@GENDER_WAGE_GAP(1.1),Gender wage gap,I,LUX,Luxembourg,GWP,Gender wage gap,PT_WG_SAL_M_D,Percentage of wages of men in the same decile,_Z,Not applicable,_Z,Not applicable,MEAN,Mean,_T,Total,2006,,13.705054581,,,,A,Normal value,0,Units,1,One
DATAFLOW,OECD.ELS.SAE:DSD_EARNINGS@GENDER_WAGE_GAP(1.1),Gender wage gap,I,LUX,Luxembourg,GWP,Gender wage gap,PT_WG_SAL_M_D,Percentage of wages of men in the same decile,_Z,Not applicable,_Z,Not applicable,MEAN,Mean,_T,Total,2010,,12.989724375,,,,A,Normal value,0,Units,1,One
DATAFLOW,OECD.ELS.SAE:DSD_EARNINGS@GENDER_WAGE_GAP(1.1),Gender wage gap,I,LUX,Luxembourg,GWP,Gender wage gap,PT_WG_SAL_M_D,Percentage of wages of men in the same decile,_Z,Not applicable,_Z,Not applicable,MEAN,Mean,_T,Total,2014,,8.9511924682,,,,A,Normal value,0,Units,1,One
DATAFLOW,OECD.ELS.SAE:DSD_EARNINGS@GENDER_WAGE_GAP(1.1),Gender wage gap,I,LUX,Luxembourg,GWP,Gender wage gap,PT_WG_SAL_M_D,Percentage of wages of men in the same decile,_Z,Not applicable,_Z,Not applicable,MEAN,Mean,_T,Total,2018,,3.2017430351,,,,A,Normal value,0,Units,1,One
DATAFLOW,OECD.ELS.SAE:DSD_EARNINGS@GENDER_WAGE_GAP(1.1),Gender wage gap,I,LUX,Luxembourg,GWP,Gender wage gap,PT_WG_SAL_M_D,Percentage of wages of men in the same decile,_Z,Not applicable,_Z,Not applicable,MEAN,Mean,_T,Total,2022,,-0.297029197,,,,A,Normal value,0,Units,1,One
DATAFLOW,OECD.ELS.SAE:DSD_EARNINGS@GENDER_WAGE_GAP(1.1),Gender wage gap,I,OECD,OECD,GWP,Gender wage gap,PT_WG_SAL_M_D,Percentage of wages of men in the same decile,_Z,Not applicable,_Z,Not applicable,MEAN,Mean,_T,Total,1995,,21.6182460433735,,,,A,Normal value,0,Units,1,One
DATAFLOW,OECD.ELS.SAE:DSD_EARNINGS@GENDER_WAGE_GAP(1.1),Gender wage gap,I,OECD,OECD,GWP,Gender wage gap,PT_WG_SAL_M_D,Percentage of wages of men in the same decile,_Z,Not applicable,_Z,Not applicable,MEAN,Mean,_T,Total,1996,,21.5282104018597,,,,A,Normal value,0,Units,1,One
DATAFLOW,OECD.ELS.SAE:DSD_EARNINGS@GENDER_WAGE_GAP(1.1),Gender wage gap,I,OECD,OECD,GWP,Gender wage gap,PT_WG_SAL_M_D,Percentage of wages of men in the same decile,_Z,Not applicable,_Z,Not applicable,MEAN,Mean,_T,Total,1997,,21.4330731564902,,,,A,Normal value,0,Units,1,One
DATAFLOW,OECD.ELS.SAE:DSD_EARNINGS@GENDER_WAGE_GAP(1.1),Gender wage gap,I,OECD,OECD,GWP,Gender wage gap,PT_WG_SAL_M_D,Percentage of wages of men in the same decile,_Z,Not applicable,_Z,Not applicable,MEAN,Mean,_T,Total,1998,,21.3428587570748,,,,A,Normal value,0,Units,1,One
DATAFLOW,OECD.ELS.SAE:DSD_EARNINGS@GENDER_WAGE_GAP(1.1),Gender wage gap,I,OECD,OECD,GWP,Gender wage gap,PT_WG_SAL_M_D,Percentage of wages of men in the same decile,_Z,Not applicable,_Z,Not applicable,MEAN,Mean,_T,Total,1999,,21.1667427651198,,,,A,Normal value,0,Units,1,One
DATAFLOW,OECD.ELS.SAE:DSD_EARNINGS@GENDER_WAGE_GAP(1.1),Gender wage gap,I,OECD,OECD,GWP,Gender wage gap,PT_WG_SAL_M_D,Percentage of wages of men in the same decile,_Z,Not applicable,_Z,Not applicable,MEAN,Mean,_T,Total,2000,,21.0310919486435,,,,A,Normal value,0,Units,1,One
DATAFLOW,OECD.ELS.SAE:DSD_EARNINGS@GENDER_WAGE_GAP(1.1),Gender wage gap,I,OECD,OECD,GWP,Gender wage gap,PT_WG_SAL_M_D,Percentage of wages of men in the same decile,_Z,Not applicable,_Z,Not applicable,MEAN,Mean,_T,Total,2001,,21.2692604832356,,,,A,Normal value,0,Units,1,One
DATAFLOW,OECD.ELS.SAE:DSD_EARNINGS@GENDER_WAGE_GAP(1.1),Gender wage gap,I,OECD,OECD,GWP,Gender wage gap,PT_WG_SAL_M_D,Percentage of wages of men in the same decile,_Z,Not applicable,_Z,Not applicable,MEAN,Mean,_T,Total,2002,,20.6967126360751,,,,A,Normal value,0,Units,1,One
DATAFLOW,OECD.ELS.SAE:DSD_EARNINGS@GENDER_WAGE_GAP(1.1),Gender wage gap,I,OECD,OECD,GWP,Gender wage gap,PT_WG_SAL_M_D,Percentage of wages of men in the same decile,_Z,Not applicable,_Z,Not applicable,MEAN,Mean,_T,Total,2003,,20.2479623688052,,,,A,Normal value,0,Units,1,One
DATAFLOW,OECD.ELS.SAE:DSD_EARNINGS@GENDER_WAGE_GAP(1.1),Gender wage gap,I,OECD,OECD,GWP,Gender wage gap,PT_WG_SAL_M_D,Percentage of wages of men in the same decile,_Z,Not applicable,_Z,Not applicable,MEAN,Mean,_T,Total,2004,,19.8107894188586,,,,A,Normal value,0,Units,1,One
DATAFLOW,OECD.ELS.SAE:DSD_EARNINGS@GENDER_WAGE_GAP(1.1),Gender wage gap,I,OECD,OECD,GWP,Gender wage gap,PT_WG_SAL_M_D,Percentage of wages of men in the same decile,_Z,Not applicable,_Z,Not applicable,MEAN,Mean,_T,Total,2005,,19.611257375172,,,,A,Normal value,0,Units,1,One
DATAFLOW,OECD.ELS.SAE:DSD_EARNINGS@GENDER_WAGE_GAP(1.1),Gender wage gap,I,OECD,OECD,GWP,Gender wage gap,PT_WG_SAL_M_D,Percentage of wages of men in the same decile,_Z,Not applicable,_Z,Not applicable,MEAN,Mean,_T,Total,2006,,19.06671342225,,,,A,Normal value,0,Units,1,One
DATAFLOW,OECD.ELS.SAE:DSD_EARNINGS@GENDER_WAGE_GAP(1.1),Gender wage gap,I,OECD,OECD,GWP,Gender wage gap,PT_WG_SAL_M_D,Percentage of wages of men in the same decile,_Z,Not applicable,_Z,Not applicable,MEAN,Mean,_T,Total,2007,,19.1272192209449,,,,A,Normal value,0,Units,1,One
DATAFLOW,OECD.ELS.SAE:DSD_EARNINGS@GENDER_WAGE_GAP(1.1),Gender wage gap,I,OECD,OECD,GWP,Gender wage gap,PT_WG_SAL_M_D,Percentage of wages of men in the same decile,_Z,Not applicable,_Z,Not applicable,MEAN,Mean,_T,Total,2008,,19.233913965945,,,,A,Normal value,0,Units,1,One
DATAFLOW,OECD.ELS.SAE:DSD_EARNINGS@GENDER_WAGE_GAP(1.1),Gender wage gap,I,OECD,OECD,GWP,Gender wage gap,PT_WG_SAL_M_D,Percentage of wages of men in the same decile,_Z,Not applicable,_Z,Not applicable,MEAN,Mean,_T,Total,2009,,18.3643847486736,,,,A,Normal value,0,Units,1,One
DATAFLOW,OECD.ELS.SAE:DSD_EARNINGS@GENDER_WAGE_GAP(1.1),Gender wage gap,I,OECD,OECD,GWP,Gender wage gap,PT_WG_SAL_M_D,Percentage of wages of men in the same decile,_Z,Not applicable,_Z,Not applicable,MEAN,Mean,_T,Total,2010,,17.9192453893639,,,,A,Normal value,0,Units,1,One
DATAFLOW,OECD.ELS.SAE:DSD_EARNINGS@GENDER_WAGE_GAP(1.1),Gender wage gap,I,OECD,OECD,GWP,Gender wage gap,PT_WG_SAL_M_D,Percentage of wages of men in the same decile,_Z,Not applicable,_Z,Not applicable,MEAN,Mean,_T,Total,2011,,17.7986949311872,,,,A,Normal value,0,Units,1,One
DATAFLOW,OECD.ELS.SAE:DSD_EARNINGS@GENDER_WAGE_GAP(1.1),Gender wage gap,I,OECD,OECD,GWP,Gender wage gap,PT_WG_SAL_M_D,Percentage of wages of men in the same decile,_Z,Not applicable,_Z,Not applicable,MEAN,Mean,_T,Total,2012,,17.8142253158374,,,,A,Normal value,0,Units,1,One
DATAFLOW,OECD.ELS.SAE:DSD_EARNINGS@GENDER_WAGE_GAP(1.1),Gender wage gap,I,OECD,OECD,GWP,Gender wage gap,PT_WG_SAL_M_D,Percentage of wages of men in the same decile,_Z,Not applicable,_Z,Not applicable,MEAN,Mean,_T,Total,2013,,17.6560960746688,,,,A,Normal value,0,Units,1,One
DATAFLOW,OECD.ELS.SAE:DSD_EARNINGS@GENDER_WAGE_GAP(1.1),Gender wage gap,I,OECD,OECD,GWP,Gender wage gap,PT_WG_SAL_M_D,Percentage of wages of men in the same decile,_Z,Not applicable,_Z,Not applicable,MEAN,Mean,_T,Total,2014,,17.2222126164496,,,,A,Normal value,0,Units,1,One
DATAFLOW,OECD.ELS.SAE:DSD_EARNINGS@GENDER_WAGE_GAP(1.1),Gender wage gap,I,OECD,OECD,GWP,Gender wage gap,PT_WG_SAL_M_D,Percentage of wages of men in the same decile,_Z,Not applicable,_Z,Not applicable,MEAN,Mean,_T,Total,2015,,16.7491662952014,,,,A,Normal value,0,Units,1,One
DATAFLOW,OECD.ELS.SAE:DSD_EARNINGS@GENDER_WAGE_GAP(1.1),Gender wage gap,I,OECD,OECD,GWP,Gender wage gap,PT_WG_SAL_M_D,Percentage of wages of men in the same decile,_Z,Not applicable,_Z,Not applicable,MEAN,Mean,_T,Total,2016,,16.2032416021357,,,,A,Normal value,0,Units,1,One
DATAFLOW,OECD.ELS.SAE:DSD_EARNINGS@GENDER_WAGE_GAP(1.1),Gender wage gap,I,OECD,OECD,GWP,Gender wage gap,PT_WG_SAL_M_D,Percentage of wages of men in the same decile,_Z,Not applicable,_Z,Not applicable,MEAN,Mean,_T,Total,2017,,15.7827994267344,,,,A,Normal value,0,Units,1,One
DATAFLOW,OECD.ELS.SAE:DSD_EARNINGS@GENDER_WAGE_GAP(1.1),Gender wage gap,I,OECD,OECD,GWP,Gender wage gap,PT_WG_SAL_M_D,Percentage of wages of men in the same decile,_Z,Not applicable,_Z,Not applicable,MEAN,Mean,_T,Total,2018,,15.8460815852246,,,,A,Normal value,0,Units,1,One
DATAFLOW,OECD.ELS.SAE:DSD_EARNINGS@GENDER_WAGE_GAP(1.1),Gender wage gap,I,OECD,OECD,GWP,Gender wage gap,PT_WG_SAL_M_D,Percentage of wages of men in the same decile,_Z,Not applicable,_Z,Not applicable,MEAN,Mean,_T,Total,2019,,15.288246455215,,,,A,Normal value,0,Units,1,One
DATAFLOW,OECD.ELS.SAE:DSD_EARNINGS@GENDER_WAGE_GAP(1.1),Gender wage gap,I,OECD,OECD,GWP,Gender wage gap,PT_WG_SAL_M_D,Percentage of wages of men in the same decile,_Z,Not applicable,_Z,Not applicable,MEAN,Mean,_T,Total,2020,,13.8696789953009,,,,A,Normal value,0,Units,1,One
DATAFLOW,OECD.ELS.SAE:DSD_EARNINGS@GENDER_WAGE_GAP(1.1),Gender wage gap,I,OECD,OECD,GWP,Gender wage gap,PT_WG_SAL_M_D,Percentage of wages of men in the same decile,_Z,Not applicable,_Z,Not applicable,MEAN,Mean,_T,Total,2021,,13.8096906247288,,,,A,Normal value,0,Units,1,One
DATAFLOW,OECD.ELS.SAE:DSD_EARNINGS@GENDER_WAGE_GAP(1.1),Gender wage gap,I,OECD,OECD,GWP,Gender wage gap,PT_WG_SAL_M_D,Percentage of wages of men in the same decile,_Z,Not applicable,_Z,Not applicable,MEAN,Mean,_T,Total,2022,,13.7692370960105,,,,A,Normal value,0,Units,1,One
DATAFLOW,OECD.ELS.SAE:DSD_EARNINGS@GENDER_WAGE_GAP(1.1),Gender wage gap,I,OECD,OECD,GWP,Gender wage gap,PT_WG_SAL_M_D,Percentage of wages of men in the same decile,_Z,Not applicable,_Z,Not applicable,MEAN,Mean,_T,Total,2023,,13.7362741767237,,,,A,Normal value,0,Units,1,One
DATAFLOW,OECD.ELS.SAE:DSD_EARNINGS@GENDER_WAGE_GAP(1.1),Gender wage gap,I,EU19OECD,European Union (19 countries) in OECD,GWP,Gender wage gap,PT_WG_SAL_M_D,Percentage of wages of men in the same decile,_Z,Not applicable,_Z,Not applicable,MEAN,Mean,_T,Total,1995,,21.0908980181765,,,,A,Normal value,0,Units,1,One
DATAFLOW,OECD.ELS.SAE:DSD_EARNINGS@GENDER_WAGE_GAP(1.1),Gender wage gap,I,EU19OECD,European Union (19 countries) in OECD,GWP,Gender wage gap,PT_WG_SAL_M_D,Percentage of wages of men in the same decile,_Z,Not applicable,_Z,Not applicable,MEAN,Mean,_T,Total,1996,,20.9934595904118,,,,A,Normal value,0,Units,1,One
DATAFLOW,OECD.ELS.SAE:DSD_EARNINGS@GENDER_WAGE_GAP(1.1),Gender wage gap,I,EU19OECD,European Union (19 countries) in OECD,GWP,Gender wage gap,PT_WG_SAL_M_D,Percentage of wages of men in the same decile,_Z,Not applicable,_Z,Not applicable,MEAN,Mean,_T,Total,1997,,21.0446315897059,,,,A,Normal value,0,Units,1,One
DATAFLOW,OECD.ELS.SAE:DSD_EARNINGS@GENDER_WAGE_GAP(1.1),Gender wage gap,I,EU19OECD,European Union (19 countries) in OECD,GWP,Gender wage gap,PT_WG_SAL_M_D,Percentage of wages of men in the same decile,_Z,Not applicable,_Z,Not applicable,MEAN,Mean,_T,Total,1998,,21.1163294071176,,,,A,Normal value,0,Units,1,One
DATAFLOW,OECD.ELS.SAE:DSD_EARNINGS@GENDER_WAGE_GAP(1.1),Gender wage gap,I,EU19OECD,European Union (19 countries) in OECD,GWP,Gender wage gap,PT_WG_SAL_M_D,Percentage of wages of men in the same decile,_Z,Not applicable,_Z,Not applicable,MEAN,Mean,_T,Total,1999,,20.949428739,,,,A,Normal value,0,Units,1,One
DATAFLOW,OECD.ELS.SAE:DSD_EARNINGS@GENDER_WAGE_GAP(1.1),Gender wage gap,I,EU19OECD,European Union (19 countries) in OECD,GWP,Gender wage gap,PT_WG_SAL_M_D,Percentage of wages of men in the same decile,_Z,Not applicable,_Z,Not applicable,MEAN,Mean,_T,Total,2000,,21.0165002158235,,,,A,Normal value,0,Units,1,One
DATAFLOW,OECD.ELS.SAE:DSD_EARNINGS@GENDER_WAGE_GAP(1.1),Gender wage gap,I,EU19OECD,European Union (19 countries) in OECD,GWP,Gender wage gap,PT_WG_SAL_M_D,Percentage of wages of men in the same decile,_Z,Not applicable,_Z,Not applicable,MEAN,Mean,_T,Total,2001,,20.9361397681176,,,,A,Normal value,0,Units,1,One
DATAFLOW,OECD.ELS.SAE:DSD_EARNINGS@GENDER_WAGE_GAP(1.1),Gender wage gap,I,EU19OECD,European Union (19 countries) in OECD,GWP,Gender wage gap,PT_WG_SAL_M_D,Percentage of wages of men in the same decile,_Z,Not applicable,_Z,Not applicable,MEAN,Mean,_T,Total,2002,,21.0245015212982,,,,A,Normal value,0,Units,1,One
DATAFLOW,OECD.ELS.SAE:DSD_EARNINGS@GENDER_WAGE_GAP(1.1),Gender wage gap,I,EU19OECD,European Union (19 countries) in OECD,GWP,Gender wage gap,PT_WG_SAL_M_D,Percentage of wages of men in the same decile,_Z,Not applicable,_Z,Not applicable,MEAN,Mean,_T,Total,2003,,20.6059078074671,,,,A,Normal value,0,Units,1,One
DATAFLOW,OECD.ELS.SAE:DSD_EARNINGS@GENDER_WAGE_GAP(1.1),Gender wage gap,I,EU19OECD,European Union (19 countries) in OECD,GWP,Gender wage gap,PT_WG_SAL_M_D,Percentage of wages of men in the same decile,_Z,Not applicable,_Z,Not applicable,MEAN,Mean,_T,Total,2004,,20.0643123479945,,,,A,Normal value,0,Units,1,One
DATAFLOW,OECD.ELS.SAE:DSD_EARNINGS@GENDER_WAGE_GAP(1.1),Gender wage gap,I,EU19OECD,European Union (19 countries) in OECD,GWP,Gender wage gap,PT_WG_SAL_M_D,Percentage of wages of men in the same decile,_Z,Not applicable,_Z,Not applicable,MEAN,Mean,_T,Total,2005,,19.5049322881409,,,,A,Normal value,0,Units,1,One
DATAFLOW,OECD.ELS.SAE:DSD_EARNINGS@GENDER_WAGE_GAP(1.1),Gender wage gap,I,EU19OECD,European Union (19 countries) in OECD,GWP,Gender wage gap,PT_WG_SAL_M_D,Percentage of wages of men in the same decile,_Z,Not applicable,_Z,Not applicable,MEAN,Mean,_T,Total,2006,,18.9236383167316,,,,A,Normal value,0,Units,1,One
DATAFLOW,OECD.ELS.SAE:DSD_EARNINGS@GENDER_WAGE_GAP(1.1),Gender wage gap,I,EU19OECD,European Union (19 countries) in OECD,GWP,Gender wage gap,PT_WG_SAL_M_D,Percentage of wages of men in the same decile,_Z,Not applicable,_Z,Not applicable,MEAN,Mean,_T,Total,2007,,18.4780635363749,,,,A,Normal value,0,Units,1,One
DATAFLOW,OECD.ELS.SAE:DSD_EARNINGS@GENDER_WAGE_GAP(1.1),Gender wage gap,I,EU19OECD,European Union (19 countries) in OECD,GWP,Gender wage gap,PT_WG_SAL_M_D,Percentage of wages of men in the same decile,_Z,Not applicable,_Z,Not applicable,MEAN,Mean,_T,Total,2008,,18.0736495761695,,,,A,Normal value,0,Units,1,One
DATAFLOW,OECD.ELS.SAE:DSD_EARNINGS@GENDER_WAGE_GAP(1.1),Gender wage gap,I,EU19OECD,European Union (19 countries) in OECD,GWP,Gender wage gap,PT_WG_SAL_M_D,Percentage of wages of men in the same decile,_Z,Not applicable,_Z,Not applicable,MEAN,Mean,_T,Total,2009,,17.5219489437114,,,,A,Normal value,0,Units,1,One
DATAFLOW,OECD.ELS.SAE:DSD_EARNINGS@GENDER_WAGE_GAP(1.1),Gender wage gap,I,EU19OECD,European Union (19 countries) in OECD,GWP,Gender wage gap,PT_WG_SAL_M_D,Percentage of wages of men in the same decile,_Z,Not applicable,_Z,Not applicable,MEAN,Mean,_T,Total,2010,,16.9248678854895,,,,A,Normal value,0,Units,1,One
DATAFLOW,OECD.ELS.SAE:DSD_EARNINGS@GENDER_WAGE_GAP(1.1),Gender wage gap,I,EU19OECD,European Union (19 countries) in OECD,GWP,Gender wage gap,PT_WG_SAL_M_D,Percentage of wages of men in the same decile,_Z,Not applicable,_Z,Not applicable,MEAN,Mean,_T,Total,2011,,17.0580262645476,,,,A,Normal value,0,Units,1,One
DATAFLOW,OECD.ELS.SAE:DSD_EARNINGS@GENDER_WAGE_GAP(1.1),Gender wage gap,I,EU19OECD,European Union (19 countries) in OECD,GWP,Gender wage gap,PT_WG_SAL_M_D,Percentage of wages of men in the same decile,_Z,Not applicable,_Z,Not applicable,MEAN,Mean,_T,Total,2012,,16.7319599275883,,,,A,Normal value,0,Units,1,One
DATAFLOW,OECD.ELS.SAE:DSD_EARNINGS@GENDER_WAGE_GAP(1.1),Gender wage gap,I,EU19OECD,European Union (19 countries) in OECD,GWP,Gender wage gap,PT_WG_SAL_M_D,Percentage of wages of men in the same decile,_Z,Not applicable,_Z,Not applicable,MEAN,Mean,_T,Total,2013,,16.6253255377289,,,,A,Normal value,0,Units,1,One
DATAFLOW,OECD.ELS.SAE:DSD_EARNINGS@GENDER_WAGE_GAP(1.1),Gender wage gap,I,EU19OECD,European Union (19 countries) in OECD,GWP,Gender wage gap,PT_WG_SAL_M_D,Percentage of wages of men in the same decile,_Z,Not applicable,_Z,Not applicable,MEAN,Mean,_T,Total,2014,,16.6621007646684,,,,A,Normal value,0,Units,1,One
DATAFLOW,OECD.ELS.SAE:DSD_EARNINGS@GENDER_WAGE_GAP(1.1),Gender wage gap,I,EU19OECD,European Union (19 countries) in OECD,GWP,Gender wage gap,PT_WG_SAL_M_D,Percentage of wages of men in the same decile,_Z,Not applicable,_Z,Not applicable,MEAN,Mean,_T,Total,2015,,16.1197341360517,,,,A,Normal value,0,Units,1,One
DATAFLOW,OECD.ELS.SAE:DSD_EARNINGS@GENDER_WAGE_GAP(1.1),Gender wage gap,I,EU19OECD,European Union (19 countries) in OECD,GWP,Gender wage gap,PT_WG_SAL_M_D,Percentage of wages of men in the same decile,_Z,Not applicable,_Z,Not applicable,MEAN,Mean,_T,Total,2016,,15.6728012835824,,,,A,Normal value,0,Units,1,One
DATAFLOW,OECD.ELS.SAE:DSD_EARNINGS@GENDER_WAGE_GAP(1.1),Gender wage gap,I,EU19OECD,European Union (19 countries) in OECD,GWP,Gender wage gap,PT_WG_SAL_M_D,Percentage of wages of men in the same decile,_Z,Not applicable,_Z,Not applicable,MEAN,Mean,_T,Total,2017,,15.3031467499468,,,,A,Normal value,0,Units,1,One
DATAFLOW,OECD.ELS.SAE:DSD_EARNINGS@GENDER_WAGE_GAP(1.1),Gender wage gap,I,EU19OECD,European Union (19 countries) in OECD,GWP,Gender wage gap,PT_WG_SAL_M_D,Percentage of wages of men in the same decile,_Z,Not applicable,_Z,Not applicable,MEAN,Mean,_T,Total,2018,,15.2769468956737,,,,A,Normal value,0,Units,1,One
DATAFLOW,OECD.ELS.SAE:DSD_EARNINGS@GENDER_WAGE_GAP(1.1),Gender wage gap,I,EU19OECD,European Union (19 countries) in OECD,GWP,Gender wage gap,PT_WG_SAL_M_D,Percentage of wages of men in the same decile,_Z,Not applicable,_Z,Not applicable,MEAN,Mean,_T,Total,2019,,14.4830080459423,,,,A,Normal value,0,Units,1,One
DATAFLOW,OECD.ELS.SAE:DSD_EARNINGS@GENDER_WAGE_GAP(1.1),Gender wage gap,I,EU19OECD,European Union (19 countries) in OECD,GWP,Gender wage gap,PT_WG_SAL_M_D,Percentage of wages of men in the same decile,_Z,Not applicable,_Z,Not applicable,MEAN,Mean,_T,Total,2020,,13.5193709233044,,,,A,Normal value,0,Units,1,One
DATAFLOW,OECD.ELS.SAE:DSD_EARNINGS@GENDER_WAGE_GAP(1.1),Gender wage gap,I,EU19OECD,European Union (19 countries) in OECD,GWP,Gender wage gap,PT_WG_SAL_M_D,Percentage of wages of men in the same decile,_Z,Not applicable,_Z,Not applicable,MEAN,Mean,_T,Total,2021,,13.1991100593068,,,,A,Normal value,0,Units,1,One
DATAFLOW,OECD.ELS.SAE:DSD_EARNINGS@GENDER_WAGE_GAP(1.1),Gender wage gap,I,EU19OECD,European Union (19 countries) in OECD,GWP,Gender wage gap,PT_WG_SAL_M_D,Percentage of wages of men in the same decile,_Z,Not applicable,_Z,Not applicable,MEAN,Mean,_T,Total,2022,,12.8911567230316,,,,A,Normal value,0,Units,1,One
DATAFLOW,OECD.ELS.SAE:DSD_EARNINGS@GENDER_WAGE_GAP(1.1),Gender wage gap,I,EU19OECD,European Union (19 countries) in OECD,GWP,Gender wage gap,PT_WG_SAL_M_D,Percentage of wages of men in the same decile,_Z,Not applicable,_Z,Not applicable,MEAN,Mean,_T,Total,2023,,13.1063219364947,,,,A,Normal value,0,Units,1,One
DATAFLOW,OECD.ELS.SAE:DSD_EARNINGS@GENDER_WAGE_GAP(1.1),Gender wage gap,I,EU27,European Union (27 countries),GWP,Gender wage gap,PT_WG_SAL_M_D,Percentage of wages of men in the same decile,_Z,Not applicable,_Z,Not applicable,MEAN,Mean,_T,Total,1995,,20.4619000091364,,,,A,Normal value,0,Units,1,One
DATAFLOW,OECD.ELS.SAE:DSD_EARNINGS@GENDER_WAGE_GAP(1.1),Gender wage gap,I,EU27,European Union (27 countries),GWP,Gender wage gap,PT_WG_SAL_M_D,Percentage of wages of men in the same decile,_Z,Not applicable,_Z,Not applicable,MEAN,Mean,_T,Total,1996,,20.4142065498182,,,,A,Normal value,0,Units,1,One
DATAFLOW,OECD.ELS.SAE:DSD_EARNINGS@GENDER_WAGE_GAP(1.1),Gender wage gap,I,EU27,European Union (27 countries),GWP,Gender wage gap,PT_WG_SAL_M_D,Percentage of wages of men in the same decile,_Z,Not applicable,_Z,Not applicable,MEAN,Mean,_T,Total,1997,,20.521390205299,,,,A,Normal value,0,Units,1,One
DATAFLOW,OECD.ELS.SAE:DSD_EARNINGS@GENDER_WAGE_GAP(1.1),Gender wage gap,I,EU27,European Union (27 countries),GWP,Gender wage gap,PT_WG_SAL_M_D,Percentage of wages of men in the same decile,_Z,Not applicable,_Z,Not applicable,MEAN,Mean,_T,Total,1998,,20.5992912729509,,,,A,Normal value,0,Units,1,One
DATAFLOW,OECD.ELS.SAE:DSD_EARNINGS@GENDER_WAGE_GAP(1.1),Gender wage gap,I,EU27,European Union (27 countries),GWP,Gender wage gap,PT_WG_SAL_M_D,Percentage of wages of men in the same decile,_Z,Not applicable,_Z,Not applicable,MEAN,Mean,_T,Total,1999,,20.5461704998636,,,,A,Normal value,0,Units,1,One
DATAFLOW,OECD.ELS.SAE:DSD_EARNINGS@GENDER_WAGE_GAP(1.1),Gender wage gap,I,EU27,European Union (27 countries),GWP,Gender wage gap,PT_WG_SAL_M_D,Percentage of wages of men in the same decile,_Z,Not applicable,_Z,Not applicable,MEAN,Mean,_T,Total,2000,,20.5496858501737,,,,A,Normal value,0,Units,1,One
DATAFLOW,OECD.ELS.SAE:DSD_EARNINGS@GENDER_WAGE_GAP(1.1),Gender wage gap,I,EU27,European Union (27 countries),GWP,Gender wage gap,PT_WG_SAL_M_D,Percentage of wages of men in the same decile,_Z,Not applicable,_Z,Not applicable,MEAN,Mean,_T,Total,2001,,20.4048154294091,,,,A,Normal value,0,Units,1,One
DATAFLOW,OECD.ELS.SAE:DSD_EARNINGS@GENDER_WAGE_GAP(1.1),Gender wage gap,I,EU27,European Union (27 countries),GWP,Gender wage gap,PT_WG_SAL_M_D,Percentage of wages of men in the same decile,_Z,Not applicable,_Z,Not applicable,MEAN,Mean,_T,Total,2002,,19.9990190455641,,,,A,Normal value,0,Units,1,One
DATAFLOW,OECD.ELS.SAE:DSD_EARNINGS@GENDER_WAGE_GAP(1.1),Gender wage gap,I,EU27,European Union (27 countries),GWP,Gender wage gap,PT_WG_SAL_M_D,Percentage of wages of men in the same decile,_Z,Not applicable,_Z,Not applicable,MEAN,Mean,_T,Total,2003,,18.7900073853443,,,,A,Normal value,0,Units,1,One
DATAFLOW,OECD.ELS.SAE:DSD_EARNINGS@GENDER_WAGE_GAP(1.1),Gender wage gap,I,EU27,European Union (27 countries),GWP,Gender wage gap,PT_WG_SAL_M_D,Percentage of wages of men in the same decile,_Z,Not applicable,_Z,Not applicable,MEAN,Mean,_T,Total,2004,,18.2361584796117,,,,A,Normal value,0,Units,1,One
DATAFLOW,OECD.ELS.SAE:DSD_EARNINGS@GENDER_WAGE_GAP(1.1),Gender wage gap,I,EU27,European Union (27 countries),GWP,Gender wage gap,PT_WG_SAL_M_D,Percentage of wages of men in the same decile,_Z,Not applicable,_Z,Not applicable,MEAN,Mean,_T,Total,2005,,17.8305360785942,,,,A,Normal value,0,Units,1,One
DATAFLOW,OECD.ELS.SAE:DSD_EARNINGS@GENDER_WAGE_GAP(1.1),Gender wage gap,I,EU27,European Union (27 countries),GWP,Gender wage gap,PT_WG_SAL_M_D,Percentage of wages of men in the same decile,_Z,Not applicable,_Z,Not applicable,MEAN,Mean,_T,Total,2006,,17.2477738204778,,,,A,Normal value,0,Units,1,One
DATAFLOW,OECD.ELS.SAE:DSD_EARNINGS@GENDER_WAGE_GAP(1.1),Gender wage gap,I,EU27,European Union (27 countries),GWP,Gender wage gap,PT_WG_SAL_M_D,Percentage of wages of men in the same decile,_Z,Not applicable,_Z,Not applicable,MEAN,Mean,_T,Total,2007,,17.2651524349325,,,,A,Normal value,0,Units,1,One
DATAFLOW,OECD.ELS.SAE:DSD_EARNINGS@GENDER_WAGE_GAP(1.1),Gender wage gap,I,EU27,European Union (27 countries),GWP,Gender wage gap,PT_WG_SAL_M_D,Percentage of wages of men in the same decile,_Z,Not applicable,_Z,Not applicable,MEAN,Mean,_T,Total,2008,,17.0460672285898,,,,A,Normal value,0,Units,1,One
DATAFLOW,OECD.ELS.SAE:DSD_EARNINGS@GENDER_WAGE_GAP(1.1),Gender wage gap,I,EU27,European Union (27 countries),GWP,Gender wage gap,PT_WG_SAL_M_D,Percentage of wages of men in the same decile,_Z,Not applicable,_Z,Not applicable,MEAN,Mean,_T,Total,2009,,16.526823962376,,,,A,Normal value,0,Units,1,One
DATAFLOW,OECD.ELS.SAE:DSD_EARNINGS@GENDER_WAGE_GAP(1.1),Gender wage gap,I,EU27,European Union (27 countries),GWP,Gender wage gap,PT_WG_SAL_M_D,Percentage of wages of men in the same decile,_Z,Not applicable,_Z,Not applicable,MEAN,Mean,_T,Total,2010,,15.9519809403148,,,,A,Normal value,0,Units,1,One
DATAFLOW,OECD.ELS.SAE:DSD_EARNINGS@GENDER_WAGE_GAP(1.1),Gender wage gap,I,EU27,European Union (27 countries),GWP,Gender wage gap,PT_WG_SAL_M_D,Percentage of wages of men in the same decile,_Z,Not applicable,_Z,Not applicable,MEAN,Mean,_T,Total,2011,,16.1132355587587,,,,A,Normal value,0,Units,1,One
DATAFLOW,OECD.ELS.SAE:DSD_EARNINGS@GENDER_WAGE_GAP(1.1),Gender wage gap,I,EU27,European Union (27 countries),GWP,Gender wage gap,PT_WG_SAL_M_D,Percentage of wages of men in the same decile,_Z,Not applicable,_Z,Not applicable,MEAN,Mean,_T,Total,2012,,16.0019344383449,,,,A,Normal value,0,Units,1,One
DATAFLOW,OECD.ELS.SAE:DSD_EARNINGS@GENDER_WAGE_GAP(1.1),Gender wage gap,I,EU27,European Union (27 countries),GWP,Gender wage gap,PT_WG_SAL_M_D,Percentage of wages of men in the same decile,_Z,Not applicable,_Z,Not applicable,MEAN,Mean,_T,Total,2013,,15.8194257232667,,,,A,Normal value,0,Units,1,One
DATAFLOW,OECD.ELS.SAE:DSD_EARNINGS@GENDER_WAGE_GAP(1.1),Gender wage gap,I,EU27,European Union (27 countries),GWP,Gender wage gap,PT_WG_SAL_M_D,Percentage of wages of men in the same decile,_Z,Not applicable,_Z,Not applicable,MEAN,Mean,_T,Total,2014,,15.6811386640778,,,,A,Normal value,0,Units,1,One
DATAFLOW,OECD.ELS.SAE:DSD_EARNINGS@GENDER_WAGE_GAP(1.1),Gender wage gap,I,EU27,European Union (27 countries),GWP,Gender wage gap,PT_WG_SAL_M_D,Percentage of wages of men in the same decile,_Z,Not applicable,_Z,Not applicable,MEAN,Mean,_T,Total,2015,,15.2994723974582,,,,A,Normal value,0,Units,1,One
DATAFLOW,OECD.ELS.SAE:DSD_EARNINGS@GENDER_WAGE_GAP(1.1),Gender wage gap,I,EU27,European Union (27 countries),GWP,Gender wage gap,PT_WG_SAL_M_D,Percentage of wages of men in the same decile,_Z,Not applicable,_Z,Not applicable,MEAN,Mean,_T,Total,2016,,14.9033637244805,,,,A,Normal value,0,Units,1,One
DATAFLOW,OECD.ELS.SAE:DSD_EARNINGS@GENDER_WAGE_GAP(1.1),Gender wage gap,I,EU27,European Union (27 countries),GWP,Gender wage gap,PT_WG_SAL_M_D,Percentage of wages of men in the same decile,_Z,Not applicable,_Z,Not applicable,MEAN,Mean,_T,Total,2017,,14.6703348362084,,,,A,Normal value,0,Units,1,One
DATAFLOW,OECD.ELS.SAE:DSD_EARNINGS@GENDER_WAGE_GAP(1.1),Gender wage gap,I,EU27,European Union (27 countries),GWP,Gender wage gap,PT_WG_SAL_M_D,Percentage of wages of men in the same decile,_Z,Not applicable,_Z,Not applicable,MEAN,Mean,_T,Total,2018,,14.8438325555667,,,,A,Normal value,0,Units,1,One
DATAFLOW,OECD.ELS.SAE:DSD_EARNINGS@GENDER_WAGE_GAP(1.1),Gender wage gap,I,EU27,European Union (27 countries),GWP,Gender wage gap,PT_WG_SAL_M_D,Percentage of wages of men in the same decile,_Z,Not applicable,_Z,Not applicable,MEAN,Mean,_T,Total,2019,,14.4072557419653,,,,A,Normal value,0,Units,1,One
DATAFLOW,OECD.ELS.SAE:DSD_EARNINGS@GENDER_WAGE_GAP(1.1),Gender wage gap,I,EU27,European Union (27 countries),GWP,Gender wage gap,PT_WG_SAL_M_D,Percentage of wages of men in the same decile,_Z,Not applicable,_Z,Not applicable,MEAN,Mean,_T,Total,2020,,13.326011338168,,,,A,Normal value,0,Units,1,One
DATAFLOW,OECD.ELS.SAE:DSD_EARNINGS@GENDER_WAGE_GAP(1.1),Gender wage gap,I,EU27,European Union (27 countries),GWP,Gender wage gap,PT_WG_SAL_M_D,Percentage of wages of men in the same decile,_Z,Not applicable,_Z,Not applicable,MEAN,Mean,_T,Total,2021,,13.0747439792664,,,,A,Normal value,0,Units,1,One
DATAFLOW,OECD.ELS.SAE:DSD_EARNINGS@GENDER_WAGE_GAP(1.1),Gender wage gap,I,EU27,European Union (27 countries),GWP,Gender wage gap,PT_WG_SAL_M_D,Percentage of wages of men in the same decile,_Z,Not applicable,_Z,Not applicable,MEAN,Mean,_T,Total,2022,,12.5913333887852,,,,A,Normal value,0,Units,1,One
DATAFLOW,OECD.ELS.SAE:DSD_EARNINGS@GENDER_WAGE_GAP(1.1),Gender wage gap,I,EU27,European Union (27 countries),GWP,Gender wage gap,PT_WG_SAL_M_D,Percentage of wages of men in the same decile,_Z,Not applicable,_Z,Not applicable,MEAN,Mean,_T,Total,2023,,13.0255641815222,,,,A,Normal value,0,Units,1,One
