country,year,wage_gap,education_gap,employment_gap,native_gap,immigrant_gap,overall_gap,gdp_pc,Gender gap in managerial positions,Gender gap in political representation,Gender gap in top management positions,Lack of confidence in the judicial system and courts - Female - Percentage of population,Legal discrimination on access to justice,Legal discrimination on financial assets,Legal discrimination on freedom of movement,Legal discrimination on inheritance,Legal discrimination on violence against women,Legal discrimination on workplace rights,Perception that a woman earning more money than her husband causes problems,Perception that being a housewife is as fulfilling as working for pay,Perception that men make better political leaders than women,Perception that men should have more right to a job than women,"Perception that when a mother works for pay, the children suffer",Perceptions that men make better business executives than women,unpaid_care_gap,part_time_gap,Gender gap in representation in parliament,Gender gap in professional judges representation,Gender gap in public sector employment ,Gender gap in senior management positions in national administrations
Argentina,1970,,,,,,,,,,,,,,,,,,,,,,,,,,,,,
Argentina,1971,,,,,,,,,,,,,,,,,,,,,,,,,,,,,
Argentina,1972,,,,,,,,,,,,,,,,,,,,,,,,,,,,,
Argentina,1973,,,,,,,,,,,,,,,,,,,,,,,,,,,,,
Argentina,1974,,,,,,,,,,,,,,,,,,,,,,,,,,,,,
Argentina,1975,,,,,,,,,,,,,,,,,,,,,,,,,,,,,
Argentina,1976,,,,,,,,,,,,,,,,,,,,,,,,,,,,,
Argentina,1977,,,,,,,,,,,,,,,,,,,,,,,,,,,,,
Argentina,1978,,,,,,,,,,,,,,,,,,,,,,,,,,,,,
Argentina,1979,,,,,,,,,,,,,,,,,,,,,,,,,,,,,
Argentina,1980,,,,,,,,,,,,,,,,,,,,,,,,,,,,,
Argentina,1981,,,,,,,,,,,,,,,,,,,,,,,,,,,,,
Argentina,1982,,,,,,,,,,,,,,,,,,,,,,,,,,,,,
Argentina,1983,,,,,,,,,,,,,,,,,,,,,,,,,,,,,
Argentina,1984,,,,,,,,,,,,,,,,,,,,,,,,,,,,,
Argentina,1985,,,,,,,,,,,,,,,,,,,,,,,,,,,,,
Argentina,1986,,,,,,,,,,,,,,,,,,,,,,,,,,,,,
Argentina,1987,,,,,,,,,,,,,,,,,,,,,,,,,,,,,
Argentina,1988,,,,,,,,,,,,,,,,,,,,,,,,,,,,,
Argentina,1989,,,,,,,,,,,,,,,,,,,,,,,,,,,,,
Argentina,1990,,,,,,,,,,,,,,,,,,,,,,,,,,,,,
Argentina,1991,,,,,,,,,,,,,,,,,,,,,,,,,,,,,
Argentina,1992,,,,,,,,,,,,,,,,,,,,,,,,,,,,,
Argentina,1993,,,,,,,,,,,,,,,,,,,,,,,,,,,,,
Argentina,1994,,,,,,,,,,,,,,,,,,,,,,,,,,,,,
Argentina,1995,,,,,,,,,,,,,,,,,,,,,,,,,,,,,
Argentina,1996,,,,,,,,,,,,,,,,,,,,,,,,,,,,,
Argentina,1997,,,,,,,,,,,,,,,,,,,,,,,,,,,,,
Argentina,1998,,,,,,,,,,,,,,,,,,,,,,,,,,,,,
Argentina,1999,,,,,,,,,,,,,,,,,,,,,,,,,,,,,
Argentina,2000,,,,,,,,,,,,,,,,,,,,,,,,,,,,,
Argentina,2001,,,,,,,,,,,,,,,,,,,,,,,,,,,,,
Argentina,2002,,,,,,,,,,,,,,,,,,,,,,,,,,,,,
Argentina,2003,,,,,,,,,,,,,,,,,,,,,,,,,,,,,
Argentina,2004,,-4.672500000000001,28.217388,,,,,,,,,,,,,,,,,,,,,,,,,,
Argentina,2005,,-4.492065,29.145401,,,,,,,,,,,,,,,,,,,,,,,,,,
Argentina,2006,,-6.080448999999998,29.181065000000004,,,,,,,,,,,,,,,,,,,,,,,,,,
Argentina,2007,,,,,,,,,,,,,,,,,,,,,,,,,,,,,
Argentina,2008,,-5.988670000000001,30.594120000000004,,,,,,,,,,,,,,,,,,,,,,,,,,
Argentina,2009,,-7.011486,28.10648,,,,,,,,,,,,,,,,,,,,,,,,,,
Argentina,2010,,-6.960128999999999,29.201046000000005,,,,,,,,,,,,,,,,,,,,,,,,,,
Argentina,2011,,-6.985369000000002,29.004921,,,,,,,,,,,,,,,,,,,,,,,,,,
Argentina,2012,,-7.856686,28.37983700000001,,,,,,,,,,,,,,,,,,,,,,,,,,
Argentina,2013,,-7.038125999999998,28.928367999999992,,,,,,,,,,,,,,,,,,,,,,,,,,
Argentina,2014,,-7.506397,28.520301999999997,,,,,,,,,,,,,,,,,,,,,,,,,,
Argentina,2015,,,,,,,,,,,,,,,,,,,,,,,,,,,,,
Argentina,2016,,,,,,,,,,,,,,,,,,,,,,,,,-33.712,,,,
Argentina,2017,11.12474313,-7.452171330000002,25.51128387,,,,,,,,,,,,,,,,,,,,,,-27.465999999999998,,,,
Argentina,2018,9.953740842,-7.316978460000001,23.8960495,,,,,,,,,,,,,,,,,,,,,,-33.37799999999999,,,,
Argentina,2019,9.036431868,-7.647371290000002,22.491710659999995,,,,,,,,,,,,,,,,,,,,,,-32.37200000000001,,,,
Argentina,2020,6.757103788,-8.723592759999999,21.94789886,,,,,,,,,,,,,,,,,,,,,,-23.563999999999997,,,,
Argentina,2021,7.935946485,-8.49967956,22.192955020000007,,,,,,,,,,,,,,,,,,,,,,-27.262,,,,
Argentina,2022,9.346530528,-8.340250010000002,21.15348053000001,,,,,,,,,,,,,,,,,,,,,,-30.858000000000004,,,,
Argentina,2023,7.897972593,-7.549507139999999,20.3478241,,,,,33.0,44.8,8.0,75.1,0.0,0.0,0.0,0.0,75.0,100.0,19.6,57.0,22.7,13.8,38.1,19.1,-3.3999999999999995,-35.99,,,,
Argentina,2024,11.55910732,,,,,,,,,,,,,,,,,,,,,,,,,,,,
Australia,1970,,,,,,,133.887742,,,,,,,,,,,,,,,,,,,,,,
Australia,1971,,,,,,,130.362508,,,,,,,,,,,,,,,,,,,,,,
Australia,1972,,,,,,,126.330902,,,,,,,,,,,,,,,,,,,,,,
Australia,1973,,,,,,,123.413223,,,,,,,,,,,,,,,,,,,,,,
Australia,1974,,,,,,,122.926558,,,,,,,,,,,,,,,,,,,,,,
Australia,1975,25.65789474,,,,,,125.558892,,,,,,,,,,,,,,,,,,,,,,
Australia,1976,24.71264368,,,,,,123.878631,,,,,,,,,,,,,,,,,,,,,,
Australia,1977,23.56020942,,,,,,120.197047,,,,,,,,,,,,,,,,,,,,,,
Australia,1978,22.48803828,,,,,,119.639987,,,,,,,,,,,,,,,,,,,,,,
Australia,1979,22.76785714,,,,,,118.394033,,,,,,,,,,,,,,,,,,,,,,
Australia,1980,22.05645161,,,,,,120.284248,,,,,,,,,,,,,,,,,,,,,,
Australia,1981,21.37681159,,,,,,121.675912,,,,,,,,,,,,,,,,,,,,,,
Australia,1982,23.91304348,,,,,,117.742494,,,,,,,,,,,,,,,,,,,,,,
Australia,1983,21.76470588,,,,,,118.941766,,,,,,,,,,,,,,,,,,,,,,
Australia,1984,22.13114754,,,,,,118.972835,,,,,,,,,,,,,,,,,,,,,,
Australia,1985,23.0964467,,,,,,118.618686,,,,,,,,,,,,,,,,,,,,,,
Australia,1986,20.71428571,,,,,,117.311348,,,,,,,,,,,,,,,,,,,,,,
Australia,1987,20.4954955,,,,,,118.761074,,,,,,,,,,,,,,,,,,,,,,
Australia,1988,20.79831933,,,,,,117.04068,,,,,,,,,,,,,,,,,,,,,,
Australia,1989,21.19460501,-9.691345000000002,30.252892,,,,115.785918,,,,,,,,,,,,,,,,,,,,,,
Australia,1990,20.73394495,,,,,,111.212628,,,,,,,,,,,,,,,,,,,,,,
Australia,1991,19.12280702,-8.963462999999997,25.771506999999996,,,,109.605885,,,,,,,,,,,,,,,,,,,,,,
Australia,1992,17.62711864,,,,,,111.163144,,,,,,,,,,,,,,,,,,,,,,
Australia,1993,18.53035144,2.090357000000001,23.064159999999998,,,,113.792234,,,,,,,,,,,,,,,,,,,,,,
Australia,1994,20.0,2.666982000000001,23.456467,,,,114.43236,,,,,,,,,,,,,,,,,,,,,,
Australia,1995,18.15476191,3.017521000000002,21.864051999999997,,,,115.394378,,,,,,,,,,,,,,,,,,,,,,
Australia,1996,0.0,,,,,,115.582771,,,,,,,,,,,,,,,,,,,,,,
Australia,1997,19.44074567,-0.993617999999998,21.399024999999995,,,,116.199968,,,,,,,,,,,,,,,,,,,,,,
Australia,1998,18.16993464,-1.9928239999999988,21.031021000000003,,,,118.220292,,,,,,,,,,,,,,,,,,,,,,
Australia,1999,18.6407815,-2.042748999999997,20.999305000000007,,,,118.464798,,,,,,,,,,,,,,,,,,,,,,
Australia,2000,20.33371519,-2.7335,20.674634,16.209266659999997,20.42614747,18.317707064999997,115.552273,,,,,,,,,,,,,,,,,,,,,,
Australia,2001,19.68854283,-3.630693000000001,19.338973999999997,14.791175850000002,21.1184578,17.95481682500001,117.818358,,,,,,,,,,,,,,,,,,-47.53956360000001,,,,
Australia,2002,17.39593383,-2.6088239999999985,19.940441,14.682907100000008,20.30366134999999,17.493284224999996,119.056447,,,,,,,,,,,,,,,,,,-46.78653883999999,49.4,,,
Australia,2003,18.35189069,-2.7492810000000034,18.638413,13.625030519999996,19.620006559999997,16.622518539999987,120.985841,,,,,,,,,,,,,,,,,,-46.99380099999999,,,,
Australia,2004,17.72406848,-3.516268,19.624610999999994,14.41210937000001,19.586906429999992,16.999507899999998,120.323228,,,,,,,,,,,,,,,,,,-46.29520302,,,,
Australia,2005,18.43361987,-2.901674,18.70562799999999,13.291130069999994,19.05078125,16.170955660000004,119.529813,,,,,,,,,,,,,,,,,,-47.22859374000001,,,,
Australia,2006,19.07308378,-4.694576000000001,17.512253,12.543487549999996,18.99732209,15.770404819999996,119.440389,,,,,,,,,,,,,,,,,,-46.51192373999999,,,,
Australia,2007,19.88448845,-4.664659,17.981369,12.113319399999996,18.19144821,15.152383805,119.17383,,,,,,,,,,,,,,,,,,-45.63676254000001,,,,
Australia,2008,19.34189406,-6.220284,20.124816999999997,11.735305789999998,17.464035030000005,14.599670410000002,119.431887,,,,,,,,,,,,,,,,,,-46.16407749999999,,,,
Australia,2009,19.72581874,-5.872306000000002,14.675621000000008,10.86977386000001,17.46411132,14.166942590000003,124.713396,,,,,,,,,,,,,,,,,,-44.922,,,,
Australia,2010,20.38123167,-6.382107000000005,16.347199000000003,11.27996064,17.517486570000003,14.398723605,122.776402,,,,,,,,,,,,,,,,,,-43.77199999999999,,,,
Australia,2011,19.45830364,-7.470134999999999,16.211098000000007,10.694274899999996,17.213684079999993,13.953979489999996,123.987878,,,,,,,,,,,,,,,,,,-44.94200000000001,,,-22.239999999999995,
Australia,2012,20.37659718,-7.444217999999999,15.574737,10.181480409999992,17.214630119999995,13.698055264999994,124.053932,,,,,,,,,,,,,,,,,,-45.444,50.6,,,
Australia,2013,21.38690862,-8.811260000000004,14.506141999999995,10.264289860000003,16.628097530000005,13.446193695000003,123.738538,,,,,,,,,,,,,,,,,,-44.164,,,,
Australia,2014,19.94496811,-6.950085000000001,14.499283000000004,9.615394589999994,16.270225519999997,12.942810054999995,122.649471,,,,,,,,,,,,,,,,,,-43.356,,,,
Australia,2015,18.83669352,-8.798638000000004,14.062331999999998,9.129066469999998,17.692085269999993,13.410575869999988,121.821384,,,,,,,,,,,,,,,,,,-42.404,46.6,,,
Australia,2016,18.41601994,-7.862380999999999,13.000876999999988,8.393630979999998,16.750579830000007,12.572105405000002,121.155888,,,,,,,,,,,,,,,,,,-40.74199999999999,,,,
Australia,2017,15.31138461,-9.701331999999994,12.322699999999998,7.599998470000003,16.299995420000002,11.94999694500001,120.03279,,,,,,,,,,,,,,,,,,-41.146,42.6,,,
Australia,2018,16.34133128,-10.395481000000004,11.407425000000003,7.400001529999997,15.0,11.200000765,118.734749,,,,,,,,,,,,,,,,,,-41.042,,,,
Australia,2019,17.77653193,-9.173278000000003,11.981910999999997,7.016799930000005,13.853698730000003,10.435249330000005,115.56982,,,,,,,,,,,,,,,,,,-40.542,40.0,,,
Australia,2020,14.29781268,-10.354563999999996,11.870681000000005,6.207496649999996,14.461708060000008,10.334602354999989,121.892351,,,,,,,,,,,,,,,,,,-40.056,,,-27.52,
Australia,2021,15.77333185,-10.092650999999996,9.873787000000007,5.738075249999994,13.063377379999991,9.400726314999986,119.829367,,,,,,,,,,,,,,,,,,-38.672,37.8,,,
Australia,2022,15.23969964,-10.729599,9.29274749000001,4.550498959999999,12.13919068,8.344844820000006,119.313938,,,,,,,,,,,,,,,,,,-39.694,,,,
Australia,2023,13.00002495,-11.33921051,8.280204780000005,4.766006470000008,11.237571720000004,8.001789095000007,116.881332,40.0,38.4,,48.5,0.0,0.0,0.0,0.0,25.0,0.0,6.5,65.2,12.6,6.8,25.8,10.7,-2.3,-37.286,23.200000000000003,,,
Australia,2024,11.35703128,-10.15079116821289,8.817916870117188,4.662582389999997,11.05984497,7.861213679999992,114.656928,,,,,,,,,,,,,,,,,,-34.99,,,,
Austria,1970,,,,,,,122.828242,,,,,,,,,,,,,,,,,,,,,,
Austria,1971,,,,,,,125.517066,,,,,,,,,,,,,,,,,,,,,,
Austria,1972,,,,,,,127.171149,,,,,,,,,,,,,,,,,,,,,,
Austria,1973,,,,,,,126.375546,,,,,,,,,,,,,,,,,,,,,,
Austria,1974,,,,,,,130.956375,,,,,,,,,,,,,,,,,,,,,,
Austria,1975,,,,,,,131.545359,,,,,,,,,,,,,,,,,,,,,,
Austria,1976,,,,,,,132.567048,,,,,,,,,,,,,,,,,,,,,,
Austria,1977,,,,,,,135.540041,,,,,,,,,,,,,,,,,,,,,,
Austria,1978,,,,,,,130.845446,,,,,,,,,,,,,,,,,,,,,,
Austria,1979,,,,,,,134.203035,,,,,,,,,,,,,,,,,,,,,,
Austria,1980,,,,,,,136.106599,,,,,,,,,,,,,,,,,,,,,,
Austria,1981,,,,,,,133.758162,,,,,,,,,,,,,,,,,,,,,,
Austria,1982,,,,,,,137.303586,,,,,,,,,,,,,,,,,,,,,,
Austria,1983,,,,,,,138.65909,,,,,,,,,,,,,,,,,,,,,,
Austria,1984,,,,,,,133.409141,,,,,,,,,,,,,,,,,,,,,,
Austria,1985,,,,,,,132.830325,,,,,,,,,,,,,,,,,,,,,,
Austria,1986,,,,,,,132.860844,,,,,,,,,,,,,,,,,,,,,,
Austria,1987,,,,,,,130.798812,,,,,,,,,,,,,,,,,,,,,,
Austria,1988,,,,,,,130.117726,,,,,,,,,,,,,,,,,,,,,,
Austria,1989,,,,,,,130.72121,,,,,,,,,,,,,,,,,,,,,,
Austria,1990,,,,,,,132.464689,,,,,,,,,,,,,,,,,,,,,,
Austria,1991,,,,,,,134.83993,,,,,,,,,,,,,,,,,,,,,,
Austria,1992,,,,,,,134.214051,,,,,,,,,,,,,,,,,,,,,,
Austria,1993,,,,,,,132.9116,,,,,,,,,,,,,,,,,,,,,,
Austria,1994,,,,,,,132.514517,,,,,,,,,,,,,,,,,,,,,,
Austria,1995,,,,,,,133.364697,,,,,,,,,,,,,,,,,,-73.14558715999999,,,,
Austria,1996,,,,,,,132.825569,,,,,,,,,,,,,,,,,,-76.19281487999999,,,,
Austria,1997,,,,,,,131.591622,,,,,,,,,,,,,,,,,,-75.08449568,,,,
Austria,1998,,,,,,,133.098501,,,,,,,,,,,,,,,,,,-75.45972187999999,,,,
Austria,1999,,,,,,,134.372132,,,,,,,,,,,,,,,,,,-76.34128483999999,,,,
Austria,2000,28.29763882,,,17.113464349999994,20.48939132,18.801427835,133.768214,,,,,,,,,,,,,,,,,,-79.09598707999999,,,,
Austria,2001,28.04396689,,,15.938690179999996,21.702720639999995,18.820705409999988,134.102017,,,,,,,,,,,,,,,,,,-78.16743928,,,,
Austria,2002,27.39245884,,,15.083831789999998,17.955749510000004,16.519790650000004,134.26116,,,,,,,,,,,,,,,,,,-78.51421012,46.4,,,
Austria,2003,27.2818896,,,15.115207679999996,18.76843262,16.941820149999998,133.336334,,,,,,,,,,,,,,,,,,-77.52211008,,,,
Austria,2004,27.91124234,7.682825000000001,15.000026999999996,12.574523929999998,18.95440292,15.764463425000002,132.431332,,,,,,,,,,,,,,,,,,-74.4219545,,,,
Austria,2005,27.32388745,6.485363,14.037579000000008,12.670494079999996,19.05927276,15.864883419999998,131.705825,,,,,,,,,,,,,,,,,,-69.7710697,,,,
Austria,2006,27.14676332,6.463581000000001,13.91494800000001,12.19420624,19.30821609,15.751211165,132.061978,,,,,,,,,,,,,,,,,,-70.06039605999999,,,,
Austria,2007,27.01663638,5.920178,14.20047000000001,12.513572699999996,19.81650544,16.165039070000006,133.997733,,,,,,,,,,,,,,,,,,-68.8118661,,,,47.8
Austria,2008,26.00535704,5.412022,13.291977000000005,11.238189700000008,19.4285736,15.333381650000009,135.98309,,,,,,,,,,,,,,,,,,-65.56327658000001,,,,46.2
Austria,2009,24.54597803,4.450057999999999,11.405746000000008,9.79277802,18.5261879,14.159482960000004,136.393262,,,,,,,,,,,,,,,,,,-65.93799999999999,,,,43.4
Austria,2010,24.14373323,3.746296000000001,10.852035999999998,10.53620911,15.970764159999987,13.253486635000002,135.26606,,,,,,,,,,,,,,,,,,-64.482,,,,40.2
Austria,2011,23.55489666,4.020661999999998,10.563026000000008,10.290191650000011,16.88879394,13.589492795000012,136.743927,,,,,,,,,,,,,,,,,,-65.16399999999999,,,22.14,37.6
Austria,2012,22.97117524,3.965084000000001,10.164879,8.526260379999997,17.42667771,12.976469045000002,135.935758,,,,,,,,,,,,,,,,,,-65.416,44.2,,,37.2
Austria,2013,22.74180543,3.1937560000000005,9.709450000000004,8.10141754,16.65059662,12.376007079999994,133.311482,,,,,,,,,,,,,,,,,,-62.31999999999999,,,,34.2
Austria,2014,22.37372994,2.579626000000001,9.152595000000003,7.892829890000002,14.235176079999988,11.064002984999988,131.208664,,,,,,,,,,,,,,,,,,-61.768,,-2.0,,31.599999999999994
Austria,2015,21.76276734,2.826449,8.692709999999991,7.428565979999988,15.865043639999996,11.646804809999992,129.047126,,,,,,,,,,,,,,,,,,-61.652,38.8,,,29.200000000000003
Austria,2016,19.83322424,1.569942000000001,8.697845999999998,7.280136110000001,15.015945439999996,11.148040774999998,128.512772,,,,,,,,,,,,,,,,,,-59.7,,,,26.599999999999994
Austria,2017,19.6190795,1.0448129999999978,9.041740999999988,7.518081659999993,14.869377139999996,11.193729399999995,127.863894,,,,,,,,,,,,,,,,,,-59.708,38.8,,,25.40000000000001
Austria,2018,19.21299348,1.887406000000002,9.637642,7.699996940000005,15.900001520000004,11.799999229999996,128.159638,,,,,,,,,,,,,,,,,,-61.49199999999999,,,,24.599999999999994
Austria,2019,18.39321854,0.8334699999999984,9.271156999999988,8.260093690000005,13.32148742999999,10.79079055999999,128.396248,,,,,,,,,,,,,,,,,,-62.554,25.599999999999994,,,20.599999999999994
Austria,2020,16.9025604,0.384762000000002,8.714264,8.007087709999993,13.77830505,10.892696380000004,125.229505,,,,,,,,,,,,,,,,,,-61.324000000000005,,-2.0,16.459999999999994,22.0
Austria,2021,16.81950144,-0.1257050000000035,8.471710000000002,7.162216190000009,15.706909180000013,11.434562685000015,123.608337,,,,,,,,,,,,,,,,,,-60.608,20.200000000000003,,,19.0
Austria,2022,16.58532495,0.3295749999999984,8.15420499999999,6.772277839999987,14.429229739999997,10.600753789999985,125.508618,,,,,,,,,,,,,,,,,,-59.99199999999999,,,,16.400000000000006
Austria,2023,16.16614083,-0.6310653699999946,7.9628372200000115,6.490005499999995,14.064544679999996,10.277275090000003,122.162446,32.8,41.0,18.8,24.6,0.0,0.0,0.0,0.0,25.0,0.0,,,19.8,13.7,47.2,14.1,-2.2,-56.52799999999999,19.200000000000003,,,
Austria,2024,,-1.6268882751464844,6.922286987304688,5.957763669999991,13.13238525,9.545074459999997,119.307391,,,,,,,,,,,,,,,,,,-57.024,,,,
Belgium,1970,,,,,,,125.716897,,,,,,,,,,,,,,,,,,,,,,
Belgium,1971,,,,,,,126.923117,,,,,,,,,,,,,,,,,,,,,,
Belgium,1972,,,,,,,127.698116,,,,,,,,,,,,,,,,,,,,,,
Belgium,1973,,,,,,,128.72375,,,,,,,,,,,,,,,,,,,,,,
Belgium,1974,,,,,,,133.535834,,,,,,,,,,,,,,,,,,,,,,
Belgium,1975,,,,,,,132.12288,,,,,,,,,,,,,,,,,,,,,,
Belgium,1976,,,,,,,134.068979,,,,,,,,,,,,,,,,,,,,,,
Belgium,1977,,,,,,,131.169001,,,,,,,,,,,,,,,,,,,,,,
Belgium,1978,,,,,,,130.287569,,,,,,,,,,,,,,,,,,,,,,
Belgium,1979,,,,,,,129.49261,,,,,,,,,,,,,,,,,,,,,,
Belgium,1980,,,,,,,134.740056,,,,,,,,,,,,,,,,,,,,,,
Belgium,1981,,,,,,,132.479675,,,,,,,,,,,,,,,,,,,,,,
Belgium,1982,,,,,,,134.090532,,,,,,,,,,,,,,,,,,,,,,
Belgium,1983,,,,,,,131.634914,,,,,,,,,,,,,,,,,,-58.88632870000001,,,,
Belgium,1984,,,,,,,129.686779,,,,,,,,,,,,,,,,,,-57.62985598,,,,
Belgium,1985,,,,,,,128.091364,,,,,,,,,,,,,,,,,,-56.63998839999999,,,,
Belgium,1986,,,,,,,127.576559,,,,,,,,,,,,,,,,,,-57.45855454,,,,
Belgium,1987,,,,,,,126.711977,,,,,,,,,,,,,,,,,,-57.17009258,,,,
Belgium,1988,,,,,,,127.535659,,,,,,,,,,,,,,,,,,-56.29780416,,,,
Belgium,1989,,2.833333999999999,33.92676900000001,,,,127.723675,,,,,,,,,,,,,,,,,,-62.46829697999999,,,,
Belgium,1990,,,,,,,128.544971,,,,,,,,,,,,,,,,,,-59.89381409999999,,,,
Belgium,1991,,2.001778999999999,30.929257,,,,129.613608,,,,,,,,,,,,,,,,,,-61.05902562,,,,
Belgium,1992,,1.0278639999999974,28.860019,,,,129.191158,,,,,,,,,,,,,,,,,,-67.81430498,,,,
Belgium,1993,,,,,,,126.595103,,,,,,,,,,,,,,,,,,-65.2684619,,,,
Belgium,1994,,-0.1294700000000013,25.915756999999992,,,,127.345437,,,,,,,,,,,,,,,,,,-64.0230013,,,,
Belgium,1995,,-0.2566030000000019,24.804489,,,,127.739553,,,,,,,,,,,,,,,,,,-65.14655472000001,,,,
Belgium,1996,,,,,,,126.03422,,,,,,,,,,,,,,,,,,-65.48721468,,,,
Belgium,1997,,,,,,,126.720867,,,,,,,,,,,,,,,,,,-66.09062478000001,,,,
Belgium,1998,,,,,,,126.145586,,,,,,,,,,,,,,,,,,-65.09105242000001,,,,
Belgium,1999,18.53908586,,,,,,127.032293,,,,,,,,,,,,,,,,,,-58.99054744,,,,
Belgium,2000,17.47491639,-1.044899000000001,20.572128,15.776756279999994,27.69017792,21.7334671,127.10523,,,,,,,,,,,,,,,,,,-60.22538829999999,,,,
Belgium,2001,16.10711431,-0.9806729999999996,20.534062,16.468425759999995,29.85589600000001,23.162160879999995,127.197425,,,,,,,,,,,,,,,,,,-65.22523566000001,,,,
Belgium,2002,14.98616054,-1.539788999999999,19.534794,15.980972290000004,25.32073975,20.650856019999992,127.685922,,,,,,,,,,,,,,,,,,-64.2843934,53.4,,,
Belgium,2003,16.56716418,-1.5696049999999993,17.93437200000001,15.481719969999991,24.42358017,19.95265006999999,126.712473,,,,,,,,,,,,,,,,,,-63.81862038,,,,
Belgium,2004,15.01632209,-1.9011159999999985,17.758960000000002,13.682517999999996,23.65447235000001,18.668495175000004,127.335825,,,,,,,,,,,,,,,,,,-62.80804476,,,,
Belgium,2005,14.47979979,-2.321676999999997,16.832854999999995,13.031341550000008,23.660564430000008,18.345952990000008,126.80541,,,,,,,,,,,,,,,,,,-62.29298435999999,,,,
Belgium,2006,12.47364722,-2.460096999999997,15.961436999999997,12.436607360000004,22.473728179999995,17.455167770000003,126.085848,,,,,,,,,,,,,,,,,,-65.00776026,,,,
Belgium,2007,11.68608636,-3.233878999999998,15.402832000000004,11.924262999999996,22.19628143,17.060272214999998,127.295891,,,,,,,,,,,,,,,,,,-63.23705926,,,,76.6
Belgium,2008,11.25082727,-3.315087000000002,14.260661999999996,10.748401640000004,23.36315155999999,17.0557766,127.297197,,,,,,,,,,,,,,,,,,-64.39213520000001,,,,75.4
Belgium,2009,10.30595813,-3.8473799999999976,12.871037,10.170322420000003,21.614807130000003,15.892564775000013,129.173349,,,,,,,,,,,,,,,,,,-62.99199999999999,,,,70.6
Belgium,2010,10.02514142,-3.986267999999996,12.572891000000006,10.17235565,19.500698090000007,14.836526870000014,128.3651,,,,,,,,,,,,,,,,,,-62.756,,,,75.0
Belgium,2011,8.072437078,-4.401412999999998,12.107893999999996,9.35429001,20.467525489999996,14.910907749999993,127.267187,,,,,,,,,,,,,,,,,,-61.99799999999999,,,-10.519999999999996,76.2
Belgium,2012,7.259036145,-5.203994000000002,11.354392999999988,9.311786649999997,19.81270598999999,14.562246319999986,125.782045,,,,,,,,,,,,,,,,,,-61.97999999999999,24.0,,,78.4
Belgium,2013,6.525625745,-5.483897999999996,10.649010000000004,8.411232000000012,20.08126449,14.246248245000018,124.204493,,,,,,,,,,,,,,,,,,-63.94200000000001,,,,77.4
Belgium,2014,6.309420916,-5.995086999999998,9.251175000000003,7.353385919999994,19.657547,13.505466459999994,123.890361,,,,,,,,,,,,,,,,,,-60.844,,-4.0,,74.0
Belgium,2015,6.082238721,-6.452223999999994,8.641067000000007,7.172340390000002,18.290122989999997,12.73123169,122.564529,,,,,,,,,,,,,,,,,,-60.88,21.40000000000001,,,74.6
Belgium,2016,5.254237288,-6.635719000000002,9.863449000000005,7.415168769999994,18.61695099,13.01605988,121.880724,,,,,,,,,,,,,,,,,,-60.592000000000006,,,,66.2
Belgium,2017,5.099778271,-6.798774999999999,10.239936,7.0899505600000055,19.90491104000001,13.497430800000004,120.614438,,,,,,,,,,,,,,,,,,-59.20400000000001,24.0,,,62.8
Belgium,2018,5.082454718,-7.384712999999998,8.770659999999992,6.3000030599999945,17.5,11.900001529999995,120.211937,,,,,,,,,,,,,,,,,,-59.858,,,,61.2
Belgium,2019,4.098791382,-8.264423,8.678069999999991,6.153869630000003,16.23561478,11.194742205000011,121.139607,,,,,,,,,,,,,,,,,,-58.614,24.0,,,57.2
Belgium,2020,0.416992442,-9.018634999999996,8.601387000000003,5.504234319999995,17.683517459999997,11.593875889999993,120.086987,,,,,,,,,,,,,,,,,,-55.646,,-16.0,-14.459999999999994,55.2
Belgium,2021,0.642013354,-9.053165999999996,8.300071000000003,5.503852839999993,17.761589049999998,11.632720944999996,120.00783,,,,,,,,,,,,,,,,,,-52.136,16.0,,,49.4
Belgium,2022,0.783162017,-8.822074999999998,8.104897000000008,4.93399810999999,16.76708603,10.850542069999989,120.646,,,,,,,,,,,,,,,,,,-48.824000000000005,,,,48.6
Belgium,2023,1.189691351,-9.098297120000003,8.1613617,4.940002449999994,17.333778380000005,11.136890414999996,120.395603,34.5,42.7,17.9,35.2,0.0,0.0,0.0,0.0,25.0,0.0,,,,,,,-0.0999999999999999,-48.114,14.599999999999994,,,
Belgium,2024,,-8.292667388916009,8.394935607910156,5.40183257999999,16.97887421,11.190353394999988,119.595398,,,,,,,,,,,,,,,,,,-46.02600000000001,,,,
Brazil,1970,,,,,,,,,,,,,,,,,,,,,,,,,,,,,
Brazil,1971,,,,,,,,,,,,,,,,,,,,,,,,,,,,,
Brazil,1972,,,,,,,,,,,,,,,,,,,,,,,,,,,,,
Brazil,1973,,,,,,,,,,,,,,,,,,,,,,,,,,,,,
Brazil,1974,,,,,,,,,,,,,,,,,,,,,,,,,,,,,
Brazil,1975,,,,,,,,,,,,,,,,,,,,,,,,,,,,,
Brazil,1976,,,,,,,,,,,,,,,,,,,,,,,,,,,,,
Brazil,1977,,,,,,,,,,,,,,,,,,,,,,,,,,,,,
Brazil,1978,,,,,,,,,,,,,,,,,,,,,,,,,,,,,
Brazil,1979,,,,,,,,,,,,,,,,,,,,,,,,,,,,,
Brazil,1980,,,,,,,,,,,,,,,,,,,,,,,,,,,,,
Brazil,1981,,,,,,,,,,,,,,,,,,,,,,,,,,,,,
Brazil,1982,,,,,,,,,,,,,,,,,,,,,,,,,,,,,
Brazil,1983,,,,,,,,,,,,,,,,,,,,,,,,,,,,,
Brazil,1984,,,,,,,,,,,,,,,,,,,,,,,,,,,,,
Brazil,1985,,,,,,,,,,,,,,,,,,,,,,,,,,,,,
Brazil,1986,,,,,,,,,,,,,,,,,,,,,,,,,,,,,
Brazil,1987,,,,,,,,,,,,,,,,,,,,,,,,,,,,,
Brazil,1988,,,,,,,,,,,,,,,,,,,,,,,,,,,,,
Brazil,1989,,,,,,,,,,,,,,,,,,,,,,,,,,,,,
Brazil,1990,,,,,,,,,,,,,,,,,,,,,,,,,,,,,
Brazil,1991,,,,,,,,,,,,,,,,,,,,,,,,,,,,,
Brazil,1992,,,,,,,,,,,,,,,,,,,,,,,,,,,,,
Brazil,1993,,,,,,,,,,,,,,,,,,,,,,,,,,,,,
Brazil,1994,,,,,,,,,,,,,,,,,,,,,,,,,,,,,
Brazil,1995,,,,,,,,,,,,,,,,,,,,,,,,,,,,,
Brazil,1996,,,,,,,,,,,,,,,,,,,,,,,,,,,,,
Brazil,1997,,,,,,,,,,,,,,,,,,,,,,,,,,,,,
Brazil,1998,,,,,,,,,,,,,,,,,,,,,,,,,,,,,
Brazil,1999,,,,,,,,,,,,,,,,,,,,,,,,,,,,,
Brazil,2000,,,,,,,,,,,,,,,,,,,,,,,,,,,,,
Brazil,2001,,,,,,,,,,,,,,,,,,,,,,,,,-40.75289242,,,,
Brazil,2002,,,,,,,,,,,,,,,,,,,,,,,,,-41.3679762,,,,
Brazil,2003,,,,,,,,,,,,,,,,,,,,,,,,,-40.05675282000001,,,,
Brazil,2004,,,,,,,,,,,,,,,,,,,,,,,,,-39.633971980000005,,,,
Brazil,2005,,,,,,,,,,,,,,,,,,,,,,,,,-39.99195602,,,,
Brazil,2006,,,,,,,,,,,,,,,,,,,,,,,,,-39.212105400000006,,,,
Brazil,2007,,-1.8039758,25.701099000000006,,,,,,,,,,,,,,,,,,,,,,-37.78195488,,,,
Brazil,2008,,-2.558779399999999,25.785087,,,,,,,,,,,,,,,,,,,,,,-38.501533120000005,,,,
Brazil,2009,,-2.2091198,25.095295,,,,,,,,,,,,,,,,,,,,,,-38.5,,,,
Brazil,2010,,,,,,,,,,,,,,,,,,,,,,,,,,,,,
Brazil,2011,,-2.666511,30.819279,,,,,,,,,,,,,,,,,,,,,,-33.386,,,-14.239999999999997,
Brazil,2012,11.64845192,-3.620432000000001,25.846196,,,,,,,,,,,,,,,,,,,,,,-29.626000000000005,82.8,,,
Brazil,2013,11.79939343,-3.858943,25.55274900000001,,,,,,,,,,,,,,,,,,,,,,-29.050000000000004,,,,
Brazil,2014,12.83887062,-4.406070999999999,24.244838,,,,,,,,,,,,,,,,,,,,,,-27.916,,,,
Brazil,2015,11.63160295,-4.2135120000000015,24.280487,,,,,,,,,,,,,,,,,,,,,,-26.072000000000003,,,,
Brazil,2016,8.815691445,-4.401174000000001,23.615524,,,,,,,,,,,,,,,,,,,,,,-25.068,,,,
Brazil,2017,9.482170541,-4.670137,22.713028,,,,,,,,,,,,,,,,,,,,,,-24.453999999999997,78.6,,,
Brazil,2018,9.505130601,-5.208916,21.911976,,,,,,,,,,,,,,,,,,,,,,-24.166,,,,
Brazil,2019,8.974902007,-5.306177999999999,21.981693000000007,,,,,,,,,,,,,,,,,,,,,,-23.819999999999997,,,,
Brazil,2020,8.358559657,-5.786545,22.77298,,,,,,,,,,,,,,,,,,,,,,-24.146,,,-12.060000000000002,
Brazil,2021,7.387457195,-5.407526000000001,24.339313000000004,,,,,,,,,,,,,,,,,,,,,,-22.642,69.6,,,
Brazil,2022,9.011560557,-5.87858,22.392834,,,,,,,,,,,,,,,,,,,,,,-23.994,,,,
Brazil,2023,8.788449246,-5.51121521,22.05534363,,,,,36.8,17.7,19.4,57.3,0.0,0.0,75.0,25.0,0.0,75.0,36.3,49.7,18.6,18.8,55.1,22.1,-1.6,-25.105999999999995,64.6,,,
Brazil,2024,5.314373434,,,,,,,,,,,,,,,,,,,,,,,,-23.727999999999994,,,,
Bulgaria,1970,,,,,,,,,,,,,,,,,,,,,,,,,,,,,
Bulgaria,1971,,,,,,,,,,,,,,,,,,,,,,,,,,,,,
Bulgaria,1972,,,,,,,,,,,,,,,,,,,,,,,,,,,,,
Bulgaria,1973,,,,,,,,,,,,,,,,,,,,,,,,,,,,,
Bulgaria,1974,,,,,,,,,,,,,,,,,,,,,,,,,,,,,
Bulgaria,1975,,,,,,,,,,,,,,,,,,,,,,,,,,,,,
Bulgaria,1976,,,,,,,,,,,,,,,,,,,,,,,,,,,,,
Bulgaria,1977,,,,,,,,,,,,,,,,,,,,,,,,,,,,,
Bulgaria,1978,,,,,,,,,,,,,,,,,,,,,,,,,,,,,
Bulgaria,1979,,,,,,,,,,,,,,,,,,,,,,,,,,,,,
Bulgaria,1980,,,,,,,,,,,,,,,,,,,,,,,,,,,,,
Bulgaria,1981,,,,,,,,,,,,,,,,,,,,,,,,,,,,,
Bulgaria,1982,,,,,,,,,,,,,,,,,,,,,,,,,,,,,
Bulgaria,1983,,,,,,,,,,,,,,,,,,,,,,,,,,,,,
Bulgaria,1984,,,,,,,,,,,,,,,,,,,,,,,,,,,,,
Bulgaria,1985,,,,,,,,,,,,,,,,,,,,,,,,,,,,,
Bulgaria,1986,,,,,,,,,,,,,,,,,,,,,,,,,,,,,
Bulgaria,1987,,,,,,,,,,,,,,,,,,,,,,,,,,,,,
Bulgaria,1988,,,,,,,,,,,,,,,,,,,,,,,,,,,,,
Bulgaria,1989,,,,,,,,,,,,,,,,,,,,,,,,,,,,,
Bulgaria,1990,,,,,,,,,,,,,,,,,,,,,,,,,,,,,
Bulgaria,1991,,,,,,,,,,,,,,,,,,,,,,,,,,,,,
Bulgaria,1992,,,,,,,,,,,,,,,,,,,,,,,,,,,,,
Bulgaria,1993,,,,,,,,,,,,,,,,,,,,,,,,,,,,,
Bulgaria,1994,,,,,,,,,,,,,,,,,,,,,,,,,,,,,
Bulgaria,1995,,,,,,,,,,,,,,,,,,,,,,,,,,,,,
Bulgaria,1996,,,,,,,,,,,,,,,,,,,,,,,,,,,,,
Bulgaria,1997,,,,,,,,,,,,,,,,,,,,,,,,,,,,,
Bulgaria,1998,,,,,,,,,,,,,,,,,,,,,,,,,,,,,
Bulgaria,1999,,,,,,,,,,,,,,,,,,,,,,,,,,,,,
Bulgaria,2000,,,,,,,,,,,,,,,,,,,,,,,,,-21.294898860000004,,,,
Bulgaria,2001,,,,,,,,,,,,,,,,,,,,,,,,,-20.175070340000005,,,,
Bulgaria,2002,18.18957531,,,,,,,,,,,,,,,,,,,,,,,,-23.20713402,,,,
Bulgaria,2003,,,,,,,,,,,,,,,,,,,,,,,,,-21.5072435,,,,
Bulgaria,2004,,,,,,,,,,,,,,,,,,,,,,,,,-14.590333400000006,,,,
Bulgaria,2005,,,,,,,,,,,,,,,,,,,,,,,,,-26.144020620000006,,,,
Bulgaria,2006,11.5588562,,,,,,,,,,,,,,,,,,,,,,,,-28.7535112,,,,
Bulgaria,2007,,,,,,,,,,,,,,,,,,,,,,,,,-30.66176306,,,,-3.0
Bulgaria,2008,,,,,,,,,,,,,,,,,,,,,,,,,-36.41828378,,,,-4.799999999999997
Bulgaria,2009,,,,,,,,,,,,,,,,,,,,,,,,,-33.722,,,,-2.200000000000003
Bulgaria,2010,14.31998628,,,,,,,,,,,,,,,,,,,,,,,,-24.134,,,,4.0
Bulgaria,2011,,,,,,,,,,,,,,,,,,,,,,,,,-22.120000000000005,,,-14.840000000000003,8.0
Bulgaria,2012,,,,,,,,,,,,,,,,,,,,,,,,,-21.08,54.2,,,-3.4000000000000057
Bulgaria,2013,,,,,,,,,,,,,,,,,,,,,,,,,-25.372,,,,-2.200000000000003
Bulgaria,2014,14.62438816,,,,,,,,,,,,,,,,,,,,,,,,-21.02,,,,-2.5999999999999943
Bulgaria,2015,,-12.236663820000004,6.173683170000004,,,,,,,,,,,,,,,,,,,,,,-24.004000000000005,,,,-4.799999999999997
Bulgaria,2016,,-12.10709381,7.003784179999997,,,,,,,,,,,,,,,,,,,,,,-19.914,,,,-1.5999999999999943
Bulgaria,2017,,,,,,,,,,,,,,,,,,,,,,,,,-17.441999999999993,61.6,,,0.4000000000000057
Bulgaria,2018,14.51468555,,,,,,,,,,,,,,,,,,,,,,,,-20.623999999999995,,,,-3.4000000000000057
Bulgaria,2019,,-11.929771423339844,8.535881042480469,,,,,,,,,,,,,,,,,,,,,,-21.104,,,,-8.200000000000003
Bulgaria,2020,,,,,,,,,,,,,,,,,,,,,,,,,-24.218000000000004,,,-16.180000000000007,-8.799999999999997
Bulgaria,2021,,,,,,,,,,,,,,,,,,,,,,,,,-34.012,45.8,,,-19.0
Bulgaria,2022,14.52622702,-12.31207275,7.256164550000008,,,,,,,,,,,,,,,,,,,,,,-28.163999999999994,,,,-11.0
Bulgaria,2023,14.88625789,-12.31609154,7.016654970000005,,,,,41.3,24.2,28.8,67.6,0.0,0.0,0.0,0.0,75.0,100.0,41.5,62.0,45.4,29.7,28.1,38.6,-2.2,-15.941999999999991,51.6,,,
Bulgaria,2024,,-13.150602340698237,6.758033752441406,,,,,,,,,,,,,,,,,,,,,,-16.605999999999995,,,,
Canada,1970,,,,,,,122.384725,,,,,,,,,,,,,,,,,,,,,,
Canada,1971,,,,,,,122.729904,,,,,,,,,,,,,,,,,,,,,,
Canada,1972,,,,,,,122.815731,,,,,,,,,,,,,,,,,,,,,,
Canada,1973,,,,,,,123.363851,,,,,,,,,,,,,,,,,,,,,,
Canada,1974,,,,,,,125.567445,,,,,,,,,,,,,,,,,,,,,,
Canada,1975,,,,,,,126.351322,,,,,,,,,,,,,,,,,,,,,,
Canada,1976,,,,,,,127.026867,,,,,,,,,,,,,,,,,,-43.45064339999999,,,,
Canada,1977,,,,,,,126.525615,,,,,,,,,,,,,,,,,,-43.18236912,,,,
Canada,1978,,,,,,,125.614523,,,,,,,,,,,,,,,,,,-43.96977251999999,,,,
Canada,1979,,,,,,,125.379687,,,,,,,,,,,,,,,,,,-44.55951152,,,,
Canada,1980,,,,,,,126.078912,,,,,,,,,,,,,,,,,,-44.91851124,,,,
Canada,1981,,3.9972189999999976,33.119899999999994,,,,127.070706,,,,,,,,,,,,,,,,,,-44.32797938,,,,
Canada,1982,,,,,,,122.442202,,,,,,,,,,,,,,,,,,-43.56530018000001,,,,
Canada,1983,,,,,,,121.749348,,,,,,,,,,,,,,,,,,-41.43856714,,,,
Canada,1984,,,,,,,122.812938,,,,,,,,,,,,,,,,,,-40.7062172,,,,
Canada,1985,,,,,,,123.872766,,,,,,,,,,,,,,,,,,-42.65289138,,,,
Canada,1986,,,,,,,122.537819,,,,,,,,,,,,,,,,,,-42.028690780000005,,,,
Canada,1987,,,,,,,122.322556,,,,,,,,,,,,,,,,,,-43.08451664,,,,
Canada,1988,,,,,,,121.58653,,,,,,,,,,,,,,,,,,-43.57384932,,,,
Canada,1989,,,,,,,118.722228,,,,,,,,,,,,,,,,,,-43.20311495999999,,,,
Canada,1990,,-0.44726,18.481613000000003,,,,114.671102,,,,,,,,,,,,,,,,,,-42.03373995999999,,,,
Canada,1991,,-0.2907640000000029,16.502059999999993,,,,110.214375,,,,,,,,,,,,,,,,,,-40.93255067999999,,,,
Canada,1992,,-0.4542750000000026,15.012726,,,,108.319996,,,,,,,,,,,,,,,,,,-39.90441616,,,,
Canada,1993,,-0.7759520000000002,14.996845999999998,,,,109.242558,,,,,,,,,,,,,,,,,,-38.157341220000006,,,,
Canada,1994,,-2.4829289999999986,14.876244,,,,110.354469,,,,,,,,,,,,,,,,,,-39.6846637,,,,
Canada,1995,,-2.971179999999997,14.807677999999996,,,,110.102964,,,,,,,,,,,,,,,,,,-39.279800740000006,,,,
Canada,1996,,-3.63644,14.496476,,,,108.10414,,,,,,,,,,,,,,,,,,-40.07030564,,,,
Canada,1997,22.76449574,-3.826416000000002,14.10124900000001,,,,108.379252,,,,,,,,,,,,,,,,,,-41.55417462,,,,
Canada,1998,23.15120815,-3.6174740000000014,13.521363000000008,,,,109.254343,,,,,,,,,,,,,,,,,,-41.1561827,,,,
Canada,1999,23.00278942,-4.1629720000000034,13.216522000000012,,,,111.076873,,,,,,,,,,,,,,,,,,-41.08920594,,,,
Canada,2000,23.39336881,-4.874916000000006,13.100898999999998,,,,111.890595,,,,,,,,,,,,,,,,,,-40.35114920000001,,,,
Canada,2001,23.30641766,-4.929119,12.280892000000009,,,,111.997134,,,,,,,,,,,,,,,,,,-39.58899339999999,,,,
Canada,2002,22.1238294,-5.433846000000003,11.417907999999995,,,,113.133252,,,,,,,,,,,,,,,,,,-39.42418946000001,58.8,,,
Canada,2003,21.40184466,-5.1862370000000055,10.862358,,,,112.581731,,,,,,,,,,,,,,,,,,-39.742959500000005,,,,
Canada,2004,20.68925275,-6.428599999999996,10.572074999999998,,,,112.051481,,,,,,,,,,,,,,,,,,-39.64887443999999,,,,
Canada,2005,20.13391643,-6.822234999999999,11.085358,,,,112.108131,,,,,,,,,,,,,,,,,,-39.10959118,,,,
Canada,2006,20.75155372,-7.264201999999997,10.362717000000004,,,,111.171398,,,,,,,,,,,,,,,,,,-37.6780077,,,,
Canada,2007,20.89448296,-8.074366999999995,9.219719000000012,,,,110.215719,,,,,,,,,,,,,,,,,,-37.74993148,,,,
Canada,2008,21.20306664,-8.472782000000002,9.192290999999996,6.815834050000007,14.48168944999999,10.648761749999991,110.493768,,,,,,,,,,,,,,,,,,-37.363300820000006,,,,
Canada,2009,19.62402129,-8.858222999999995,6.999266999999989,6.103004460000008,12.498329159999995,9.30066681000001,110.592387,,,,,,,,,,,,,,,,,,-36.434,,,,
Canada,2010,19.29934989,-9.757332000000003,7.483604,5.689910890000007,12.39685059,9.043380740000003,110.089726,,,,,,,,,,,,,,,,,,-36.962,,,,
Canada,2011,18.74217081,-10.06951141357422,8.678901672363281,5.872467049999997,12.33918,9.105823524999993,110.799944,,,,,,,,,,,,,,,,,,-35.614000000000004,,,-25.06,
Canada,2012,18.5265915,-10.927555084228525,8.649078369140625,5.49362945,12.27708435000001,8.885356900000005,110.674644,,,,,,,,,,,,,,,,,,-36.50800000000001,50.6,,,
Canada,2013,18.47757423,-11.43856048583985,8.299995422363281,5.221458440000006,12.019363400000003,8.620410919999998,110.841011,,,,,,,,,,,,,,,,,,-35.548,,,,
Canada,2014,18.3583841,-10.95417022705078,8.63970947265625,5.558975220000008,12.177619929999992,8.868297575,111.143507,,,,,,,,,,,,,,,,,,-35.370000000000005,,,,
Canada,2015,17.99712911,-11.701690673828123,8.820884704589844,5.648269659999997,14.09862518,9.87344741999999,108.863577,,,,,,,,,,,,,,,,,,-34.808,48.0,,,
Canada,2016,17.69040345,-12.086589813232417,8.488639831542969,5.2494430499999964,14.01352691999999,9.631484985,107.416483,,,,,,,,,,,,,,,,,,-33.087999999999994,,,,
Canada,2017,18.03417481,-12.510860443115227,8.368736267089844,5.207672119999998,12.17979432,8.693733219999984,107.063649,,,,,,,,,,,,,,,,,,-32.34,47.4,,,
Canada,2018,17.3550548,-12.92095947265625,8.347389221191406,4.5,12.0,8.25,106.565031,,,,,,,,,,,,,,,,,,-33.756,,,,
Canada,2019,16.97332896,-12.25490951538086,8.14825439453125,5.035476680000002,12.13063812,8.583057400000001,105.847265,,,,,,,,,,,,,,,,,,-31.736,46.2,,,
Canada,2020,15.90400787,-12.972290039062491,8.297477722167969,5.594078069999995,12.049255369999996,8.821666719999996,103.976347,,,,,,,,,,,,,,,,,,-31.620000000000005,,,-26.06,
Canada,2021,15.84975038,-12.922576904296877,7.8961181640625,5.100616450000004,11.03640747,8.068511959999995,103.463337,,,,,,,,,,,,,,,,,,-28.866000000000007,40.8,,,
Canada,2022,16.26509369,-13.50299072265625,7.811309814453125,4.358665469999991,10.509956360000004,7.434310914999997,103.212559,,,,,,,,,,,,,,,,,,-32.172,,,,
Canada,2023,16.20368533,-13.719253540039062,7.34979248046875,4.1592788700000085,10.639556889999994,7.3994178800000014,100.720565,35.6,30.5,,32.2,0.0,0.0,0.0,0.0,75.0,0.0,10.8,68.7,15.2,5.7,20.9,14.3,-1.2000000000000002,-28.904,38.6,,,
Canada,2024,15.65695904,-13.681655883789055,7.430633544921875,4.312324529999998,10.75468445,7.533504490000013,98.128232,,,,,,,,,,,,,,,,,,-28.484,,,,
Chile,1970,,,,,,,,,,,,,,,,,,,,,,,,,,,,,
Chile,1971,,,,,,,,,,,,,,,,,,,,,,,,,,,,,
Chile,1972,,,,,,,,,,,,,,,,,,,,,,,,,,,,,
Chile,1973,,,,,,,,,,,,,,,,,,,,,,,,,,,,,
Chile,1974,,,,,,,,,,,,,,,,,,,,,,,,,,,,,
Chile,1975,,,,,,,,,,,,,,,,,,,,,,,,,,,,,
Chile,1976,,,,,,,,,,,,,,,,,,,,,,,,,,,,,
Chile,1977,,,,,,,,,,,,,,,,,,,,,,,,,,,,,
Chile,1978,,,,,,,,,,,,,,,,,,,,,,,,,,,,,
Chile,1979,,,,,,,,,,,,,,,,,,,,,,,,,,,,,
Chile,1980,,,,,,,,,,,,,,,,,,,,,,,,,,,,,
Chile,1981,,,,,,,,,,,,,,,,,,,,,,,,,,,,,
Chile,1982,,,,,,,,,,,,,,,,,,,,,,,,,,,,,
Chile,1983,,,,,,,,,,,,,,,,,,,,,,,,,,,,,
Chile,1984,,,,,,,,,,,,,,,,,,,,,,,,,,,,,
Chile,1985,,,,,,,,,,,,,,,,,,,,,,,,,,,,,
Chile,1986,,,,,,,30.136078,,,,,,,,,,,,,,,,,,,,,,
Chile,1987,,,,,,,30.684673,,,,,,,,,,,,,,,,,,,,,,
Chile,1988,,,,,,,31.220034,,,,,,,,,,,,,,,,,,,,,,
Chile,1989,,,,,,,32.973323,,,,,,,,,,,,,,,,,,,,,,
Chile,1990,,,,,,,32.912891,,,,,,,,,,,,,,,,,,,,,,
Chile,1991,,,,,,,34.680518,,,,,,,,,,,,,,,,,,,,,,
Chile,1992,,,,,,,37.700013,,,,,,,,,,,,,,,,,,,,,,
Chile,1993,,,,,,,39.361499,,,,,,,,,,,,,,,,,,,,,,
Chile,1994,,,,,,,39.96812,,,,,,,,,,,,,,,,,,,,,,
Chile,1995,,,,,,,42.675974,,,,,,,,,,,,,,,,,,,,,,
Chile,1996,,,,,,,44.110536,,,,,,,,,,,,,,,,,,-18.6667387,,,,
Chile,1997,,,,,,,45.373662,,,,,,,,,,,,,,,,,,-20.966975379999997,,,,
Chile,1998,18.30393238,,,,,,45.630503,,,,,,,,,,,,,,,,,,-26.09223408,,,,
Chile,1999,,,,,,,43.776237,,,,,,,,,,,,,,,,,,-12.771516239999997,,,,
Chile,2000,12.82599321,,,,,,43.859994,,,,,,,,,,,,,,,,,,-9.924132959999994,,,,
Chile,2001,,,,,,,44.436532,,,,,,,,,,,,,,,,,,-5.063583600000001,,,,
Chile,2002,,,,,,,44.9644,,,,,,,,,,,,,,,,,,-4.273183439999997,75.0,,,
Chile,2003,11.84948434,,,,,,45.935635,,,,,,,,,,,,,,,,,,-7.885758999999993,,,,
Chile,2004,,,,,,,47.244612,,,,,,,,,,,,,,,,,,-13.450231900000006,,,,
Chile,2005,,,,,,,48.35197,,,,,,,,,,,,,,,,,,-11.064684060000005,,,,
Chile,2006,8.566773198,,,30.21189499,21.5832634,25.89757919500001,49.61127,,,,,,,,,,,,,,,,,,-14.487052520000006,,,,
Chile,2007,,,,,,,50.651222,,,,,,,,,,,,,,,,,,-16.61026364,,,,
Chile,2008,,,,,,,52.232464,,,,,,,,,,,,,,,,,,-16.035949720000005,,,,
Chile,2009,13.35250484,-0.0219470000000008,34.982124000000006,28.827232370000004,16.512268070000005,22.669750220000005,53.337386,,,,,,,,,,,,,,,,,,-15.194000000000004,,,,
Chile,2010,,,,,,,54.686317,,,,,,,,,,,,,,,,,,-17.352000000000004,,,,
Chile,2011,13.08551538,0.177664,33.10349299999999,26.82789612,17.84970091999999,22.33879852,56.610849,,,,,,,,,,,,,,,,,,-22.296000000000006,,,-6.939999999999998,
Chile,2012,,,,,,,58.987306,,,,,,,,,,,,,,,,,,-24.39,71.6,,,
Chile,2013,15.96968668,-0.0928439999999994,30.157943,25.05073929,17.471389770000002,21.26106453,59.698541,,,,,,,,,,,,,,,,,,-24.052000000000007,,,,
Chile,2014,,,,,,,59.237673,,,,,,,,,,,,,,,,,,-25.144000000000005,,,,
Chile,2015,14.59520155,-0.0391079999999988,27.897006999999995,23.087478640000008,18.40676117,20.747119905000005,58.730908,,,,,,,,,,,,,,,,,,-24.166,68.4,,,
Chile,2016,,,,,,,58.388225,,,,,,,,,,,,,,,,,,-23.730000000000004,,,,
Chile,2017,10.65840922,-0.9900684356689524,25.6196060180664,22.113525390000007,15.11767578,18.61560058500001,57.145379,,,,,,,,,,,,,,,,,,-23.209999999999997,68.4,,,
Chile,2018,,,,,,,57.366002,,,,,,,,,,,,,,,,,,-20.965999999999998,,,,
Chile,2019,,,,,,,56.032533,,,,,,,,,,,,,,,,,,-20.15600000000001,54.8,,,
Chile,2020,14.83171859,-1.017548999999999,22.843147,18.299999230000005,16.3999939,17.349996565000012,54.002331,,,,,,,,,,,,,,,,,,-15.415999999999997,,,-8.680000000000007,
Chile,2021,16.06367699,,,20.90999985,18.18999481,19.54999733,56.135346,,,,,,,,,,,,,,,,,,-14.629999999999995,54.8,,,
Chile,2022,19.72992693,-2.415491104125977,22.50870895385743,18.7100029,16.980003359999998,17.845003129999995,55.481447,,,,,,,,,,,,,,,,,,-20.122,,,,
Chile,2023,18.8593827,,,19.587726759999995,15.289937539999997,17.438832149999996,54.818732,30.4,35.5,4.5,73.7,0.0,0.0,0.0,0.0,0.0,100.0,36.7,57.0,33.3,34.6,54.3,29.4,-2.9,-19.372,29.0,,,
Chile,2024,,,,19.537379030000004,15.391042420000003,17.464210725,55.256352,,,,,,,,,,,,,,,,,,-18.224000000000004,,,,
Colombia,1970,,,,,,,,,,,,,,,,,,,,,,,,,,,,,
Colombia,1971,,,,,,,,,,,,,,,,,,,,,,,,,,,,,
Colombia,1972,,,,,,,,,,,,,,,,,,,,,,,,,,,,,
Colombia,1973,,,,,,,,,,,,,,,,,,,,,,,,,,,,,
Colombia,1974,,,,,,,,,,,,,,,,,,,,,,,,,,,,,
Colombia,1975,,,,,,,,,,,,,,,,,,,,,,,,,,,,,
Colombia,1976,,,,,,,,,,,,,,,,,,,,,,,,,,,,,
Colombia,1977,,,,,,,,,,,,,,,,,,,,,,,,,,,,,
Colombia,1978,,,,,,,,,,,,,,,,,,,,,,,,,,,,,
Colombia,1979,,,,,,,,,,,,,,,,,,,,,,,,,,,,,
Colombia,1980,,,,,,,,,,,,,,,,,,,,,,,,,,,,,
Colombia,1981,,,,,,,,,,,,,,,,,,,,,,,,,,,,,
Colombia,1982,,,,,,,,,,,,,,,,,,,,,,,,,,,,,
Colombia,1983,,,,,,,,,,,,,,,,,,,,,,,,,,,,,
Colombia,1984,,,,,,,,,,,,,,,,,,,,,,,,,,,,,
Colombia,1985,,,,,,,31.50158,,,,,,,,,,,,,,,,,,,,,,
Colombia,1986,,,,,,,31.936387,,,,,,,,,,,,,,,,,,,,,,
Colombia,1987,,,,,,,32.107953,,,,,,,,,,,,,,,,,,,,,,
Colombia,1988,,,,,,,31.701724,,,,,,,,,,,,,,,,,,,,,,
Colombia,1989,,,,,,,31.240859,,,,,,,,,,,,,,,,,,,,,,
Colombia,1990,,,,,,,31.272549,,,,,,,,,,,,,,,,,,,,,,
Colombia,1991,,,,,,,31.307325,,,,,,,,,,,,,,,,,,,,,,
Colombia,1992,,,,,,,31.569349,,,,,,,,,,,,,,,,,,,,,,
Colombia,1993,,,,,,,32.52412,,,,,,,,,,,,,,,,,,,,,,
Colombia,1994,,,,,,,32.981854,,,,,,,,,,,,,,,,,,,,,,
Colombia,1995,,,,,,,33.542095,,,,,,,,,,,,,,,,,,,,,,
Colombia,1996,,,,,,,32.725812,,,,,,,,,,,,,,,,,,,,,,
Colombia,1997,,,,,,,32.310009,,,,,,,,,,,,,,,,,,,,,,
Colombia,1998,,,,,,,31.357345,,,,,,,,,,,,,,,,,,,,,,
Colombia,1999,,,,,,,28.583695,,,,,,,,,,,,,,,,,,,,,,
Colombia,2000,,,,,,,27.954897,,,,,,,,,,,,,,,,,,,,,,
Colombia,2001,,,,,,,27.874054,,,,,,,,,,,,,,,,,,-24.44568334,,,,
Colombia,2002,,,,,,,27.966797,,,,,,,,,,,,,,,,,,-24.557637920000005,76.0,,,
Colombia,2003,,,,,,,28.31181,,,,,,,,,,,,,,,,,,-25.67533148,,,,
Colombia,2004,,,,,,,28.717372,,,,,,,,,,,,,,,,,,-26.806381040000005,,,,
Colombia,2005,,,,,,,29.087606,,,,,,,,,,,,,,,,,,-23.790208519999997,,,,
Colombia,2006,,,,,,,29.943047,,,,,,,,,,,,,,,,,,,,,,
Colombia,2007,10.62042764,,,,,,31.010288,,,,,,,,,,,,,,,,,,-25.23621518,,,,
Colombia,2008,11.03785067,,,,,,31.795618,,,,,,,,,,,,,,,,,,-31.93135886,,,,
Colombia,2009,10.22112901,,,,,,33.160453,,,,,,,,,,,,,,,,,,-33.574000000000005,,,,
Colombia,2010,13.96253308,-1.9252520000000004,29.913581,,,,33.441652,,,,,,,,,,,,,,,,,,-33.452,,,,
Colombia,2011,10.60217166,-2.232564999999997,29.303109,,,,34.881252,,,,,,,,,,,,,,,,,,-34.462,,,1.5400000000000065,
Colombia,2012,12.91111885,-2.744387,28.10923,,,,35.617302,,,,,,,,,,,,,,,,,,-34.01,75.8,,,
Colombia,2013,9.749305064,-3.31138,28.063755000000008,,,,36.69205,,,,,,,,,,,,,,,,,,-35.13399999999999,,,,
Colombia,2014,14.91505387,-3.571826999999999,28.075497,,,,37.119786,,,,,,,,,,,,,,,,,,-36.636,,,,
Colombia,2015,11.44422481,-3.79044914,27.36505509,,,,37.116237,,,,,,,,,,,,,,,,,,-38.49000000000001,60.2,,,
Colombia,2016,9.850291028,-3.944963450000003,27.79653931,,,,37.019113,,,,,,,,,,,,,,,,,,-40.136,,,,
Colombia,2017,8.871017801,-3.637748720000001,27.69649124,21.500003810000003,22.90000153,22.20000266999999,36.277649,,,,,,,,,,,,,,,,,,-39.55,62.6,,,
Colombia,2018,6.510817966,-4.408870689999997,28.394653320000003,22.099998470000003,23.0,22.549999235,35.932055,,,,,,,,,,,,,,,,,,-39.238,,,,
Colombia,2019,7.930337471,-4.5512619,28.793769829999995,22.10000229,25.59999848,23.850000385,35.849016,,,,,,,,,,,,,,,,,,-37.02000000000001,63.8,,,
Colombia,2020,2.461095933,-4.976818090000002,30.72948837,24.29999542,28.79999924,26.54999733000001,34.131533,,,,,,,,,,,,,,,,,,-32.602000000000004,,,2.780000000000001,
Colombia,2021,2.092951817,-4.700082779999999,32.002872460000006,28.99999619,36.0,32.49999809500001,35.22874,,,,,,,,,,,,,,,,,,-25.212000000000003,62.4,,,
Colombia,2022,0.100390482,-5.095922469999998,28.931327820000007,,,,36.456933,,,,,,,,,,,,,,,,,,-29.196,,,,
Colombia,2023,1.656794958,-5.260303499999999,27.73673629999999,25.771232470000008,33.149255090000004,29.460243780000013,35.951489,,28.9,18.9,75.4,0.0,0.0,0.0,25.0,25.0,100.0,43.0,60.1,24.1,18.9,49.1,18.9,-0.5,-34.68000000000001,42.2,,,
Colombia,2024,0.325865819,-5.069353103637699,27.232383728027337,25.804172229999992,27.6427813,26.723476764999997,35.728408,,,,,,,,,,,,,,,,,,-32.828,,,,
Costa Rica,1970,,,,,,,,,,,,,,,,,,,,,,,,,,,,,
Costa Rica,1971,,,,,,,,,,,,,,,,,,,,,,,,,,,,,
Costa Rica,1972,,,,,,,,,,,,,,,,,,,,,,,,,,,,,
Costa Rica,1973,,,,,,,,,,,,,,,,,,,,,,,,,,,,,
Costa Rica,1974,,,,,,,,,,,,,,,,,,,,,,,,,,,,,
Costa Rica,1975,,,,,,,,,,,,,,,,,,,,,,,,,,,,,
Costa Rica,1976,,,,,,,,,,,,,,,,,,,,,,,,,,,,,
Costa Rica,1977,,,,,,,,,,,,,,,,,,,,,,,,,,,,,
Costa Rica,1978,,,,,,,,,,,,,,,,,,,,,,,,,,,,,
Costa Rica,1979,,,,,,,,,,,,,,,,,,,,,,,,,,,,,
Costa Rica,1980,,,,,,,,,,,,,,,,,,,,,,,,,,,,,
Costa Rica,1981,,,,,,,,,,,,,,,,,,,,,,,,,,,,,
Costa Rica,1982,,,,,,,,,,,,,,,,,,,,,,,,,,,,,
Costa Rica,1983,,,,,,,,,,,,,,,,,,,,,,,,,,,,,
Costa Rica,1984,,,,,,,,,,,,,,,,,,,,,,,,,,,,,
Costa Rica,1985,,,,,,,,,,,,,,,,,,,,,,,,,,,,,
Costa Rica,1986,,,,,,,,,,,,,,,,,,,,,,,,,,,,,
Costa Rica,1987,,0.7223492999999994,59.021713,,,,,,,,,,,,,,,,,,,,,,,,,,
Costa Rica,1988,,0.7954880000000006,57.848983,,,,,,,,,,,,,,,,,,,,,,,,,,
Costa Rica,1989,,1.3379200000000004,57.91199099999999,,,,,,,,,,,,,,,,,,,,,,,,,,
Costa Rica,1990,,0.6865459999999999,56.197903,,,,,,,,,,,,,,,,,,,,,,,,,,
Costa Rica,1991,,1.6753779000000009,55.036114000000005,,,,35.190001,,,,,,,,,,,,,,,,,,,,,,
Costa Rica,1992,,1.319151999999999,55.055141,,,,37.051622,,,,,,,,,,,,,,,,,,,,,,
Costa Rica,1993,,0.989725,54.06270200000001,,,,38.562217,,,,,,,,,,,,,,,,,,,,,,
Costa Rica,1994,,2.04674,52.808083,,,,38.269092,,,,,,,,,,,,,,,,,,,,,,
Costa Rica,1995,,1.7742579999999997,52.60012400000001,,,,38.02579,,,,,,,,,,,,,,,,,,,,,,
Costa Rica,1996,,1.1308429999999987,50.98629400000001,,,,36.670817,,,,,,,,,,,,,,,,,,,,,,
Costa Rica,1997,,1.6373230000000003,48.618782,,,,36.600264,,,,,,,,,,,,,,,,,,,,,,
Costa Rica,1998,,1.1159630000000007,48.313576000000005,,,,37.463202,,,,,,,,,,,,,,,,,,,,,,
Costa Rica,1999,,1.3597849999999987,47.132976,,,,37.158752,,,,,,,,,,,,,,,,,,,,,,
Costa Rica,2000,,0.2363890000000026,47.767078000000005,,,,36.52665,,,,,,,,,,,,,,,,,,,,,,
Costa Rica,2001,,0.4451450000000001,43.852211,,,,36.756691,,,,,,,,,,,,,,,,,,,,,,
Costa Rica,2002,,0.7996239999999979,43.301281,,,,37.027479,,,,,,,,,,,,,,,,,,,29.8,,,
Costa Rica,2003,,0.912354999999998,42.112698,,,,37.551124,,,,,,,,,,,,,,,,,,,,,,
Costa Rica,2004,,1.0049840000000003,43.602821,,,,37.605678,,,,,,,,,,,,,,,,,,,,,,
Costa Rica,2005,,0.5350420000000007,41.510269,,,,37.66026,,,,,,,,,,,,,,,,,,,,,,
Costa Rica,2006,,-1.2784779999999998,41.478565,,,,38.83458,,,,,,,,,,,,,,,,,,,,,,
Costa Rica,2007,,-0.486388999999999,40.238911,,,,40.65824,,,,,,,,,,,,,,,,,,,,,,
Costa Rica,2008,,-1.0256989999999997,38.598736,,,,42.128896,,,,,,,,,,,,,,,,,,,,,,
Costa Rica,2009,,-1.4491769999999988,36.866111,,,,42.89269,,,,,,,,,,,,,,,,,,,,,,
Costa Rica,2010,11.94730418,-1.8973119999999997,35.36279699999999,,,,43.382558,,,,,,,,,,,,,,,,,,-32.858000000000004,,,,
Costa Rica,2011,12.3461108,-1.2303950000000017,34.579621,,,,44.213782,,,,,,,,,,,,,,,,,,-31.360000000000007,,,3.9200000000000017,
Costa Rica,2012,13.81799727,-1.5746000000000002,29.452640999999996,,,,45.414551,,,,,,,,,,,,,,,,,,-35.026,22.8,,,
Costa Rica,2013,11.87705239,-3.083966,31.262139,,,,45.455488,,,,,,,,,,,,,,,,,,-33.318000000000005,,,,
Costa Rica,2014,16.10180941,-1.4689000000000014,31.846584,,,,45.751777,,,,,,,,,,,,,,,,,,-28.03,,,,
Costa Rica,2015,12.61810824,-1.937587999999998,31.895542,,,,45.934082,,,,,,,,,,,,,,,,,,-30.038000000000004,33.400000000000006,,,
Costa Rica,2016,11.64236152,-3.607554999999998,33.62912,,,,46.711431,,,,,,,,,,,,,,,,,,-26.804,,,,
Costa Rica,2017,11.69663626,-2.4103640000000013,33.736294,,,,47.084448,,,,,,,,,,,,,,,,,,-29.748,29.8,,,
Costa Rica,2018,11.27038396,-2.072405,32.609531000000004,,,,46.950006,,,,,,,,,,,,,,,,,,-35.605999999999995,,,,
Costa Rica,2019,11.9388829,-2.4017470000000003,31.52531,24.90000153,24.5,24.700000765,47.045904,,,,,,,,,,,,,,,,,,-33.123999999999995,8.799999999999997,,,
Costa Rica,2020,5.774613713,-2.6851200000000013,31.239611999999997,24.70000076,27.699996940000005,26.19999885,46.603124,,,,,,,,,,,,,,,,,,-22.894000000000005,,,-5.340000000000003,
Costa Rica,2021,3.737903721,-2.5239970000000014,32.560562000000004,23.60000229,26.89999771,25.250000000000007,47.021168,,,,,,,,,,,,,,,,,,-26.840000000000003,8.799999999999997,,,
Costa Rica,2022,0.479212529,-4.543284,31.591023000000007,23.84000015,28.05999756,25.949998855000004,47.464676,,,,,,,,,,,,,,,,,,-35.214,,,,
Costa Rica,2023,4.106446023,-3.3187713599999995,33.22162629,24.75737772,32.78486015,28.771118935000004,48.909279,40.2,47.4,15.4,46.0,0.0,0.0,0.0,0.0,0.0,25.0,,,,,,,-3.3,-27.946,5.200000000000003,,,
Costa Rica,2024,6.928988597,-3.099884033203132,29.31561279296875,25.20776728000001,27.84491056,26.52633892,49.966811,,,,,,,,,,,,,,,,,,-34.598000000000006,,,,
Croatia,1970,,,,,,,,,,,,,,,,,,,,,,,,,,,,,
Croatia,1971,,,,,,,,,,,,,,,,,,,,,,,,,,,,,
Croatia,1972,,,,,,,,,,,,,,,,,,,,,,,,,,,,,
Croatia,1973,,,,,,,,,,,,,,,,,,,,,,,,,,,,,
Croatia,1974,,,,,,,,,,,,,,,,,,,,,,,,,,,,,
Croatia,1975,,,,,,,,,,,,,,,,,,,,,,,,,,,,,
Croatia,1976,,,,,,,,,,,,,,,,,,,,,,,,,,,,,
Croatia,1977,,,,,,,,,,,,,,,,,,,,,,,,,,,,,
Croatia,1978,,,,,,,,,,,,,,,,,,,,,,,,,,,,,
Croatia,1979,,,,,,,,,,,,,,,,,,,,,,,,,,,,,
Croatia,1980,,,,,,,,,,,,,,,,,,,,,,,,,,,,,
Croatia,1981,,,,,,,,,,,,,,,,,,,,,,,,,,,,,
Croatia,1982,,,,,,,,,,,,,,,,,,,,,,,,,,,,,
Croatia,1983,,,,,,,,,,,,,,,,,,,,,,,,,,,,,
Croatia,1984,,,,,,,,,,,,,,,,,,,,,,,,,,,,,
Croatia,1985,,,,,,,,,,,,,,,,,,,,,,,,,,,,,
Croatia,1986,,,,,,,,,,,,,,,,,,,,,,,,,,,,,
Croatia,1987,,,,,,,,,,,,,,,,,,,,,,,,,,,,,
Croatia,1988,,,,,,,,,,,,,,,,,,,,,,,,,,,,,
Croatia,1989,,,,,,,,,,,,,,,,,,,,,,,,,,,,,
Croatia,1990,,,,,,,,,,,,,,,,,,,,,,,,,,,,,
Croatia,1991,,,,,,,,,,,,,,,,,,,,,,,,,,,,,
Croatia,1992,,,,,,,,,,,,,,,,,,,,,,,,,,,,,
Croatia,1993,,,,,,,,,,,,,,,,,,,,,,,,,,,,,
Croatia,1994,,,,,,,,,,,,,,,,,,,,,,,,,,,,,
Croatia,1995,,,,,,,,,,,,,,,,,,,,,,,,,,,,,
Croatia,1996,,,,,,,,,,,,,,,,,,,,,,,,,,,,,
Croatia,1997,,,,,,,,,,,,,,,,,,,,,,,,,,,,,
Croatia,1998,,,,,,,,,,,,,,,,,,,,,,,,,,,,,
Croatia,1999,,,,,,,,,,,,,,,,,,,,,,,,,,,,,
Croatia,2000,,,,,,,,,,,,,,,,,,,,,,,,,,,,,
Croatia,2001,,,,,,,,,,,,,,,,,,,,,,,,,,,,,
Croatia,2002,,,,,,,,,,,,,,,,,,,,,,,,,-15.111513720000003,,,,
Croatia,2003,,,,,,,,,,,,,,,,,,,,,,,,,-29.001932100000005,,,,
Croatia,2004,,,,,,,,,,,,,,,,,,,,,,,,,-20.30029832,,,,
Croatia,2005,,,,,,,,,,,,,,,,,,,,,,,,,-19.54607378,,,,
Croatia,2006,,,,,,,,,,,,,,,,,,,,,,,,,-21.120499859999995,,,,
Croatia,2007,,,,,,,,,,,,,,,,,,,,,,,,,-21.99313536,,,,50.0
Croatia,2008,,,,,,,,,,,,,,,,,,,,,,,,,-20.014918840000007,,,,46.8
Croatia,2009,,,,,,,,,,,,,,,,,,,,,,,,,-25.8,,,,32.2
Croatia,2010,6.443275959,,,,,,,,,,,,,,,,,,,,,,,,-31.590000000000003,,,,32.0
Croatia,2011,,,,,,,,,,,,,,,,,,,,,,,,,-20.819999999999997,,,-0.980000000000004,32.599999999999994
Croatia,2012,,,,,,,,,,,,,,,,,,,,,,,,,-16.915999999999997,52.4,,,27.0
Croatia,2013,,,,,,,,,,,,,,,,,,,,,,,,,-12.153999999999996,,,,17.799999999999997
Croatia,2014,8.733275185,,,,,,,,,,,,,,,,,,,,,,,,-23.116,,,,11.599999999999994
Croatia,2015,,,,,,,,,,,,,,,,,,,,,,,,,-16.367999999999995,,,,8.200000000000003
Croatia,2016,,-5.566488270000001,9.826557160000007,,,,,,,,,,,,,,,,,,,,,,-19.286,,,,38.2
Croatia,2017,,,,,,,,,,,,,,,,,,,,,,,,,-15.191999999999991,60.2,,,-12.799999999999995
Croatia,2018,11.42497247,,,,,,,,,,,,,,,,,,,,,,,,-24.184,,,,-8.0
Croatia,2019,,-7.365152359008793,10.08466339111328,,,,,,,,,,,,,,,,,,,,,,-34.63999999999999,,,,-9.400000000000006
Croatia,2020,,,,,,,,,,,,,,,,,,,,,,,,,-30.248,,,-10.799999999999995,-14.200000000000005
Croatia,2021,,,,,,,,,,,,,,,,,,,,,,,,,-20.83,37.8,,,-15.200000000000005
Croatia,2022,7.646547241,,,,,,,,,,,,,,,,,,,,,,,,-22.256,,,,-18.40000000000001
Croatia,2023,11.27624386,-9.10888099,7.410331729999996,,,,,28.4,31.8,27.0,76.6,0.0,0.0,0.0,0.0,50.0,0.0,31.7,71.5,18.0,21.8,41.2,12.8,,-12.733999999999996,36.4,,,
Croatia,2024,,-11.04373168945312,5.541572570800781,,,,,,,,,,,,,,,,,,,,,,-29.784,,,,
Cyprus,1970,,,,,,,,,,,,,,,,,,,,,,,,,,,,,
Cyprus,1971,,,,,,,,,,,,,,,,,,,,,,,,,,,,,
Cyprus,1972,,,,,,,,,,,,,,,,,,,,,,,,,,,,,
Cyprus,1973,,,,,,,,,,,,,,,,,,,,,,,,,,,,,
Cyprus,1974,,,,,,,,,,,,,,,,,,,,,,,,,,,,,
Cyprus,1975,,,,,,,,,,,,,,,,,,,,,,,,,,,,,
Cyprus,1976,,,,,,,,,,,,,,,,,,,,,,,,,,,,,
Cyprus,1977,,,,,,,,,,,,,,,,,,,,,,,,,,,,,
Cyprus,1978,,,,,,,,,,,,,,,,,,,,,,,,,,,,,
Cyprus,1979,,,,,,,,,,,,,,,,,,,,,,,,,,,,,
Cyprus,1980,,,,,,,,,,,,,,,,,,,,,,,,,,,,,
Cyprus,1981,,,,,,,,,,,,,,,,,,,,,,,,,,,,,
Cyprus,1982,,,,,,,,,,,,,,,,,,,,,,,,,,,,,
Cyprus,1983,,,,,,,,,,,,,,,,,,,,,,,,,,,,,
Cyprus,1984,,,,,,,,,,,,,,,,,,,,,,,,,,,,,
Cyprus,1985,,,,,,,,,,,,,,,,,,,,,,,,,,,,,
Cyprus,1986,,,,,,,,,,,,,,,,,,,,,,,,,,,,,
Cyprus,1987,,,,,,,,,,,,,,,,,,,,,,,,,,,,,
Cyprus,1988,,,,,,,,,,,,,,,,,,,,,,,,,,,,,
Cyprus,1989,,,,,,,,,,,,,,,,,,,,,,,,,,,,,
Cyprus,1990,,,,,,,,,,,,,,,,,,,,,,,,,,,,,
Cyprus,1991,,,,,,,,,,,,,,,,,,,,,,,,,,,,,
Cyprus,1992,,,,,,,,,,,,,,,,,,,,,,,,,,,,,
Cyprus,1993,,,,,,,,,,,,,,,,,,,,,,,,,,,,,
Cyprus,1994,,,,,,,,,,,,,,,,,,,,,,,,,,,,,
Cyprus,1995,,,,,,,,,,,,,,,,,,,,,,,,,,,,,
Cyprus,1996,,,,,,,,,,,,,,,,,,,,,,,,,,,,,
Cyprus,1997,,,,,,,,,,,,,,,,,,,,,,,,,,,,,
Cyprus,1998,,,,,,,,,,,,,,,,,,,,,,,,,,,,,
Cyprus,1999,,,,,,,,,,,,,,,,,,,,,,,,,,,,,
Cyprus,2000,,,,,,,,,,,,,,,,,,,,,,,,,-42.83745324,,,,
Cyprus,2001,,,,,,,,,,,,,,,,,,,,,,,,,-45.44222307999999,,,,
Cyprus,2002,32.65956141,,,,,,,,,,,,,,,,,,,,,,,,-51.05604242,,,,
Cyprus,2003,,,,,,,,,,,,,,,,,,,,,,,,,-43.2287173,,,,
Cyprus,2004,,,,,,,,,,,,,,,,,,,,,,,,,-54.00207186,,,,
Cyprus,2005,,,,,,,,,,,,,,,,,,,,,,,,,-58.486001640000005,,,,
Cyprus,2006,24.95357694,,,,,,,,,,,,,,,,,,,,,,,,-57.52858698,,,,
Cyprus,2007,,,,,,,,,,,,,,,,,,,,,,,,,-51.26341624,,,,
Cyprus,2008,,,,,,,,,,,,,,,,,,,,,,,,,-48.88510683999999,,,,
Cyprus,2009,,,,,,,,,,,,,,,,,,,,,,,,,-47.3,,,,
Cyprus,2010,20.76439116,,,,,,,,,,,,,,,,,,,,,,,,-37.6,,,,
Cyprus,2011,,,,,,,,,,,,,,,,,,,,,,,,,-32.766,,,,
Cyprus,2012,,,,,,,,,,,,,,,,,,,,,,,,,-35.593999999999994,,,,
Cyprus,2013,,,,,,,,,,,,,,,,,,,,,,,,,-33.716,,,,
Cyprus,2014,17.05336008,,,,,,,,,,,,,,,,,,,,,,,,-28.706,,,,
Cyprus,2015,,,,,,,,,,,,,,,,,,,,,,,,,-27.348,,,,
Cyprus,2016,,,,,,,,,,,,,,,,,,,,,,,,,-22.447999999999997,,,,
Cyprus,2017,,,,,,,,,,,,,,,,,,,,,,,,,-27.77,,,,
Cyprus,2018,16.12885436,,,,,,,,,,,,,,,,,,,,,,,,-31.376000000000005,,,,
Cyprus,2019,,,,,,,,,,,,,,,,,,,,,,,,,-39.332,,,,
Cyprus,2020,,,,,,,,,,,,,,,,,,,,,,,,,-33.922,,,,
Cyprus,2021,,,,,,,,,,,,,,,,,,,,,,,,,-17.489999999999995,,,,
Cyprus,2022,17.80542772,,,,,,,,,,,,,,,,,,,,,,,,-20.965999999999998,,,,
Cyprus,2023,17.66395805,,,,,,,24.2,14.3,8.2,56.1,0.0,0.0,0.0,0.0,25.0,0.0,35.7,59.1,28.7,40.6,50.1,27.3,,-28.566000000000003,,,,
Cyprus,2024,,,,,,,,,,,,,,,,,,,,,,,,,-29.849999999999994,,,,
Czechia,1970,,,,,,,,,,,,,,,,,,,,,,,,,,,,,
Czechia,1971,,,,,,,,,,,,,,,,,,,,,,,,,,,,,
Czechia,1972,,,,,,,,,,,,,,,,,,,,,,,,,,,,,
Czechia,1973,,,,,,,,,,,,,,,,,,,,,,,,,,,,,
Czechia,1974,,,,,,,,,,,,,,,,,,,,,,,,,,,,,
Czechia,1975,,,,,,,,,,,,,,,,,,,,,,,,,,,,,
Czechia,1976,,,,,,,,,,,,,,,,,,,,,,,,,,,,,
Czechia,1977,,,,,,,,,,,,,,,,,,,,,,,,,,,,,
Czechia,1978,,,,,,,,,,,,,,,,,,,,,,,,,,,,,
Czechia,1979,,,,,,,,,,,,,,,,,,,,,,,,,,,,,
Czechia,1980,,,,,,,,,,,,,,,,,,,,,,,,,,,,,
Czechia,1981,,,,,,,,,,,,,,,,,,,,,,,,,,,,,
Czechia,1982,,,,,,,,,,,,,,,,,,,,,,,,,,,,,
Czechia,1983,,,,,,,,,,,,,,,,,,,,,,,,,,,,,
Czechia,1984,,,,,,,,,,,,,,,,,,,,,,,,,,,,,
Czechia,1985,,,,,,,,,,,,,,,,,,,,,,,,,,,,,
Czechia,1986,,,,,,,,,,,,,,,,,,,,,,,,,,,,,
Czechia,1987,,,,,,,,,,,,,,,,,,,,,,,,,,,,,
Czechia,1988,,,,,,,,,,,,,,,,,,,,,,,,,,,,,
Czechia,1989,,,,,,,,,,,,,,,,,,,,,,,,,,,,,
Czechia,1990,,,,,,,87.256544,,,,,,,,,,,,,,,,,,,,,,
Czechia,1991,,,,,,,77.056174,,,,,,,,,,,,,,,,,,,,,,
Czechia,1992,,,,,,,75.505504,,,,,,,,,,,,,,,,,,,,,,
Czechia,1993,,,,,,,74.950269,,,,,,,,,,,,,,,,,,-37.51075218,,,,
Czechia,1994,,4.534506799999999,12.99547600000001,,,,75.345539,,,,,,,,,,,,,,,,,,-35.40029622,,,,
Czechia,1995,,4.901043300000001,13.985495999999998,,,,78.614742,,,,,,,,,,,,,,,,,,-40.4235468,,,,
Czechia,1996,19.05414047,,,,,,80.019923,,,,,,,,,,,,,,,,,,-34.695464320000006,,,,
Czechia,1997,20.54521369,4.498294600000001,18.35437800000001,,,,77.323963,,,,,,,,,,,,,,,,,,-38.110248680000005,,,,
Czechia,1998,0.0,3.8419273,19.041038,,,,75.419061,,,,,,,,,,,,,,,,,,-39.98511658000001,,,,
Czechia,1999,23.20670605,3.5578153,19.037659,,,,74.624694,,,,,,,,,,,,,,,,,,-41.79722902,,,,
Czechia,2000,0.0,3.372157,19.1193,,15.454807290000003,15.454807290000003,75.135883,,,,,,,,,,,,,,,,,,-44.907641180000006,,,,
Czechia,2001,21.92666932,3.4896119999999997,19.037856999999995,,15.441730500000006,15.441730500000006,77.169434,,,,,,,,,,,,,,,,,,-43.98155542000001,,,,
Czechia,2002,21.76856344,3.6447850000000006,19.646736000000004,15.933826450000003,15.154880520000006,15.544353485000002,77.844025,,,,,,,,,,,,,,,,,,-46.703344060000006,66.0,,,
Czechia,2003,21.72368357,3.114196999999999,19.785355000000003,15.180107110000002,14.929794309999998,15.05495071,79.304844,,,,,,,,,,,,,,,,,,-43.8639336,,,,
Czechia,2004,21.44758461,3.163326999999999,19.300574999999995,15.46681976,15.888809199999995,15.677814479999997,80.899223,,,,,,,,,,,,,,,,,,-56.66666666,,,,
Czechia,2005,21.25030322,2.829338,19.511116,15.908519750000004,17.593147280000004,16.750833515000004,83.992117,,,,,,,,,,,,,,,,,,-54.39397398,,,,
Czechia,2006,20.87413545,2.479980000000001,19.340668000000008,15.899738309999996,16.716560369999996,16.30814934,87.128593,,,,,,,,,,,,,,,,,,-55.79526856,,,,
Czechia,2007,21.07096022,2.199765000000001,19.81940400000001,16.621433249999995,18.316604619999996,17.469018934999994,89.671879,,,,,,,,,,,,,,,,,,-53.80561897999999,,,,54.2
Czechia,2008,22.32653889,1.5086560000000002,20.233604,17.046352380000002,19.48757935,18.266965865000003,91.385383,,,,,,,,,,,,,,,,,,-53.81915996000001,,,,49.0
Czechia,2009,21.50323884,1.274394000000001,19.249549,16.993236540000005,17.654098509999997,17.323667525000005,90.190887,,,,,,,,,,,,,,,,,,-48.23599999999999,,,,37.4
Czechia,2010,21.2487647,0.9868469999999974,19.351261000000008,16.960052490000002,21.73923111000001,19.3496418,90.231558,,,,,,,,,,,,,,,,,,-47.330000000000005,,,,44.0
Czechia,2011,22.67867912,0.3522560000000005,18.641189,16.36976242,25.23233032,20.801046369999995,90.667662,,,,,,,,,,,,,,,,,,-53.94800000000001,,,,44.4
Czechia,2012,22.08637828,-0.5276999999999994,18.228591999999992,15.724689490000005,24.275112150000005,19.999900820000008,89.19231,,,,,,,,,,,,,,,,,,-47.370000000000005,56.0,,,44.4
Czechia,2013,21.694343,-1.005704999999999,17.62608300000001,15.212699889999996,22.24594879,18.72932433999999,88.221266,,,,,,,,,,,,,,,,,,-49.25,,,,44.4
Czechia,2014,21.93062145,-1.6946510000000004,17.55488600000001,15.348808289999994,23.90815735000001,19.628482819999988,88.79476,,,,,,,,,,,,,,,,,,-48.74600000000001,,-22.0,,41.2
Czechia,2015,21.87925556,-2.4751340000000006,16.714493000000004,14.628921509999998,22.54490661,18.58691406,91.356072,,,,,,,,,,,,,,,,,,-47.762,60.0,,,38.4
Czechia,2016,21.06970217,-2.1527579999999986,15.835433999999992,14.339416509999992,20.36112976,17.35027313499998,92.505261,,,,,,,,,,,,,,,,,,-51.21600000000001,,,,39.4
Czechia,2017,20.72143003,-3.0670280000000005,15.759741999999989,14.050239560000009,18.255760190000004,16.152999875000006,95.18212,,,,,,,,,,,,,,,,,,-53.55799999999999,60.0,,,38.2
Czechia,2018,19.94433636,-3.6825600000000014,15.319252000000006,13.5,17.30000305,15.400001524999992,96.066895,,,,,,,,,,,,,,,,,,-51.862,,,,36.8
Czechia,2019,18.79644324,-3.725158999999998,15.099647000000004,13.540374749999998,16.281715390000002,14.91104507,98.249478,,,,,,,,,,,,,,,,,,-46.718,55.0,,,40.6
Czechia,2020,16.4840446,-4.863775,14.982627999999991,14.0,17.099998479999996,15.549999240000004,97.73732,,,,,,,,,,,,,,,,,,-48.268,,-20.0,,36.6
Czechia,2021,15.21068859,-5.857953999999999,15.104423999999996,13.43434142999999,19.696128850000008,16.56523514,96.033575,,,,,,,,,,,,,,,,,,-46.25999999999999,54.0,,,43.4
Czechia,2022,17.7353458,-6.071822000000001,14.760208000000006,13.020202639999994,17.352340690000005,15.186271664999992,93.973435,,,,,,,,,,,,,,,,,,-41.946,,,,42.0
Czechia,2023,17.73845231,-7.26462746,13.388130189999998,12.76171112,17.621116639999997,15.19141388,92.016458,27.8,25.5,16.1,44.1,0.0,0.0,0.0,0.0,50.0,25.0,49.8,41.3,49.7,26.6,32.2,43.9,,-40.71600000000001,48.0,,,
Czechia,2024,18.12328024,-7.064287185668949,12.127540588378906,11.013282779999995,16.070808409999998,13.542045595000005,91.904961,,,,,,,,,,,,,,,,,,-43.156000000000006,,,,
Denmark,1970,,,,,,,149.264542,,,,,,,,,,,,,,,,,,,,,,
Denmark,1971,,,,,,,149.631267,,,,,,,,,,,,,,,,,,,,,,
Denmark,1972,,,,,,,148.162126,,,,,,,,,,,,,,,,,,,,,,
Denmark,1973,,,,,,,146.927189,,,,,,,,,,,,,,,,,,,,,,
Denmark,1974,,,,,,,144.637486,,,,,,,,,,,,,,,,,,,,,,
Denmark,1975,,,,,,,142.969338,,,,,,,,,,,,,,,,,,,,,,
Denmark,1976,,,,,,,145.414739,,,,,,,,,,,,,,,,,,,,,,
Denmark,1977,,,,,,,143.883487,,,,,,,,,,,,,,,,,,,,,,
Denmark,1978,,,,,,,142.00254,,,,,,,,,,,,,,,,,,,,,,
Denmark,1979,,,,,,,143.239598,,,,,,,,,,,,,,,,,,,,,,
Denmark,1980,,,,,,,141.541745,,,,,,,,,,,,,,,,,,,,,,
Denmark,1981,,1.6404130000000006,15.936347999999995,,,,138.694118,,,,,,,,,,,,,,,,,,,,,,
Denmark,1982,,,,,,,145.193762,,,,,,,,,,,,,,,,,,,,,,
Denmark,1983,,,,,,,146.056339,,,,,,,,,,,,,,,,,,-64.03357126,,,,
Denmark,1984,,,,,,,146.622206,,,,,,,,,,,,,,,,,,-61.15355206000001,,,,
Denmark,1985,,,,,,,148.363124,,,,,,,,,,,,,,,,,,-59.636829260000006,,,,
Denmark,1986,,,,,,,151.827132,,,,,,,,,,,,,,,,,,-54.956750940000006,,,,
Denmark,1987,,,,,,,148.017692,,,,,,,,,,,,,,,,,,-52.23708682,,,,
Denmark,1988,,0.4356970000000011,10.259636,,,,143.076037,,,,,,,,,,,,,,,,,,-53.83904713999999,,,,
Denmark,1989,,,,,,,139.897676,,,,,,,,,,,,,,,,,,-51.54137516,,,,
Denmark,1990,,,,,,,138.944014,,,,,,,,,,,,,,,,,,-45.52065044,,,,
Denmark,1991,,-0.1407259999999972,9.110779000000008,,,,139.740296,,,,,,,,,,,,,,,,,,-45.07773094000001,,,,
Denmark,1992,,-0.4811540000000001,8.495460000000008,,,,140.072683,,,,,,,,,,,,,,,,,,-46.39020656,,,,
Denmark,1993,,,,,,,138.52953,,,,,,,,,,,,,,,,,,-43.5016736,,,,
Denmark,1994,,-0.7595060000000018,7.917526000000009,,,,142.118654,,,,,,,,,,,,,,,,,,-40.33290790000001,,,,
Denmark,1995,,-1.0006909999999998,9.492019999999997,,,,143.086104,,,,,,,,,,,,,,,,,,-37.75184114000001,,,,
Denmark,1996,,,,,,,142.772971,,,,,,,,,,,,,,,,,,-33.73325392,,,,
Denmark,1997,,,,,,,142.416971,,,,,,,,,,,,,,,,,,-30.506071219999995,,,,
Denmark,1998,,-2.2611199999999982,11.847565000000005,,,,142.088028,,,,,,,,,,,,,,,,,,-39.33942944,,,,
Denmark,1999,,-1.1371269999999996,10.004151000000007,,,,142.162944,,,,,,,,,,,,,,,,,,-37.27643952,,,,
Denmark,2000,,-2.7439800000000005,8.565764999999999,7.558456419999999,16.502487180000003,12.030471799999988,142.119426,,,,,,,,,,,,,,,,,,-37.5571034,,,,
Denmark,2001,,-5.073126000000002,8.820167999999995,7.968353270000009,11.11212158,9.540237425,142.002589,,,,,,,,,,,,,,,,,,-36.43561634,,,,
Denmark,2002,14.59940588,-4.158033,9.171852,7.213104239999993,15.419609070000009,11.316356654999993,140.946642,,,,,,,,,,,,,,,,,,-31.746532159999997,24.0,,,
Denmark,2003,13.75002848,-3.1644140000000007,10.125678999999993,7.991554260000001,22.70290756,15.347230909999992,139.267199,,,,,,,,,,,,,,,,,,-32.86704966,,,,
Denmark,2004,14.15321932,-4.109333,9.249428000000009,7.693458559999996,12.55404281,10.123750685000005,139.131556,,,,,,,,,,,,,,,,,,-33.40202398,,,,
Denmark,2005,15.02070759,-5.232137999999996,8.845711000000009,6.9436187700000005,15.734931940000005,11.339275354999998,138.968894,,,,,,,,,,,,,,,,,,-31.473106840000007,,,,
Denmark,2006,14.95184061,-4.551665999999997,9.250274999999988,6.480094909999991,13.493587490000005,9.9868412,140.338793,,,,,,,,,,,,,,,,,,-32.13350942,,,,
Denmark,2007,14.60486237,-5.218064000000002,8.247855999999999,6.611961370000003,13.401371000000005,10.006666185,138.424443,,,,,,,,,,,,,,,,,,-29.479271420000003,,,,58.2
Denmark,2008,14.58924173,-4.9863800000000005,8.450301999999994,6.648124690000003,15.855491629999996,11.25180816000001,137.509744,,,,,,,,,,,,,,,,,,-25.625207579999994,,,,65.6
Denmark,2009,13.99224343,-7.018831000000002,6.623681000000005,6.170089719999993,11.52232361,8.846206665000011,135.527094,,,,,,,,,,,,,,,,,,-29.554,,,,58.4
Denmark,2010,11.983277,-6.932037999999999,6.143767999999994,5.929901119999997,10.613388059999991,8.271644589999994,133.823055,,,,,,,,,,,,,,,,,,-32.536,,,,53.8
Denmark,2011,12.78885185,-8.321181999999997,7.176850000000002,5.684448250000003,8.360183720000009,7.022315985000006,133.050057,,,,,,,,,,,,,,,,,,-30.578000000000003,,,-35.900000000000006,55.6
Denmark,2012,12.62362386,-10.509013999999995,6.302948000000001,5.060981749999996,8.751586919999994,6.906284334999995,131.537114,,,,,,,,,,,,,,,,,,-26.982,21.8,,,53.8
Denmark,2013,12.18378486,-10.348727999999998,6.596655999999996,4.44029999,7.583580019999999,6.011940005,131.387192,,,,,,,,,,,,,,,,,,-28.675999999999995,,,,61.6
Denmark,2014,11.35600655,-9.736468999999996,7.480087999999995,5.003555290000008,12.83655548,8.920055385000012,130.309545,,,,,,,,,,,,,,,,,,-26.536,,,,53.4
Denmark,2015,10.75408941,-10.738943,8.369979999999998,5.159011840000005,12.688713069999991,8.923862455000005,129.571256,,,,,,,,,,,,,,,,,,-26.934,25.200000000000003,,,50.4
Denmark,2016,10.47011959,-9.443636999999995,8.071076000000005,4.581298829999994,9.828918450000003,7.205108639999992,130.841265,,,,,,,,,,,,,,,,,,-23.424000000000007,,,,53.0
Denmark,2017,10.01975998,-10.799172,7.252769999999998,4.372047429999995,11.084030150000004,7.728038789999999,131.17647,,,,,,,,,,,,,,,,,,-23.319999999999997,25.200000000000003,,,50.6
Denmark,2018,12.74981083,-11.371468,7.554795000000013,4.199996949999999,12.0,8.099998475000007,130.660143,,,,,,,,,,,,,,,,,,-26.686000000000007,,,,52.6
Denmark,2019,9.45677519,-10.962004999999998,7.6991430000000065,4.87454987000001,13.29031372,9.08243179499999,130.915093,,,,,,,,,,,,,,,,,,-24.989999999999995,25.200000000000003,,,39.6
Denmark,2020,9.096764476,-10.392006000000002,7.520684000000003,5.100006100000002,10.599998479999996,7.850002289999992,134.169197,,,,,,,,,,,,,,,,,,-24.40000000000001,,,-38.97999999999999,40.0
Denmark,2021,9.234754363,-11.875942000000002,7.0435250000000025,5.314796449999989,11.488464359999996,8.401630404999992,134.375591,,,,,,,,,,,,,,,,,,-23.992000000000004,20.599999999999994,,,47.2
Denmark,2022,8.961374028,-13.749759669999996,5.683525079999996,4.219238279999999,7.867874139999998,6.043556209999991,130.425974,,,,,,,,,,,,,,,,,,-24.02200000000001,,,,39.4
Denmark,2023,8.42383165,-12.96750641,6.244560239999998,4.279739380000009,7.710868840000003,5.995304110000006,128.927353,27.9,43.6,8.3,13.3,0.0,0.0,0.0,0.0,25.0,0.0,,,8.7,2.2,8.9,11.8,-1.0999999999999996,-25.382000000000005,12.799999999999995,,,
Denmark,2024,,-12.31977081298828,7.069755554199219,4.877784730000002,9.115425110000004,6.996604919999996,131.199846,,,,,,,,,,,,,,,,,,-21.91200000000001,,,,
Estonia,1970,,,,,,,,,,,,,,,,,,,,,,,,,,,,,
Estonia,1971,,,,,,,,,,,,,,,,,,,,,,,,,,,,,
Estonia,1972,,,,,,,,,,,,,,,,,,,,,,,,,,,,,
Estonia,1973,,,,,,,,,,,,,,,,,,,,,,,,,,,,,
Estonia,1974,,,,,,,,,,,,,,,,,,,,,,,,,,,,,
Estonia,1975,,,,,,,,,,,,,,,,,,,,,,,,,,,,,
Estonia,1976,,,,,,,,,,,,,,,,,,,,,,,,,,,,,
Estonia,1977,,,,,,,,,,,,,,,,,,,,,,,,,,,,,
Estonia,1978,,,,,,,,,,,,,,,,,,,,,,,,,,,,,
Estonia,1979,,,,,,,,,,,,,,,,,,,,,,,,,,,,,
Estonia,1980,,,,,,,,,,,,,,,,,,,,,,,,,,,,,
Estonia,1981,,,,,,,,,,,,,,,,,,,,,,,,,,,,,
Estonia,1982,,,,,,,,,,,,,,,,,,,,,,,,,,,,,
Estonia,1983,,,,,,,,,,,,,,,,,,,,,,,,,,,,,
Estonia,1984,,,,,,,,,,,,,,,,,,,,,,,,,,,,,
Estonia,1985,,,,,,,,,,,,,,,,,,,,,,,,,,,,,
Estonia,1986,,,,,,,,,,,,,,,,,,,,,,,,,,,,,
Estonia,1987,,,,,,,,,,,,,,,,,,,,,,,,,,,,,
Estonia,1988,,,,,,,,,,,,,,,,,,,,,,,,,,,,,
Estonia,1989,,,,,,,,,,,,,,,,,,,,,,,,,,,,,
Estonia,1990,,,,,,,,,,,,,,,,,,,,,,,,,,,,,
Estonia,1991,,,,,,,,,,,,,,,,,,,,,,,,,,,,,
Estonia,1992,,,,,,,,,,,,,,,,,,,,,,,,,,,,,
Estonia,1993,,,,,,,41.494845,,,,,,,,,,,,,,,,,,,,,,
Estonia,1994,,,,,,,40.816457,,,,,,,,,,,,,,,,,,,,,,
Estonia,1995,,,,,,,42.722016,,,,,,,,,,,,,,,,,,,,,,
Estonia,1996,,,,,,,44.446468,,,,,,,,,,,,,,,,,,,,,,
Estonia,1997,,-10.986200999999998,11.245918000000003,,,,49.45571,,,,,,,,,,,,,,,,,,,,,,
Estonia,1998,,-11.795806000000002,9.724266,,,,50.954273,,,,,,,,,,,,,,,,,,,,,,
Estonia,1999,,-12.019392,8.814980000000006,,,,49.960732,,,,,,,,,,,,,,,,,,,,,,
Estonia,2000,,-13.723108999999996,6.350241999999994,8.653976440000008,16.55357361,12.603775025000004,52.349915,,,,,,,,,,,,,,,,,,-34.69671774,,,,
Estonia,2001,,-12.880273999999996,5.991157000000001,7.42397308000001,14.707527159999998,11.065750120000004,55.394814,,,,,,,,,,,,,,,,,,-29.61752058,,,,
Estonia,2002,27.19633936,-12.788849,5.401138000000003,10.323226929999995,13.674110420000003,11.998668675000005,59.118002,,,,,,,,,,,,,,,,,,-31.93659786000001,64.4,,,
Estonia,2003,,-12.684463,5.700423999999998,9.486473079999996,13.601684570000003,11.544078825000014,63.115834,,,,,,,,,,,,,,,,,,-25.718654040000004,,,,
Estonia,2004,,-13.577702,3.725669999999994,8.928985589999996,4.974700929999997,6.95184325999999,66.115583,,,,,,,,,,,,,,,,,,-24.771157239999997,,,,
Estonia,2005,,-12.224779000000002,3.185555000000008,6.632698059999996,6.795715340000001,6.714206700000005,71.248694,,,,,,,,,,,,,,,,,,-38.27312902,,,,
Estonia,2006,29.44421092,-11.778522000000002,5.625526000000008,6.372749330000005,7.733863830000004,7.053306580000012,76.790876,,,,,,,,,,,,,,,,,,-50.015366580000006,,,,
Estonia,2007,,-13.80055,7.888618999999991,8.957733160000004,8.099655150000004,8.52869415500001,81.502907,,,,,,,,,,,,,,,,,,-44.877492960000005,,,,46.2
Estonia,2008,,-15.361376,8.175758000000002,7.657524109999997,10.253936760000002,8.955730435000007,77.854016,,,,,,,,,,,,,,,,,,-41.92442801999999,,,,54.8
Estonia,2009,,-18.469089000000004,1.3597559999999902,6.834114069999998,7.110488900000007,6.972301485000003,69.449526,,,,,,,,,,,,,,,,,,-37.52000000000001,,,,23.8
Estonia,2010,28.84017498,-17.296471,1.3405599999999964,5.744789130000001,5.346893309999999,5.54584122,69.596818,,,,,,,,,,,,,,,,,,-35.772,,,,14.200000000000005
Estonia,2011,,-17.072478000000004,5.717101999999997,6.095870970000007,10.706863400000003,8.401367185000012,73.997594,,,,,,,,,,,,,,,,,,-41.062000000000005,,,-37.72,16.200000000000003
Estonia,2012,,-16.943165,5.830337999999998,6.611785890000007,10.805435180000003,8.70861053500002,76.384996,,,,,,,,,,,,,,,,,,-42.824000000000005,60.4,,,8.599999999999994
Estonia,2013,,-17.701138000000004,6.793518000000006,6.849655150000004,7.049369810000002,6.94951248000001,77.170942,,,,,,,,,,,,,,,,,,-37.49799999999999,,,,8.0
Estonia,2014,29.83578732,-17.694002,8.454887,7.422698969999999,12.504348750000004,9.96352386000001,78.764251,,,,,,,,,,,,,,,,,,-31.651999999999997,,-26.0,,3.200000000000003
Estonia,2015,,-19.029688,7.389731999999995,7.112304690000002,9.762313840000004,8.437309264999996,78.80475,,,,,,,,,,,,,,,,,,-38.19,52.4,,,2.4000000000000057
Estonia,2016,,-18.910282,8.060203000000001,8.091613769999995,13.213958739999995,10.652786254999995,80.082596,,,,,,,,,,,,,,,,,,-31.454,,,,8.599999999999994
Estonia,2017,,-19.344331,6.997467,6.9968109200000015,12.64279938,9.819805149999992,82.83743,,,,,,,,,,,,,,,,,,-35.27,46.6,,,8.0
Estonia,2018,24.01634462,-20.316840000000003,7.389167999999998,6.800003050000001,8.200004579999998,7.500003814999985,84.194628,,,,,,,,,,,,,,,,,,-35.308,,,,9.400000000000006
Estonia,2019,,-20.83,7.302963000000005,6.187034610000012,7.346534730000002,6.766784670000007,86.002166,,,,,,,,,,,,,,,,,,-35.5,42.6,,,4.400000000000006
Estonia,2020,,-20.401844,5.9012599999999935,4.506332389999997,3.3472366299999976,3.9267845099999903,87.073236,,,,,,,,,,,,,,,,,,-31.075999999999997,,-28.0,-33.16,1.0
Estonia,2021,,-21.498821,3.9704210000000018,3.82141876,10.883193969999994,7.35230636499999,88.940878,,,,,,,,,,,,,,,,,,-36.22200000000001,44.6,,,3.0
Estonia,2022,23.08254919,-22.699179,3.859741,2.0119018599999947,12.052459720000002,7.032180790000012,85.533795,,,,,,,,,,,,,,,,,,-37.374,,,,-3.4000000000000057
Estonia,2023,25.60711012,-22.39359474,2.8382492100000007,0.0284500100000002,10.581382750000005,5.3049163799999945,80.258031,37.4,25.7,22.5,23.0,0.0,0.0,0.0,0.0,50.0,0.0,25.3,85.6,37.2,9.8,22.2,26.7,-1.4999999999999996,-33.668000000000006,44.6,,,
Estonia,2024,,-23.23944282531738,2.0931396484375,-0.1881790200000068,8.73013306,4.270977020000004,78.731286,,,,,,,,,,,,,,,,,,-33.084,,,,
European Union (19 countries) in OECD,1970,,,,,,,,,,,,,,,,,,,,,,,,,,,,,
European Union (19 countries) in OECD,1971,,,,,,,,,,,,,,,,,,,,,,,,,,,,,
European Union (19 countries) in OECD,1972,,,,,,,,,,,,,,,,,,,,,,,,,,,,,
European Union (19 countries) in OECD,1973,,,,,,,,,,,,,,,,,,,,,,,,,,,,,
European Union (19 countries) in OECD,1974,,,,,,,,,,,,,,,,,,,,,,,,,,,,,
European Union (19 countries) in OECD,1975,,,,,,,,,,,,,,,,,,,,,,,,,,,,,
European Union (19 countries) in OECD,1976,,,,,,,,,,,,,,,,,,,,,,,,,,,,,
European Union (19 countries) in OECD,1977,,,,,,,,,,,,,,,,,,,,,,,,,,,,,
European Union (19 countries) in OECD,1978,,,,,,,,,,,,,,,,,,,,,,,,,,,,,
European Union (19 countries) in OECD,1979,,,,,,,,,,,,,,,,,,,,,,,,,,,,,
European Union (19 countries) in OECD,1980,,,,,,,,,,,,,,,,,,,,,,,,,,,,,
European Union (19 countries) in OECD,1981,,,,,,,,,,,,,,,,,,,,,,,,,,,,,
European Union (19 countries) in OECD,1982,,,,,,,,,,,,,,,,,,,,,,,,,,,,,
European Union (19 countries) in OECD,1983,,,,,,,,,,,,,,,,,,,,,,,,,-65.27148686000001,,,,
European Union (19 countries) in OECD,1984,,,,,,,,,,,,,,,,,,,,,,,,,-63.52750044,,,,
European Union (19 countries) in OECD,1985,,,,,,,,,,,,,,,,,,,,,,,,,-61.91354129999999,,,,
European Union (19 countries) in OECD,1986,,,,,,,,,,,,,,,,,,,,,,,,,-60.725220760000006,,,,
European Union (19 countries) in OECD,1987,,,,,,,,,,,,,,,,,,,,,,,,,-57.43539369999999,,,,
European Union (19 countries) in OECD,1988,,,,,,,,,,,,,,,,,,,,,,,,,-58.22537362,,,,
European Union (19 countries) in OECD,1989,,,,,,,,,,,,,,,,,,,,,,,,,-58.52468854,,,,
European Union (19 countries) in OECD,1990,,,,,,,,,,,,,,,,,,,,,,,,,-60.14388657999999,,,,
European Union (19 countries) in OECD,1991,,,,,,,,,,,,,,,,,,,,,,,,,-60.76640702,,,,
European Union (19 countries) in OECD,1992,,,,,,,,,,,,,,,,,,,,,,,,,-61.40286441999999,,,,
European Union (19 countries) in OECD,1993,,,,,,,,,,,,,,,,,,,,,,,,,-61.98446885999999,,,,
European Union (19 countries) in OECD,1994,,,,,,,,,,,,,,,,,,,,,,,,,-60.81434433999999,,,,
European Union (19 countries) in OECD,1995,21.0908980181765,,,,,,,,,,,,,,,,,,,,,,,,-60.36752265999999,,,,
European Union (19 countries) in OECD,1996,20.9934595904118,,,,,,,,,,,,,,,,,,,,,,,,-60.084550320000005,,,,
European Union (19 countries) in OECD,1997,21.0446315897059,,,,,,,,,,,,,,,,,,,,,,,,-59.71338349999999,,,,
European Union (19 countries) in OECD,1998,21.1163294071176,,,,,,,,,,,,,,,,,,,,,,,,-58.48207846,,,,
European Union (19 countries) in OECD,1999,20.949428739,,,,,,,,,,,,,,,,,,,,,,,,-58.83172034,,,,
European Union (19 countries) in OECD,2000,21.0165002158235,,,,,,,,,,,,,,,,,,,,,,,,-60.10240528,,,,
European Union (19 countries) in OECD,2001,20.9361397681176,,,,,,,,,,,,,,,,,,,,,,,,-60.9017654,,,,
European Union (19 countries) in OECD,2002,21.0245015212982,,,,,,,,,,,,,,,,,,,,,,,,-60.89529374,,,,
European Union (19 countries) in OECD,2003,20.6059078074671,,,,,,,,,,,,,,,,,,,,,,,,-61.067609360000006,,,,
European Union (19 countries) in OECD,2004,20.0643123479945,,,,,,,,,,,,,,,,,,,,,,,,-61.18378138,,,,
European Union (19 countries) in OECD,2005,19.5049322881409,,,,,,,,,,,,,,,,,,,,,,,,-60.507887540000006,,,,
European Union (19 countries) in OECD,2006,18.9236383167316,,,,,,,,,,,,,,,,,,,,,,,,-60.02547452,,,,
European Union (19 countries) in OECD,2007,18.4780635363749,,,,,,,,,,,,,,,,,,,,,,,,-60.36678142,,,,
European Union (19 countries) in OECD,2008,18.0736495761695,,,,,,,,,,,,,,,,,,,,,,,,-59.68023006000001,,,,
European Union (19 countries) in OECD,2009,17.5219489437114,,,,,,,,,,,,,,,,,,,,,,,,-59.414,,,,
European Union (19 countries) in OECD,2010,16.9248678854895,,,,,,,,,,,,,,,,,,,,,,,,-58.672,,,,
European Union (19 countries) in OECD,2011,17.0580262645476,,,,,,,,,,,,,,,,,,,,,,,,-57.382000000000005,,,,
European Union (19 countries) in OECD,2012,16.7319599275883,,,,,,,,,,,,,,,,,,,,,,,,-56.494,,,,
European Union (19 countries) in OECD,2013,16.6253255377289,,,,,,,,,,,,,,,,,,,,,,,,-54.78,,,,
European Union (19 countries) in OECD,2014,16.6621007646684,,,,,,,,,,,,,,,,,,,,,,,,-53.81399999999999,,,,
European Union (19 countries) in OECD,2015,16.1197341360517,,,,,,,,,,,,,,,,,,,,,,,,-53.57599999999999,,,,
European Union (19 countries) in OECD,2016,15.6728012835824,,,,,,,,,,,,,,,,,,,,,,,,-53.096,,,,
European Union (19 countries) in OECD,2017,15.3031467499468,,,,,,,,,,,,,,,,,,,,,,,,-53.12200000000001,,,,
European Union (19 countries) in OECD,2018,15.2769468956737,,,,,,,,,,,,,,,,,,,,,,,,-53.604000000000006,,,,
European Union (19 countries) in OECD,2019,14.4830080459423,,,,,,,,,,,,,,,,,,,,,,,,-53.312000000000005,,,,
European Union (19 countries) in OECD,2020,13.5193709233044,,,,,,,,,,,,,,,,,,,,,,,,-52.256,,,,
European Union (19 countries) in OECD,2021,13.1991100593068,,,,,,,,,,,,,,,,,,,,,,,,-50.738,,,,
European Union (19 countries) in OECD,2022,12.8911567230316,,,,,,,,,,,,,,,,,,,,,,,,-50.146,,,,
European Union (19 countries) in OECD,2023,13.1063219364947,,,,,,,,,,,,,,,,,,,,,,,,-49.682,,,,
European Union (19 countries) in OECD,2024,,,,,,,,,,,,,,,,,,,,,,,,,-49.906000000000006,,,,
European Union (27 countries),1970,,,,,,,,,,,,,,,,,,,,,,,,,,,,,
European Union (27 countries),1971,,,,,,,,,,,,,,,,,,,,,,,,,,,,,
European Union (27 countries),1972,,,,,,,,,,,,,,,,,,,,,,,,,,,,,
European Union (27 countries),1973,,,,,,,,,,,,,,,,,,,,,,,,,,,,,
European Union (27 countries),1974,,,,,,,,,,,,,,,,,,,,,,,,,,,,,
European Union (27 countries),1975,,,,,,,,,,,,,,,,,,,,,,,,,,,,,
European Union (27 countries),1976,,,,,,,,,,,,,,,,,,,,,,,,,,,,,
European Union (27 countries),1977,,,,,,,,,,,,,,,,,,,,,,,,,,,,,
European Union (27 countries),1978,,,,,,,,,,,,,,,,,,,,,,,,,,,,,
European Union (27 countries),1979,,,,,,,,,,,,,,,,,,,,,,,,,,,,,
European Union (27 countries),1980,,,,,,,,,,,,,,,,,,,,,,,,,,,,,
European Union (27 countries),1981,,,,,,,,,,,,,,,,,,,,,,,,,,,,,
European Union (27 countries),1982,,,,,,,,,,,,,,,,,,,,,,,,,,,,,
European Union (27 countries),1983,,,,,,,,,,,,,,,,,,,,,,,,,-65.20624684,,,,
European Union (27 countries),1984,,,,,,,,,,,,,,,,,,,,,,,,,-63.37591804,,,,
European Union (27 countries),1985,,,,,,,,,,,,,,,,,,,,,,,,,-61.788612660000005,,,,
European Union (27 countries),1986,,,,,,,,,,,,,,,,,,,,,,,,,-60.39580355999999,,,,
European Union (27 countries),1987,,,,,,,,,,,,,,,,,,,,,,,,,-57.99463098,,,,
European Union (27 countries),1988,,,,,,,,,,,,,,,,,,,,,,,,,-58.52929772,,,,
European Union (27 countries),1989,,,,,,,,,,,,,,,,,,,,,,,,,-58.54666460000001,,,,
European Union (27 countries),1990,,,,,,,,,,,,,,,,,,,,,,,,,-59.70531306000001,,,,
European Union (27 countries),1991,,,,,,,,,,,,,,,,,,,,,,,,,-60.22179324,,,,
European Union (27 countries),1992,,,,,,,,,,,,,,,,,,,,,,,,,-60.75657106,,,,
European Union (27 countries),1993,,,,,,,,,,,,,,,,,,,,,,,,,-60.8592678,,,,
European Union (27 countries),1994,,,,,,,,,,,,,,,,,,,,,,,,,-59.63826264,,,,
European Union (27 countries),1995,20.4619000091364,,,,,,,,,,,,,,,,,,,,,,,,-59.147467500000005,,,,
European Union (27 countries),1996,20.4142065498182,,,,,,,,,,,,,,,,,,,,,,,,-58.76866759999999,,,,
European Union (27 countries),1997,20.521390205299,,,,,,,,,,,,,,,,,,,,,,,,-55.19198109999999,,,,
European Union (27 countries),1998,20.5992912729509,,,,,,,,,,,,,,,,,,,,,,,,-54.81143908000001,,,,
European Union (27 countries),1999,20.5461704998636,,,,,,,,,,,,,,,,,,,,,,,,-54.445009160000005,,,,
European Union (27 countries),2000,20.5496858501737,,,,,,,,,,,,,,,,,,,,,,,,-55.23820395999999,,,,
European Union (27 countries),2001,20.4048154294091,,,,,,,,,,,,,,,,,,,,,,,,-56.56070700000001,,,,
European Union (27 countries),2002,19.9990190455641,,,,,,,,,,,,,,,,,,,,,,,,-57.12267560000001,,,,
European Union (27 countries),2003,18.7900073853443,,,,,,,,,,,,,,,,,,,,,,,,-57.493434500000006,,,,
European Union (27 countries),2004,18.2361584796117,,,,,,,,,,,,,,,,,,,,,,,,-57.506009500000005,,,,
European Union (27 countries),2005,17.8305360785942,,,,,,,,,,,,,,,,,,,,,,,,-57.10386236,,,,
European Union (27 countries),2006,17.2477738204778,,,,,,,,,,,,,,,,,,,,,,,,-56.94191513999999,,,,
European Union (27 countries),2007,17.2651524349325,,,,,,,,,,,,,,,,,,,,,,,,-57.289535840000006,,,,
European Union (27 countries),2008,17.0460672285898,,,,,,,,,,,,,,,,,,,,,,,,-56.78359072000001,,,,
European Union (27 countries),2009,16.526823962376,,,,,,,,,,,,,,,,,,,,,,,,-56.708,,,,
European Union (27 countries),2010,15.9519809403148,,,,,,,,,,,,,,,,,,,,,,,,-55.932,,,,
European Union (27 countries),2011,16.1132355587587,,,,,,,,,,,,,,,,,,,,,,,,-54.856,,,,
European Union (27 countries),2012,16.0019344383449,,,,,,,,,,,,,,,,,,,,,,,,-54.078,,,,
European Union (27 countries),2013,15.8194257232667,,,,,,,,,,,,,,,,,,,,,,,,-52.580000000000005,,,,
European Union (27 countries),2014,15.6811386640778,,,,,,,,,,,,,,,,,,,,,,,,-51.744,,,,
European Union (27 countries),2015,15.2994723974582,,,,,,,,,,,,,,,,,,,,,,,,-51.408,,,,
European Union (27 countries),2016,14.9033637244805,,,,,,,,,,,,,,,,,,,,,,,,-51.11600000000001,,,,
European Union (27 countries),2017,14.6703348362084,,,,,,,,,,,,,,,,,,,,,,,,-51.22399999999999,,,,
European Union (27 countries),2018,14.8438325555667,,,,,,,,,,,,,,,,,,,,,,,,-51.73599999999999,,,,
European Union (27 countries),2019,14.4072557419653,,,,,,,,,,,,,,,,,,,,,,,,-51.362,,,,
European Union (27 countries),2020,13.326011338168,,,,,,,,,,,,,,,,,,,,,,,,-50.28999999999999,,,,
European Union (27 countries),2021,13.0747439792664,,,,,,,,,,,,,,,,,,,,,,,,-49.166,,,,
European Union (27 countries),2022,12.5913333887852,,,,,,,,,,,,,,,,,,,,,,,,-48.49199999999999,,,,
European Union (27 countries),2023,13.0255641815222,,,,,,,,,,,,,,,,,,,,,,,,-48.094,,,,
European Union (27 countries),2024,,,,,,,,,,,,,,,,,,,,,,,,,-48.268,,,,
Finland,1970,,,,,,,103.52458,,,,,,,,,,,,,,,,,,,,,,
Finland,1971,,,,,,,103.351293,,,,,,,,,,,,,,,,,,,,,,
Finland,1972,,,,,,,106.183656,,,,,,,,,,,,,,,,,,,,,,
Finland,1973,,,,,,,107.62465,,,,,,,,,,,,,,,,,,,,,,
Finland,1974,,,,,,,110.365489,,,,,,,,,,,,,,,,,,,,,,
Finland,1975,,,,,,,112.4859,,,,,,,,,,,,,,,,,,,,,,
Finland,1976,,,,,,,108.256325,,,,,,,,,,,,,,,,,,,,,,
Finland,1977,0.0,,,,,,105.33182,,,,,,,,,,,,,,,,,,,,,,
Finland,1978,32.07126949,,,,,,104.488565,,,,,,,,,,,,,,,,,,,,,,
Finland,1979,31.4,,,,,,108.501304,,,,,,,,,,,,,,,,,,,,,,
Finland,1980,30.52031821,,,,,,113.643722,,,,,,,,,,,,,,,,,,,,,,
Finland,1981,,,,,,,113.090563,,,,,,,,,,,,,,,,,,,,,,
Finland,1982,31.23209169,,,,,,116.741956,,,,,,,,,,,,,,,,,,,,,,
Finland,1983,29.50483896,,,,,,117.152149,,,,,,,,,,,,,,,,,,,,,,
Finland,1984,28.09123649,,,,,,115.667056,,,,,,,,,,,,,,,,,,,,,,
Finland,1985,,,,,,,115.905557,,,,,,,,,,,,,,,,,,,,,,
Finland,1986,26.57178813,,,,,,116.141319,,,,,,,,,,,,,,,,,,,,,,
Finland,1987,26.71102662,,,,,,116.569412,,,,,,,,,,,,,,,,,,,,,,
Finland,1988,26.07174103,,,,,,117.957925,,,,,,,,,,,,,,,,,,,,,,
Finland,1989,26.14803578,,,,,,119.977347,,,,,,,,,,,,,,,,,,-33.33333334,,,,
Finland,1990,25.50154546,,,,,,117.695946,,,,,,,,,,,,,,,,,,-34.04255319999999,,,,
Finland,1991,24.72910965,,,,,,109.503643,,,,,,,,,,,,,,,,,,-27.95698924,,,,
Finland,1992,23.40214371,,,,,,103.781601,,,,,,,,,,,,,,,,,,-27.68361582,,,,
Finland,1993,24.099157,,,,,,101.785995,,,,,,,,,,,,,,,,,,-25.27472528,,,,
Finland,1994,25.37554347,,,,,,102.982275,,,,,,,,,,,,,,,,,,-25.55555556,,,,
Finland,1995,23.87035872,,,,,,104.983141,,,,,,,,,,,,,,,,,,-29.213483139999997,,,,
Finland,1996,21.61250427,,,,,,105.833961,,,,,,,,,,,,,,,,,,-28.409090899999995,,,,
Finland,1997,23.10996206,,,,,,109.015718,,,,,,,,,,,,,,,,,,-27.36318408,,,,
Finland,1998,24.29358381,,,,,,112.178138,,,,,,,,,,,,,,,,,,-27.10280374,,,,
Finland,1999,22.6874298,,,,,,113.89299,,,,,,,,,,,,,,,,,,-29.77777778,,,,
Finland,2000,23.32688588,-6.470846000000002,6.511024000000006,5.176849359999991,29.208251950000005,17.192550655000005,116.237575,,,,,,,,,,,,,,,,,,-27.5,,,,
Finland,2001,24.43527498,,,4.556976309999996,19.36800384,11.962490074999993,118.232798,,,,,,,,,,,,,,,,,,-26.829268299999995,,,,
Finland,2002,23.68939461,,,4.271575930000012,12.07619477,8.173885350000006,118.908194,,,,,,,,,,,,,,,,,,-29.23076924,27.0,,,
Finland,2003,23.26887265,-7.499637999999997,4.428664999999995,4.271644590000008,15.095664979999995,9.683654785000002,119.35369,,,,,,,,,,,,,,,,,,-27.06766918,,,,
Finland,2004,22.32711367,-8.488792000000004,4.858817999999999,3.781044009999988,20.42646789,12.103755949999991,120.6143,,,,,,,,,,,,,,,,,,-28.717948720000003,,,,
Finland,2005,22.05298895,-9.466867,4.4358900000000006,3.5227050799999944,15.20862579,9.365665435000013,120.898424,,,,,,,,,,,,,,,,,,-29.961089500000007,,,,
Finland,2006,22.44986922,-10.353936,4.527823999999995,3.4421234099999936,12.151809689999991,7.796966549999993,122.269044,,,,,,,,,,,,,,,,,,-28.517110260000003,,,,
Finland,2007,23.21945427,-10.518845000000002,4.277266999999995,3.256767269999997,10.189987180000005,6.723377225000007,125.778877,,,,,,,,,,,,,,,,,,-31.59851302000001,,,,27.8
Finland,2008,24.58989578,-11.214228999999996,5.063995000000006,3.701370240000003,10.040489189999988,6.870929715000003,126.612738,,,,,,,,,,,,,,,,,,-30.62730628,,,,52.4
Finland,2009,23.14183955,-11.924316000000005,2.6160890000000023,2.811614989999996,7.317634589999997,5.064624789999996,120.790839,,,,,,,,,,,,,,,,,,-30.22,,,,49.4
Finland,2010,20.60851285,-11.553450999999995,3.371330999999998,3.008346559999993,15.716384879999993,9.36236572,121.121148,,,,,,,,,,,,,,,,,,-28.226,,,,48.2
Finland,2011,22.14216374,-12.701343,4.028564000000003,4.354492190000002,9.463226320000004,6.90885925500001,121.64134,,,,,,,,,,,,,,,,,,-25.581999999999997,,,-42.72,51.2
Finland,2012,21.08223102,-12.875236,3.128304,3.2365798900000016,12.001129149999995,7.618854520000013,118.306031,,,,,,,,,,,,,,,,,,-27.334000000000003,15.0,,,17.599999999999994
Finland,2013,21.83030478,-12.943965999999996,3.452315999999996,2.925331119999996,11.903892509999991,7.414611815000001,115.337903,,,,,,,,,,,,,,,,,,-29.252,,,,11.200000000000005
Finland,2014,21.62710078,-13.260308000000002,2.427970000000002,2.2971420300000034,12.622184750000002,7.459663390000003,112.52469,,,,,,,,,,,,,,,,,,-28.532000000000004,,-4.0,,12.799999999999995
Finland,2015,20.56484892,-13.074982000000006,2.5765990000000016,1.9946060100000125,12.832992559999994,7.41379928500001,110.491068,,,,,,,,,,,,,,,,,,-23.956000000000003,17.0,,,12.400000000000006
Finland,2016,19.13298896,-14.26547241,3.781089779999988,2.8903884900000065,13.608161929999994,8.249275209999993,111.634884,,,,,,,,,,,,,,,,,,-26.298,,,,2.200000000000003
Finland,2017,19.42833015,-15.515934,3.358704000000003,2.724639889999992,15.74178314000001,9.233211514999994,112.636482,,,,,,,,,,,,,,,,,,-25.16,16.0,,,-0.2000000000000028
Finland,2018,21.48266935,-15.605990999999996,3.9119730000000033,2.4000015299999973,13.69999695,8.049999240000005,111.852105,,,,,,,,,,,,,,,,,,-27.126000000000005,,,,-1.4000000000000057
Finland,2019,20.46000687,-14.931484999999997,2.5556640000000077,2.613929740000003,11.949729919999996,7.281829829999992,112.006906,,,,,,,,,,,,,,,,,,-28.828000000000003,8.0,,,-2.4000000000000057
Finland,2020,18.41404903,-16.051372999999998,2.934875000000005,3.309410099999994,10.888626099999996,7.099018099999995,114.022266,,,,,,,,,,,,,,,,,,-23.724000000000004,,-20.0,-44.38,-11.0
Finland,2021,18.8823117,-15.214627,1.592995000000002,1.8575057900000047,13.161972039999997,7.509738915000014,110.348696,,,,,,,,,,,,,,,,,,-23.738,8.0,,,-12.599999999999994
Finland,2022,18.74048835,-14.174915309999996,1.4320144699999986,0.8727951099999984,7.681175240000002,4.276985174999993,108.098964,,,,,,,,,,,,,,,,,,-24.422,,,,-4.599999999999994
Finland,2023,18.78865167,-15.128849029999998,0.2316436699999968,0.4547424300000102,5.631767279999991,3.0432548550000007,105.568918,37.5,45.5,12.9,18.1,0.0,0.0,0.0,0.0,75.0,0.0,35.4,84.6,11.8,4.0,14.1,11.8,-1.1,-24.83,9.0,,,
Finland,2024,,-14.810699462890632,0.8769454956054688,0.4846801700000043,12.131919859999996,6.308300014999986,103.94551,,,,,,,,,,,,,,,,,,-21.224000000000004,,,,
France,1970,,,,,,,120.253157,,,,,,,,,,,,,,,,,,,,,,
France,1971,,,,,,,122.496418,,,,,,,,,,,,,,,,,,,,,,
France,1972,,,,,,,121.758554,,,,,,,,,,,,,,,,,,,,,,
France,1973,,,,,,,122.191116,,,,,,,,,,,,,,,,,,,,,,
France,1974,,,,,,,126.576305,,,,,,,,,,,,,,,,,,,,,,
France,1975,,,,,,,125.493358,,,,,,,,,,,,,,,,,,,,,,
France,1976,,,,,,,125.457106,,,,,,,,,,,,,,,,,,,,,,
France,1977,,,,,,,125.8915,,,,,,,,,,,,,,,,,,,,,,
France,1978,,,,,,,125.941473,,,,,,,,,,,,,,,,,,,,,,
France,1979,,,,,,,126.369042,,,,,,,,,,,,,,,,,,,,,,
France,1980,,,,,,,127.437086,,,,,,,,,,,,,,,,,,,,,,
France,1981,,0.6536950000000008,30.186782000000008,,,,126.51998,,,,,,,,,,,,,,,,,,,,,,
France,1982,,,,,,,129.755593,,,,,,,,,,,,,,,,,,,,,,
France,1983,,,,,,,127.967404,,,,,,,,,,,,,,,,,,-62.87376499999999,,,,
France,1984,,,,,,,124.432694,,,,,,,,,,,,,,,,,,-59.85177198,,,,
France,1985,,,,,,,122.223723,,,,,,,,,,,,,,,,,,-56.64054632,,,,
France,1986,,,,,,,121.823847,,,,,,,,,,,,,,,,,,-55.19934782000001,,,,
France,1987,,,,,,,120.779347,,,,,,,,,,,,,,,,,,-54.54013888,,,,
France,1988,,,,,,,121.399533,,,,,,,,,,,,,,,,,,-56.60356723999999,,,,
France,1989,,0.7282869999999999,24.359027999999995,,,,122.40721,,,,,,,,,,,,,,,,,,-55.81833348000001,,,,
France,1990,,,,,,,122.518455,,,,,,,,,,,,,,,,,,-58.574401980000005,,,,
France,1991,,0.5071710000000014,21.959404,,,,122.684849,,,,,,,,,,,,,,,,,,-59.11871094,,,,
France,1992,,0.6978100000000005,20.93127800000001,,,,122.181101,,,,,,,,,,,,,,,,,,-59.10046118,,,,
France,1993,,,,,,,120.417991,,,,,,,,,,,,,,,,,,-59.42923759999999,,,,
France,1994,,-0.1991750000000003,18.11733999999999,,,,120.065922,,,,,,,,,,,,,,,,,,-58.3279471,,,,
France,1995,,-0.4976580000000012,17.612742999999995,,,,120.171038,,,,,,,,,,,,,,,,,,-56.93924788000001,,,,
France,1996,,,,,,,118.478195,,,,,,,,,,,,,,,,,,-56.00288689999999,,,,
France,1997,,-0.5946840000000009,17.001403000000003,,,,117.544978,,,,,,,,,,,,,,,,,,-56.89486120000001,,,,
France,1998,,-0.9548370000000012,16.550022000000006,,,,118.549104,,,,,,,,,,,,,,,,,,-56.66516089999999,,,,
France,1999,,-0.8836440000000003,15.947933000000006,,,,118.895428,,,,,,,,,,,,,,,,,,-57.17641118,,,,
France,2000,,-0.899402000000002,15.989525,11.650821690000008,19.165386200000007,15.408103945000008,118.931865,,,,,,,,,,,,,,,,,,-60.82238342,,,,
France,2001,,-1.073984000000003,16.07347099999999,11.542137139999994,20.1922493,15.867193219999995,119.512286,,,,,,,,,,,,,,,,,,-61.34042195999999,,,,
France,2002,17.16363879,-1.7534410000000022,14.732231,11.553245540000006,20.76047134,16.156858440000008,118.897742,,,,,,,,,,,,,,,,,,-61.664544580000005,75.8,,,
France,2003,,-1.7189249999999987,13.300690000000005,10.251502990000006,17.57757949999999,13.914541244999995,117.584925,,,,,,,,,,,,,,,,,,-62.35461862,,,,
France,2004,,-2.1299860000000024,12.734474000000006,10.214775079999995,18.62902069,14.421897885000009,117.025481,,,,,,,,,,,,,,,,,,-61.94702028,,,,
France,2005,,-2.295888999999999,12.06489599999999,9.353759759999988,18.7188034,14.036281579999994,115.82692,,,,,,,,,,,,,,,,,,-59.83082374,,,,
France,2006,17.07865188,-2.8400420000000004,11.418830999999996,8.83950806,19.801383970000003,14.320446015000002,115.327643,,,,,,,,,,,,,,,,,,-60.419241160000006,,,,
France,2007,,-2.7098029999999973,10.632071999999994,8.294410709999994,17.979076380000002,13.136743545000002,115.302167,,,,,,,,,,,,,,,,,,-61.98063633999999,,,,51.6
France,2008,,-3.761424999999999,10.458298,7.672760010000005,19.571937559999995,13.622348785000009,115.514207,,,,,,,,,,,,,,,,,,-60.74450873999999,,,,53.4
France,2009,,-3.761229,9.790169000000006,7.752899169999992,17.365676879999995,12.559288024999988,116.476168,,,,,,,,,,,,,,,,,,-60.762,,,,40.2
France,2010,16.29466364,-3.406020999999999,9.383629,7.592941279999991,17.57780455999999,12.585372919999983,115.45233,,,,,,,,,,,,,,,,,,-57.45,,,,40.2
France,2011,,-3.3850929999999977,9.449378999999992,7.264289860000005,16.766407020000003,12.015348440000004,115.990188,,,,,,,,,,,,,,,,,,-56.368,,,-23.0,39.8
France,2012,,-3.71322,9.119788999999995,7.402709959999996,19.150379189999995,13.276544574999988,114.77067,,,,,,,,,,,,,,,,,,-56.786,46.2,,,43.4
France,2013,,-3.977957000000004,8.327347000000003,6.66921997,20.93633652,13.802778245,113.846712,,,,,,,,,,,,,,,,,,-55.592000000000006,,,,45.2
France,2014,16.32689328,-4.577416,7.755684000000002,6.760040289999992,17.020980840000007,11.890510565000008,112.626195,,,,,,,,,,,,,,,,,,-53.166,,-24.0,,44.6
France,2015,,-5.034024999999996,7.570205999999999,6.465110769999996,17.93462753,12.199869150000003,111.124903,,,,,,,,,,,,,,,,,,-52.568000000000005,47.6,,,40.4
France,2016,,-4.7025409999999965,7.796942999999999,6.10370635999999,18.12904358000001,12.116374969999995,110.285461,,,,,,,,,,,,,,,,,,-51.786,,,,36.0
France,2017,,-4.776947,8.326363,6.32945251000001,18.93707275,12.633262630000004,109.778853,,,,,,,,,,,,,,,,,,-51.048,48.4,,,37.0
France,2018,17.38152012,-5.231625000000001,7.939858000000001,5.700004579999998,19.09999848,12.400001529999995,109.163153,,,,,,,,,,,,,,,,,,-49.72800000000001,,,,40.4
France,2019,,-5.444626,7.556999000000005,5.243492130000007,18.526267999999995,11.88488006499999,109.726342,,,,,,,,,,,,,,,,,,-49.414,20.599999999999994,,,42.8
France,2020,,-5.802776999999999,7.453254999999999,3.6628875700000094,18.02590561,10.844396590000017,105.84265,,,,,,,,,,,,,,,,,,-48.602,,-34.0,-29.24000000000001,38.6
France,2021,,-5.798415999999996,6.713204000000005,4.451507570000004,16.931861880000007,10.691684725000002,106.346203,,,,,,,,,,,,,,,,,,-47.988,21.0,,,37.8
France,2022,13.02726273,-6.30522156,6.480690009999989,4.216438289999999,16.372295379999997,10.294366835000003,106.090255,,,,,,,,,,,,,,,,,,-46.156000000000006,,,,37.8
France,2023,10.21883723,-6.582046509999998,6.132057189999998,3.951332090000008,15.297988890000006,9.624660489999997,106.213522,35.5,37.3,19.9,39.8,0.0,0.0,0.0,0.0,0.0,0.0,,52.8,12.2,11.5,31.0,9.6,-1.5,-45.69,24.40000000000001,,,
France,2024,,-6.432136535644531,6.140586853027344,4.19139100000001,15.848491669999994,10.019941335,105.929674,,,,,,,,,,,,,,,,,,-46.830000000000005,,,,
Germany,1970,,,,,,,127.444264,,,,,,,,,,,,,,,,,,,,,,
Germany,1971,,,,,,,127.320198,,,,,,,,,,,,,,,,,,,,,,
Germany,1972,,,,,,,126.808536,,,,,,,,,,,,,,,,,,,,,,
Germany,1973,,,,,,,126.197725,,,,,,,,,,,,,,,,,,,,,,
Germany,1974,,,,,,,127.110749,,,,,,,,,,,,,,,,,,,,,,
Germany,1975,,,,,,,127.184778,,,,,,,,,,,,,,,,,,,,,,
Germany,1976,,,,,,,129.001748,,,,,,,,,,,,,,,,,,,,,,
Germany,1977,,,,,,,130.022007,,,,,,,,,,,,,,,,,,,,,,
Germany,1978,,,,,,,129.600451,,,,,,,,,,,,,,,,,,,,,,
Germany,1979,,,,,,,131.143331,,,,,,,,,,,,,,,,,,,,,,
Germany,1980,,,,,,,132.24485,,,,,,,,,,,,,,,,,,,,,,
Germany,1981,,,,,,,130.981382,,,,,,,,,,,,,,,,,,,,,,
Germany,1982,,,,,,,131.515299,,,,,,,,,,,,,,,,,,,,,,
Germany,1983,,,,,,,131.152156,,,,,,,,,,,,,,,,,,-84.491622818,,,,
Germany,1984,,,,,,,130.13371,,,,,,,,,,,,,,,,,,-83.760095636,,,,
Germany,1985,,,,,,,129.71059,,,,,,,,,,,,,,,,,,-83.73777616400001,,,,
Germany,1986,,,,,,,129.768292,,,,,,,,,,,,,,,,,,-83.159371982,,,,
Germany,1987,,,,,,,127.845789,,,,,,,,,,,,,,,,,,-84.408170543,,,,
Germany,1988,,,,,,,127.21759,,,,,,,,,,,,,,,,,,-83.652875881,,,,
Germany,1989,,13.875238,32.582711,,,,127.479256,,,,,,,,,,,,,,,,,,-81.55394982300001,,,,
Germany,1990,,,,,,,130.165431,,,,,,,,,,,,,,,,,,-81.581056597,,,,
Germany,1991,,12.830538,24.801132,,,,134.949662,,,,,,,,,,,,,,,,,,-81.144295822,,,,
Germany,1992,28.10854355,12.320639,23.932945,,,,134.81504,,,,,,,,,,,,,,,,,,-79.86436402000001,,,,
Germany,1993,26.36393266,,,,,,131.873208,,,,,,,,,,,,,,,,,,-79.29082416,,,,
Germany,1994,24.79712815,11.780823000000002,21.521010999999994,,,,131.90969,,,,,,,,,,,,,,,,,,-76.1999218,,,,
Germany,1995,24.14456264,11.865514999999998,21.07949900000001,,,,131.192987,,,,,,,,,,,,,,,,,,-74.9629348,,,,
Germany,1996,24.74596381,,,,,,129.080593,,,,,,,,,,,,,,,,,,-73.83449680000001,,,,
Germany,1997,24.11843001,11.207724,18.583805000000005,,,,127.59216,,,,,,,,,,,,,,,,,,-72.55599233999999,,,,
Germany,1998,24.15367115,11.000906,17.855316000000002,,,,127.550803,,,,,,,,,,,,,,,,,,-70.62339671999999,,,,
Germany,1999,22.92251381,10.545761,17.118758999999997,,,,127.029808,,,,,,,,,,,,,,,,,,-70.6185634,,,,
Germany,2000,24.22984466,10.232070999999998,16.625779,14.495986940000009,21.21045304,17.85321999,126.324556,,,,,,,,,,,,,,,,,,-71.61844368000001,,,,
Germany,2001,23.29224464,9.94635,15.513531,13.782127380000006,20.21958542000001,17.000856400000004,127.432078,,,,,,,,,,,,,,,,,,-71.64971048000001,,,,
Germany,2002,22.54637674,9.527634000000004,14.536312000000002,13.113922119999998,19.46811293999999,16.29101752999999,125.956892,,,,,,,,,,,,,,,,,,-70.17010306,35.599999999999994,,,
Germany,2003,24.10006933,9.128382000000002,13.689926,12.469429020000009,19.64839935,16.058914185000006,123.616734,,,,,,,,,,,,,,,,,,-69.28696303999999,,,,
Germany,2004,23.9407044,8.581896,13.218067999999995,12.14334869999999,20.08314132000001,16.113245010000007,122.000671,,,,,,,,,,,,,,,,,,-68.38992704,,,,
Germany,2005,21.4894744,8.505903,13.489803000000002,11.85038757000001,20.982372279999996,16.416379925,120.624299,,,,,,,,,,,,,,,,,,-66.08587698,,,,
Germany,2006,20.9587304,7.564038,13.125343,11.285041809999996,19.754844660000003,15.519943235,122.528597,,,,,,,,,,,,,,,,,,-64.91717922000001,,,,
Germany,2007,20.75576901,7.084734000000001,13.391723,9.81061554,21.268901820000004,15.539758680000006,123.945208,,,,,,,,,,,,,,,,,,-64.73017654,,,,72.4
Germany,2008,21.39172928,7.119254999999999,13.258522,10.56889344000001,21.094112399999997,15.831502920000004,125.832537,,,,,,,,,,,,,,,,,,-64.26279973999999,,,,77.4
Germany,2009,19.27251993,6.609608999999999,11.817673,9.591560369999996,19.509449000000004,14.550504684999993,124.377184,,,,,,,,,,,,,,,,,,-64.382,,,,73.8
Germany,2010,17.16324637,6.445418999999998,11.350693000000009,9.2976532,21.70848083,15.503067015,126.776643,,,,,,,,,,,,,,,,,,-65.362,,,,68.6
Germany,2011,22.05899117,5.295268999999998,11.070137000000004,8.257438660000005,19.39790726,13.82767296,129.63521,,,,,,,,,,,,,,,,,,-63.852,,,-5.680000000000007,68.8
Germany,2012,19.05897491,4.737955000000003,11.094764999999995,8.95858002,19.79515839,14.376869204999991,129.060484,,,,,,,,,,,,,,,,,,-63.35,34.2,,,65.8
Germany,2013,18.90548746,4.233731000000002,10.308144,8.185150149999998,19.285804740000003,13.735477445000017,127.950902,,,,,,,,,,,,,,,,,,-62.362,,,,59.4
Germany,2014,19.40975,6.783276000000001,9.909958000000003,7.681358339999988,19.04590607,13.363632205000002,128.333914,,,,,,,,,,,,,,,,,,-61.846,,,,58.2
Germany,2015,17.9959007,6.385516999999997,9.426956000000004,7.030860900000008,18.67099762000001,12.85092926,127.010764,,,,,,,,,,,,,,,,,,-61.78399999999999,27.0,,,55.6
Germany,2016,19.16267032,6.083396999999998,8.998374999999996,6.7170104999999865,16.694816590000002,11.705913545,127.417361,,,,,,,,,,,,,,,,,,-61.062000000000005,,,,47.2
Germany,2017,16.84782112,5.651394,8.850241999999994,6.509857179999997,15.8898468,11.199851990000012,127.964542,,,,,,,,,,,,,,,,,,-60.17,26.0,,,47.2
Germany,2018,18.58741694,5.210725,8.75,6.599998470000003,16.900001520000004,11.749999994999996,127.001724,,,,,,,,,,,,,,,,,,-60.338,,,,45.0
Germany,2019,17.328814,5.137059999999998,8.602729999999994,6.388717650000004,17.36538696000001,11.877052305000008,126.763753,,,,,,,,,,,,,,,,,,-59.548,38.2,,,36.6
Germany,2020,16.79650079,4.530874000000001,6.64110500000001,5.838729860000001,16.940025329999997,11.389377595000012,127.201323,,,,,,,,,,,,,,,,,,-57.97,,,-10.920000000000002,39.0
Germany,2021,18.74655433,4.180824000000001,7.954216000000002,5.671165460000012,17.36486817000001,11.51801681500001,125.024935,,,,,,,,,,,,,,,,,,-56.50399999999999,37.0,,,39.6
Germany,2022,18.51478393,4.095458990000001,8.417640689999999,5.208625789999999,18.037300110000004,11.622962950000002,123.288623,,,,,,,,,,,,,,,,,,-55.636,,,,38.2
Germany,2023,17.33614406,3.8263836,8.268104550000004,4.740211490000007,17.815956110000002,11.27808380000002,119.831354,28.1,34.9,14.2,31.1,0.0,0.0,0.0,0.0,75.0,0.0,15.6,58.4,8.2,9.2,29.1,9.4,-1.4,-54.644000000000005,29.8,,,
Germany,2024,,3.438232421875,7.555274963378906,4.503044119999998,16.37329100999999,10.438167564999986,117.50438,,,,,,,,,,,,,,,,,,-55.162000000000006,,,,
Greece,1970,,,,,,,90.265283,,,,,,,,,,,,,,,,,,,,,,
Greece,1971,,,,,,,94.657684,,,,,,,,,,,,,,,,,,,,,,
Greece,1972,,,,,,,99.391472,,,,,,,,,,,,,,,,,,,,,,
Greece,1973,,,,,,,101.895859,,,,,,,,,,,,,,,,,,,,,,
Greece,1974,,,,,,,94.854992,,,,,,,,,,,,,,,,,,,,,,
Greece,1975,,,,,,,100.507332,,,,,,,,,,,,,,,,,,,,,,
Greece,1976,,,,,,,101.949978,,,,,,,,,,,,,,,,,,,,,,
Greece,1977,,,,,,,100.606665,,,,,,,,,,,,,,,,,,,,,,
Greece,1978,,,,,,,102.945414,,,,,,,,,,,,,,,,,,,,,,
Greece,1979,,,,,,,102.054988,,,,,,,,,,,,,,,,,,,,,,
Greece,1980,,,,,,,101.421266,,,,,,,,,,,,,,,,,,,,,,
Greece,1981,,,,,,,97.644412,,,,,,,,,,,,,,,,,,,,,,
Greece,1982,,,,,,,96.607031,,,,,,,,,,,,,,,,,,,,,,
Greece,1983,,,,,,,93.028899,,,,,,,,,,,,,,,,,,-20.28735114,,,,
Greece,1984,,,,,,,90.802254,,,,,,,,,,,,,,,,,,-18.64305014,,,,
Greece,1985,,,,,,,90.113917,,,,,,,,,,,,,,,,,,-28.0770603,,,,
Greece,1986,,,,,,,88.326537,,,,,,,,,,,,,,,,,,-20.70373862,,,,
Greece,1987,,4.3119746,43.577667,,,,83.621169,,,,,,,,,,,,,,,,,,-28.96174864,,,,
Greece,1988,,4.5728185,42.647724,,,,83.802103,,,,,,,,,,,,,,,,,,-27.43521,,,,
Greece,1989,,4.542058299999999,42.103947,,,,84.056296,,,,,,,,,,,,,,,,,,-25.88926694,,,,
Greece,1990,,4.3635175,41.710164,,,,81.679107,,,,,,,,,,,,,,,,,,-23.755868539999994,,,,
Greece,1991,,4.0585065,43.852577,,,,82.998048,,,,,,,,,,,,,,,,,,-20.21243362,,,,
Greece,1992,,5.1484764,41.895458000000005,,,,81.788257,,,,,,,,,,,,,,,,,,-21.68638156,,,,
Greece,1993,,4.782992,41.017929,,,,79.499086,,,,,,,,,,,,,,,,,,-23.942915740000004,,,,
Greece,1994,,4.848144,40.536629000000005,,,,78.896843,,,,,,,,,,,,,,,,,,-20.829376420000003,,,,
Greece,1995,,4.554859,39.45344899999999,,,,78.874132,,,,,,,,,,,,,,,,,,-25.569537139999994,,,,
Greece,1996,,4.780018000000002,39.430843,,,,77.677007,,,,,,,,,,,,,,,,,,-28.358333060000007,,,,
Greece,1997,,4.548899999999998,38.342472,,,,77.756888,,,,,,,,,,,,,,,,,,-28.521481120000004,,,,
Greece,1998,,3.707758,36.67222999999999,,,,78.256145,,,,,,,,,,,,,,,,,,-28.668791459999994,,,,
Greece,1999,,3.9032310000000017,35.708701999999995,,,,78.017881,,,,,,,,,,,,,,,,,,-30.040970259999995,,,,
Greece,2000,,3.97406,35.287438,26.93984985,29.08182908,28.010839465000004,78.249124,,,,,,,,,,,,,,,,,,-31.59372044,,,,
Greece,2001,,3.3351799999999976,35.368782,27.12308121,30.784023289999997,28.95355225,80.914091,,,,,,,,,,,,,,,,,,-34.909937140000004,,,,
Greece,2002,27.53857646,2.913288000000001,33.841118,26.534866339999997,28.118347159999992,27.32660675,83.670164,,,,,,,,,,,,,,,,,,-38.11445294000001,82.6,,,
Greece,2003,,2.7549300000000017,33.023704,25.77875519,32.36161041,29.070182800000005,87.099016,,,,,,,,,,,,,,,,,,-38.85706475999999,,,,
Greece,2004,,3.155241,31.93957499999999,24.63627244,28.89794922,26.767110830000007,89.219488,,,,,,,,,,,,,,,,,,-38.15211456,,,,
Greece,2005,,2.3364960000000004,31.51598300000001,24.29605484,29.101036070000006,26.698545454999994,88.085459,,,,,,,,,,,,,,,,,,-39.02618452,,,,
Greece,2006,22.62413959,2.261921000000001,30.260586,23.834331510000005,28.122444160000008,25.978387835000014,91.236528,,,,,,,,,,,,,,,,,,-36.38069888,,,,
Greece,2007,,2.438565999999998,30.047439999999995,23.49866867,31.43045807,27.464563369999997,92.402791,,,,,,,,,,,,,,,,,,-37.94669378,,,,32.400000000000006
Greece,2008,,1.4165150000000004,29.122318,23.071357730000003,32.99440765,28.03288269,92.529824,,,,,,,,,,,,,,,,,,-38.16412295999999,,,,24.40000000000001
Greece,2009,,0.7114499999999992,27.08869600000001,21.69094085999999,29.90806961,25.799505235,92.273803,,,,,,,,,,,,,,,,,,-38.106,,,,31.599999999999994
Greece,2010,17.08334338,0.3977140000000005,25.144589000000003,20.487987520000004,28.20707321,24.347530365,84.856675,,,,,,,,,,,,,,,,,,-34.774,,,,14.0
Greece,2011,,0.2601700000000022,23.031204,19.37532043,28.021118169999998,23.698219300000005,75.470759,,,,,,,,,,,,,,,,,,-28.617999999999995,,,7.620000000000003,16.599999999999994
Greece,2012,,-0.0279319999999998,20.722106999999998,17.7016182,27.244636529999998,22.473127365000003,69.025172,,,,,,,,,,,,,,,,,,-29.111999999999995,58.0,,,10.599999999999994
Greece,2013,,-0.1944080000000028,20.361412,17.934310910000008,25.11639405,21.52535248,67.207371,,,,,,,,,,,,,,,,,,-26.604,,,,2.5999999999999943
Greece,2014,13.84178589,-0.8198829999999973,19.14843299999999,16.488113409999997,23.16113281,19.82462311,67.137876,,,,,,,,,,,,,,,,,,-23.123999999999995,,,,2.5999999999999943
Greece,2015,,-2.066806999999997,19.188832,15.401142120000005,22.888229370000005,19.144685745000004,66.118152,,,,,,,,,,,,,,,,,,-24.47,60.6,,,2.5999999999999943
Greece,2016,,-3.397092999999998,20.29874,15.09680557,22.986969,19.04188728500001,65.554901,,,,,,,,,,,,,,,,,,-23.92,,,,-2.799999999999997
Greece,2017,,-3.4070199999999997,21.076708999999997,15.652996060000008,23.473396300000005,19.563196180000013,65.252638,,,,,,,,,,,,,,,,,,-25.524,63.4,,,-2.799999999999997
Greece,2018,14.80508214,-2.757444,22.368198000000007,15.89999771,25.799999230000005,20.849998470000003,65.584286,,,,,,,,,,,,,,,,,,-24.506,,,,-4.799999999999997
Greece,2019,,-3.387765999999999,21.672104000000004,15.555191040000004,25.73670959,20.645950315000007,66.410969,,,,,,,,,,,,,,,,,,-27.418000000000006,62.6,,,-4.799999999999997
Greece,2020,,-3.568920000000002,20.364884,16.20555497,23.28958511,19.74757004,63.196184,,,,,,,,,,,,,,,,,,-29.744,,,2.0600000000000023,-7.599999999999994
Greece,2021,,-3.0678370000000044,20.991260999999994,15.019687649999996,22.243602749999997,18.631645199999987,65.202035,,,,,,,,,,,,,,,,,,-36.482,56.6,,,-12.799999999999995
Greece,2022,14.74222892,-4.096401,21.86550499999999,15.60187149,24.62908173,20.11547661,67.463458,,,,,,,,,,,,,,,,,,-35.198,,,,-15.799999999999995
Greece,2023,15.01991997,-4.826318739999998,20.79088593000001,14.680541990000002,27.84607696,21.263309475,68.380893,29.4,21.0,17.2,52.7,0.0,0.0,0.0,25.0,25.0,0.0,27.2,63.5,27.1,37.9,40.4,25.0,-2.6,-40.226,58.0,,,
Greece,2024,,-5.186908721923821,20.2094841003418,14.778160089999991,26.229423520000005,20.50379180500001,69.093613,,,,,,,,,,,,,,,,,,-38.868,,,,
Hungary,1970,,,,,,,,,,,,,,,,,,,,,,,,,,,,,
Hungary,1971,,,,,,,,,,,,,,,,,,,,,,,,,,,,,
Hungary,1972,,,,,,,,,,,,,,,,,,,,,,,,,,,,,
Hungary,1973,,,,,,,,,,,,,,,,,,,,,,,,,,,,,
Hungary,1974,,,,,,,,,,,,,,,,,,,,,,,,,,,,,
Hungary,1975,,,,,,,,,,,,,,,,,,,,,,,,,,,,,
Hungary,1976,,,,,,,,,,,,,,,,,,,,,,,,,,,,,
Hungary,1977,,,,,,,,,,,,,,,,,,,,,,,,,,,,,
Hungary,1978,,,,,,,,,,,,,,,,,,,,,,,,,,,,,
Hungary,1979,,,,,,,,,,,,,,,,,,,,,,,,,,,,,
Hungary,1980,,,,,,,,,,,,,,,,,,,,,,,,,,,,,
Hungary,1981,,,,,,,,,,,,,,,,,,,,,,,,,,,,,
Hungary,1982,,,,,,,,,,,,,,,,,,,,,,,,,,,,,
Hungary,1983,,,,,,,,,,,,,,,,,,,,,,,,,,,,,
Hungary,1984,,,,,,,,,,,,,,,,,,,,,,,,,,,,,
Hungary,1985,,,,,,,,,,,,,,,,,,,,,,,,,,,,,
Hungary,1986,0.0,,,,,,,,,,,,,,,,,,,,,,,,,,,,
Hungary,1987,,,,,,,,,,,,,,,,,,,,,,,,,,,,,
Hungary,1988,,,,,,,,,,,,,,,,,,,,,,,,,,,,,
Hungary,1989,26.38775842,,,,,,,,,,,,,,,,,,,,,,,,,,,,
Hungary,1990,,,,,,,,,,,,,,,,,,,,,,,,,,,,,
Hungary,1991,,,,,,,58.106728,,,,,,,,,,,,,,,,,,,,,,
Hungary,1992,18.47071716,,,,,,55.641149,,,,,,,,,,,,,,,,,,,,,,
Hungary,1993,9.474946225,,,,,,55.108037,,,,,,,,,,,,,,,,,,,,,,
Hungary,1994,19.00836959,,,,,,55.627164,,,,,,,,,,,,,,,,,,,,,,
Hungary,1995,19.26054278,,,,,,55.061539,,,,,,,,,,,,,,,,,,-35.440612859999995,,,,
Hungary,1996,21.12239725,,,,,,53.869508,,,,,,,,,,,,,,,,,,-38.86671944,,,,
Hungary,1997,0.0,0.0801280000000002,17.164036000000003,,,,53.973422,,,,,,,,,,,,,,,,,,-42.695571,,,,
Hungary,1998,20.28389167,-0.4054160000000006,15.343620000000008,,,,54.966749,,,,,,,,,,,,,,,,,,-42.46604912000001,,,,
Hungary,1999,21.04683074,-0.6038840000000008,15.620277000000002,,,,55.395325,,,,,,,,,,,,,,,,,,-39.3261579,,,,
Hungary,2000,21.01301752,-0.6436039999999998,15.276867000000005,15.027103429999997,19.536556240000003,17.281829834999996,56.078096,,,,,,,,,,,,,,,,,,-44.468743960000005,,,,
Hungary,2001,20.71374088,-0.9208620000000014,15.255387000000006,14.961093899999996,20.60386276,17.78247832999999,58.095743,,,,,,,,,,,,,,,,,,-38.09228086,,,,
Hungary,2002,16.63164992,-0.7677370000000003,15.638973000000007,14.360908510000002,23.29894638,18.829927445,60.494072,,,,,,,,,,,,,,,,,,-42.4431426,81.8,,,
Hungary,2003,12.16853092,-1.0887910000000005,14.720893999999994,13.842376709999996,20.390941620000007,17.116659165,62.193116,,,,,,,,,,,,,,,,,,-40.55541146,,,,
Hungary,2004,12.03005621,-1.618301999999998,14.692635000000005,13.315887449999998,21.8563919,17.586139675,63.754726,,,,,,,,,,,,,,,,,,-38.1711049,,,,
Hungary,2005,13.90878078,-2.379140999999999,14.392962999999996,12.772697449999995,16.48133087,14.627014159999987,65.203448,,,,,,,,,,,,,,,,,,-44.08250508,,,,
Hungary,2006,12.3076018,-2.730043000000002,14.784218000000005,13.119853980000002,18.00997161,15.564912794999998,66.24514,,,,,,,,,,,,,,,,,,-43.40604741999999,,,,
Hungary,2007,14.43914139,-3.1181280000000022,15.268738,13.828990939999995,15.97806167000001,14.903526305000014,65.301203,,,,,,,,,,,,,,,,,,-39.65191709999999,,,,12.0
Hungary,2008,14.1561576,-3.687781999999999,14.386371999999994,13.21765518,15.788745879999992,14.50320053,66.294056,,,,,,,,,,,,,,,,,,-31.1407077,,,,12.0
Hungary,2009,15.09070541,-4.653772,13.494118,12.845951089999993,15.431503289999997,14.138727189999996,64.572722,,,,,,,,,,,,,,,,,,-31.746,,,,46.6
Hungary,2010,16.51276848,-4.859234000000001,11.720336999999994,11.736148839999998,7.461540220000003,9.598844529999994,63.866377,,,,,,,,,,,,,,,,,,-32.93600000000001,,,,46.6
Hungary,2011,16.31912167,-4.796904000000001,12.744854000000004,11.898189539999995,17.2423935,14.57029151999999,64.322345,,,,,,,,,,,,,,,,,,-23.986000000000004,,,-23.36,48.0
Hungary,2012,20.01431435,-5.772044999999999,12.648692999999994,11.477012630000004,15.07513428,13.276073455000002,63.343408,,,,,,,,,,,,,,,,,,-31.484,82.4,,,54.8
Hungary,2013,18.41246031,-6.143257000000002,13.379241,12.341579440000004,17.67015074999999,15.005865094999995,64.190963,,,,,,,,,,,,,,,,,,-26.379999999999995,,,,51.4
Hungary,2014,15.09044194,-6.097715000000001,13.903816,12.56510162,21.2040329,16.884567259999997,66.203402,,,,,,,,,,,,,,,,,,-27.324,,-38.0,,55.6
Hungary,2015,17.35471095,-6.279271000000001,14.656914,12.933719639999993,20.072433470000007,16.503076555000007,67.536519,,,,,,,,,,,,,,,,,,-30.104000000000006,79.8,,,62.0
Hungary,2016,17.19342849,-6.347248,14.567977999999997,13.409252169999997,16.86705017,15.138151169999986,68.597072,,,,,,,,,,,,,,,,,,-33.388000000000005,,,,59.4
Hungary,2017,15.34988187,-5.9854720000000015,15.712936999999997,14.077545160000014,10.798873900000004,12.438209530000025,70.163467,,,,,,,,,,,,,,,,,,-32.798,79.8,,,51.0
Hungary,2018,13.73229971,-6.863705,15.500267000000008,14.099998470000005,14.0,14.049999235,72.967558,,,,,,,,,,,,,,,,,,-37.37200000000001,,,,63.2
Hungary,2019,18.57943254,-8.657643,16.003287999999998,14.951042180000002,7.1929244999999895,11.071983339999989,75.924978,,,,,,,,,,,,,,,,,,-39.12799999999999,74.8,,,64.2
Hungary,2020,17.61490601,-8.302131999999997,16.49239399999999,10.713653559999996,10.99498749,10.854320524999991,76.143172,,,,,,,,,,,,,,,,,,-36.962,,-38.0,-20.06,63.4
Hungary,2021,17.92277183,-9.013165,10.811935000000004,9.935707089999994,9.510673530000004,9.723190310000009,77.419421,,,,,,,,,,,,,,,,,,-35.111999999999995,74.8,,,62.6
Hungary,2022,18.95054372,-9.102455139999996,10.116851799999992,9.501647950000006,9.649383549999996,9.575515750000008,78.821559,,,,,,,,,,,,,,,,,,-28.78,,,,57.4
Hungary,2023,19.03270009,-9.80842781,9.326477049999994,8.724296570000007,15.431953430000007,12.078125,77.459799,39.2,14.1,22.1,44.8,0.0,0.0,0.0,0.0,25.0,0.0,55.3,91.9,32.9,22.8,47.7,28.7,-2.2,-32.175999999999995,73.8,,,
Hungary,2024,,-10.794416427612312,8.040977478027344,7.720581060000001,9.086959839999992,8.403770449999996,77.216096,,,,,,,,,,,,,,,,,,-27.233999999999995,,,,
Iceland,1970,,,,,,,105.428983,,,,,,,,,,,,,,,,,,,,,,
Iceland,1971,,,,,,,115.288321,,,,,,,,,,,,,,,,,,,,,,
Iceland,1972,,,,,,,115.657177,,,,,,,,,,,,,,,,,,,,,,
Iceland,1973,,,,,,,115.975814,,,,,,,,,,,,,,,,,,,,,,
Iceland,1974,,,,,,,120.743998,,,,,,,,,,,,,,,,,,,,,,
Iceland,1975,,,,,,,120.675081,,,,,,,,,,,,,,,,,,,,,,
Iceland,1976,,,,,,,121.833956,,,,,,,,,,,,,,,,,,,,,,
Iceland,1977,,,,,,,128.068849,,,,,,,,,,,,,,,,,,,,,,
Iceland,1978,,,,,,,130.206625,,,,,,,,,,,,,,,,,,,,,,
Iceland,1979,,,,,,,131.421772,,,,,,,,,,,,,,,,,,,,,,
Iceland,1980,,,,,,,137.083598,,,,,,,,,,,,,,,,,,,,,,
Iceland,1981,,,,,,,139.411882,,,,,,,,,,,,,,,,,,,,,,
Iceland,1982,,,,,,,141.4535,,,,,,,,,,,,,,,,,,,,,,
Iceland,1983,,,,,,,133.781818,,,,,,,,,,,,,,,,,,,,,,
Iceland,1984,,,,,,,132.580038,,,,,,,,,,,,,,,,,,,,,,
Iceland,1985,,,,,,,132.03979,,,,,,,,,,,,,,,,,,,,,,
Iceland,1986,,,,,,,136.262079,,,,,,,,,,,,,,,,,,,,,,
Iceland,1987,,,,,,,142.143624,,,,,,,,,,,,,,,,,,,,,,
Iceland,1988,,,,,,,134.812407,,,,,,,,,,,,,,,,,,,,,,
Iceland,1989,,,,,,,129.810935,,,,,,,,,,,,,,,,,,,,,,
Iceland,1990,,,,,,,127.483737,,,,,,,,,,,,,,,,,,,,,,
Iceland,1991,,,,,,,124.853675,,,,,,,,,,,,,,,,,,-63.21059217999999,,,,
Iceland,1992,,,,,,,117.508571,,,,,,,,,,,,,,,,,,-63.10750132,,,,
Iceland,1993,,,,,,,117.039643,,,,,,,,,,,,,,,,,,-59.36275789999999,,,,
Iceland,1994,,,,,,,117.540134,,,,,,,,,,,,,,,,,,-56.55139134000001,,,,
Iceland,1995,,,,,,,114.926389,,,,,,,,,,,,,,,,,,-59.642472940000005,,,,
Iceland,1996,,,,,,,116.521519,,,,,,,,,,,,,,,,,,-61.9345659,,,,
Iceland,1997,,,,,,,116.957268,,,,,,,,,,,,,,,,,,-54.86161748000001,,,,
Iceland,1998,,,,,,,121.066218,,,,,,,,,,,,,,,,,,-58.49576454000001,,,,
Iceland,1999,,,,,,,121.120364,,,,,,,,,,,,,,,,,,-55.20514403999999,,,,
Iceland,2000,,,,5.514793390000008,6.143219000000002,5.829006195000005,121.215387,,,,,,,,,,,,,,,,,,-54.78377330000001,,,,
Iceland,2001,,,,7.558677680000002,7.316497800000008,7.437587739999998,123.355753,,,,,,,,,,,,,,,,,,-54.52183262,,,,
Iceland,2002,27.0308213,,,7.115432740000003,4.682243339999999,5.898838040000001,121.892126,,,,,,,,,,,,,,,,,,-47.804441,30.200000000000003,,,
Iceland,2003,,-4.637409000000002,7.168976000000001,7.2629470800000036,6.725929260000001,6.994438170000009,122.115108,,,,,,,,,,,,,,,,,,-51.00137835999999,,,,
Iceland,2004,,-3.573913000000001,9.035293999999991,9.252304080000002,4.615020749999999,6.933662415000015,126.929195,,,,,,,,,,,,,,,,,,-52.96381199999999,,,,
Iceland,2005,,-5.3373370000000016,9.269768,6.671752929999997,5.102943420000003,5.887348175,130.884239,,,,,,,,,,,,,,,,,,-55.386042360000005,,,,
Iceland,2006,23.92902039,-7.521719000000001,9.760184999999993,6.83843232000001,11.303527830000007,9.070980075000024,131.833355,,,,,,,,,,,,,,,,,,-51.627885340000006,,,,
Iceland,2007,,-5.640037,9.969300000000004,8.331336969999995,8.428878789999999,8.380107879999997,137.108263,,,,,,,,,,,,,,,,,,-47.13971563999999,,,,49.2
Iceland,2008,,-6.076382000000002,9.712294999999996,8.393096920000005,11.067718510000006,9.730407714999998,137.364106,,,,,,,,,,,,,,,,,,-44.43468382,,,,27.0
Iceland,2009,,-7.482460000000003,6.6003649999999965,6.5975494399999945,5.121704100000002,5.859626769999991,130.871633,,,,,,,,,,,,,,,,,,-41.332,,,,24.0
Iceland,2010,19.20892767,-10.205809000000002,6.578452999999996,5.751441959999994,5.613227839999993,5.6823348999999865,126.452766,,,,,,,,,,,,,,,,,,-38.72800000000001,,,,21.8
Iceland,2011,,-11.252730999999995,7.347244000000003,5.652885439999992,4.373291010000003,5.013088225000004,127.215756,,,,,,,,,,,,,,,,,,-38.798,,,,21.0
Iceland,2012,,-11.487879000000005,6.647812000000002,4.236755370000012,6.138504019999999,5.1876296950000125,126.904123,,,,,,,,,,,,,,,,,,-33.43600000000001,20.599999999999994,,,15.799999999999995
Iceland,2013,,-12.144728999999998,8.513886,4.815605160000004,6.6413497899999925,5.728477475000005,128.68603,,,,,,,,,,,,,,,,,,-36.792,,,,0.0
Iceland,2014,18.58401252,-11.969593000000003,8.450935000000001,5.51791381000001,4.134361269999999,4.826137540000005,127.673821,,,,,,,,,,,,,,,,,,-34.554,,26.0,,14.200000000000005
Iceland,2015,,-14.269748999999996,8.856787999999995,4.418601989999999,9.724639889999992,7.0716209400000025,128.672498,,,,,,,,,,,,,,,,,,-33.244,17.400000000000006,,,17.599999999999994
Iceland,2016,,-15.187372,8.324530999999993,5.963844300000005,5.97531128,5.969577790000002,133.021737,,,,,,,,,,,,,,,,,,-31.180000000000007,,,,18.200000000000003
Iceland,2017,,-15.020198999999998,7.25766800000001,5.844696040000002,2.5514602699999926,4.19807815499999,131.570538,,,,,,,,,,,,,,,,,,-33.17400000000001,4.799999999999997,,,22.200000000000003
Iceland,2018,15.99547176,-16.99416,8.01231399999999,5.099998470000003,9.600006100000002,7.350002284999988,132.001522,,,,,,,,,,,,,,,,,,-33.504,,,,11.200000000000005
Iceland,2019,,-15.633442000000002,7.767799000000011,4.9000091500000025,8.02516937,6.4625892600000014,129.78554,,,,,,,,,,,,,,,,,,-35.175999999999995,23.8,,,15.799999999999995
Iceland,2020,,-13.286933999999995,7.183502000000004,6.0,1.6999969400000057,3.8499984700000023,125.134543,,,,,,,,,,,,,,,,,,-33.34,,18.0,-28.40000000000001,15.799999999999995
Iceland,2021,,-16.385082999999995,8.070876999999996,5.18509675,7.407104490000009,6.296100620000004,122.442616,,,,,,,,,,,,,,,,,,-36.26599999999999,20.599999999999994,,,0.0
Iceland,2022,0.0,-21.340919490000005,6.466468810000009,4.739402769999998,5.767585760000003,5.2534942650000005,126.914642,,,,,,,,,,,,,,,,,,-32.464,,,,4.799999999999997
Iceland,2023,,-20.79590606,7.346343999999988,5.209892280000005,8.304862979999996,6.757377630000008,128.821716,38.6,47.6,,44.2,0.0,0.0,0.0,0.0,50.0,0.0,,,5.3,1.4,23.4,3.5,,-32.578,4.799999999999997,,,
Iceland,2024,,,,6.87825011999999,6.059570320000006,6.468910219999998,123.74934,,,,,,,,,,,,,,,,,,-28.84200000000001,,,,
India,1970,,,,,,,,,,,,,,,,,,,,,,,,,,,,,
India,1971,,,,,,,,,,,,,,,,,,,,,,,,,,,,,
India,1972,,,,,,,,,,,,,,,,,,,,,,,,,,,,,
India,1973,,,,,,,,,,,,,,,,,,,,,,,,,,,,,
India,1974,,,,,,,,,,,,,,,,,,,,,,,,,,,,,
India,1975,,,,,,,,,,,,,,,,,,,,,,,,,,,,,
India,1976,,,,,,,,,,,,,,,,,,,,,,,,,,,,,
India,1977,,,,,,,,,,,,,,,,,,,,,,,,,,,,,
India,1978,,,,,,,,,,,,,,,,,,,,,,,,,,,,,
India,1979,,,,,,,,,,,,,,,,,,,,,,,,,,,,,
India,1980,,,,,,,,,,,,,,,,,,,,,,,,,,,,,
India,1981,,,,,,,,,,,,,,,,,,,,,,,,,,,,,
India,1982,,,,,,,,,,,,,,,,,,,,,,,,,,,,,
India,1983,,,,,,,,,,,,,,,,,,,,,,,,,,,,,
India,1984,,,,,,,,,,,,,,,,,,,,,,,,,,,,,
India,1985,,,,,,,,,,,,,,,,,,,,,,,,,,,,,
India,1986,,,,,,,,,,,,,,,,,,,,,,,,,,,,,
India,1987,,,,,,,,,,,,,,,,,,,,,,,,,,,,,
India,1988,,,,,,,,,,,,,,,,,,,,,,,,,,,,,
India,1989,,,,,,,,,,,,,,,,,,,,,,,,,,,,,
India,1990,,,,,,,,,,,,,,,,,,,,,,,,,,,,,
India,1991,,,,,,,,,,,,,,,,,,,,,,,,,,,,,
India,1992,,,,,,,,,,,,,,,,,,,,,,,,,,,,,
India,1993,,,,,,,,,,,,,,,,,,,,,,,,,,,,,
India,1994,,,,,,,,,,,,,,,,,,,,,,,,,,,,,
India,1995,,,,,,,,,,,,,,,,,,,,,,,,,,,,,
India,1996,,,,,,,,,,,,,,,,,,,,,,,,,,,,,
India,1997,,,,,,,,,,,,,,,,,,,,,,,,,,,,,
India,1998,,,,,,,,,,,,,,,,,,,,,,,,,,,,,
India,1999,,,,,,,,,,,,,,,,,,,,,,,,,,,,,
India,2000,,,,,,,,,,,,,,,,,,,,,,,,,,,,,
India,2001,,,,,,,,,,,,,,,,,,,,,,,,,,,,,
India,2002,,,,,,,,,,,,,,,,,,,,,,,,,,,,,
India,2003,,,,,,,,,,,,,,,,,,,,,,,,,,,,,
India,2004,,,,,,,,,,,,,,,,,,,,,,,,,,,,,
India,2005,,,,,,,,,,,,,,,,,,,,,,,,,,,,,
India,2006,,,,,,,,,,,,,,,,,,,,,,,,,,,,,
India,2007,,,,,,,,,,,,,,,,,,,,,,,,,,,,,
India,2008,,,,,,,,,,,,,,,,,,,,,,,,,,,,,
India,2009,,,,,,,,,,,,,,,,,,,,,,,,,,,,,
India,2010,,,,,,,,,,,,,,,,,,,,,,,,,,,,,
India,2011,,5.5440934,,,,,,,,,,,,,,,,,,,,,,,,,,,
India,2012,,-3.4845443,-26.937559000000004,,,,,,,,,,,,,,,,,,,,,,,,,,
India,2013,,,,,,,,,,,,,,,,,,,,,,,,,,,,,
India,2014,,,,,,,,,,,,,,,,,,,,,,,,,,,,,
India,2015,,,,,,,,,,,,,,,,,,,,,,,,,,,,,
India,2016,,,,,,,,,,,,,,,,,,,,,,,,,,,,,
India,2017,,,,,,,,,,,,,,,,,,,,,,,,,,,,,
India,2018,19.420271,5.160573005,63.41142273,,,,,,,,,,,,,,,,,,,,,,,,,,
India,2019,19.83811139,4.7629509,59.84143066000001,,,,,,,,,,,,,,,,,,,,,,,,,,
India,2020,18.6105097,4.8828802100000015,55.06201744,,,,,,,,,,,,,,,,,,,,,,,,,,
India,2021,22.52270987,4.81909561,55.19296646,,,,,,,,,,,,,,,,,,,,,,,,,,
India,2022,18.21747141,4.659898760000001,56.36904525999999,,,,,,,,,,,,,,,,,,,,,,,,,,
India,2023,19.68441637,4.959356310000002,48.86202621,,,,,17.6,14.9,6.8,17.0,0.0,25.0,0.0,50.0,50.0,100.0,38.4,64.9,58.7,56.9,81.4,59.3,-4.300000000000001,,,,,
India,2024,20.34439675,,,,,,,,,,,,,,,,,,,,,,,,,,,,
Ireland,1970,,,,,,,75.31804,,,,,,,,,,,,,,,,,,,,,,
Ireland,1971,,,,,,,75.392978,,,,,,,,,,,,,,,,,,,,,,
Ireland,1972,,,,,,,75.856626,,,,,,,,,,,,,,,,,,,,,,
Ireland,1973,,,,,,,74.475084,,,,,,,,,,,,,,,,,,,,,,
Ireland,1974,,,,,,,76.276374,,,,,,,,,,,,,,,,,,,,,,
Ireland,1975,,,,,,,79.682204,,,,,,,,,,,,,,,,,,,,,,
Ireland,1976,,,,,,,76.496055,,,,,,,,,,,,,,,,,,,,,,
Ireland,1977,,,,,,,79.489663,,,,,,,,,,,,,,,,,,,,,,
Ireland,1978,,,,,,,81.31444,,,,,,,,,,,,,,,,,,,,,,
Ireland,1979,,,,,,,80.148319,,,,,,,,,,,,,,,,,,,,,,
Ireland,1980,,,,,,,81.563034,,,,,,,,,,,,,,,,,,,,,,
Ireland,1981,,,,,,,82.138177,,,,,,,,,,,,,,,,,,,,,,
Ireland,1982,,,,,,,83.701501,,,,,,,,,,,,,,,,,,,,,,
Ireland,1983,,,,,,,81.17141,,,,,,,,,,,,,,,,,,-43.3061584,,,,
Ireland,1984,,,,,,,80.897924,,,,,,,,,,,,,,,,,,-40.75350698,,,,
Ireland,1985,,,,,,,80.771548,,,,,,,,,,,,,,,,,,-45.7048653,,,,
Ireland,1986,,,,,,,78.662154,,,,,,,,,,,,,,,,,,-40.15696937999999,,,,
Ireland,1987,,,,,,,79.995206,,,,,,,,,,,,,,,,,,-40.70410587999999,,,,
Ireland,1988,,,,,,,81.449706,,,,,,,,,,,,,,,,,,-38.50841688,,,,
Ireland,1989,,1.6869859999999992,37.10088,,,,84.222378,,,,,,,,,,,,,,,,,,-43.49072319999999,,,,
Ireland,1990,,,,,,,89.496815,,,,,,,,,,,,,,,,,,-43.06992978,,,,
Ireland,1991,,2.389756,41.69768499999999,,,,90.15645,,,,,,,,,,,,,,,,,,-42.4412135,,,,
Ireland,1992,,1.5123829999999998,36.972008,,,,91.092501,,,,,,,,,,,,,,,,,,-46.99026386,,,,
Ireland,1993,,,,,,,92.4211,,,,,,,,,,,,,,,,,,-44.21563748,,,,
Ireland,1994,,1.8446469999999984,33.85271099999999,,,,95.210063,,,,,,,,,,,,,,,,,,-42.75943962,,,,
Ireland,1995,,1.1905670000000017,33.296764,,,,102.044145,,,,,,,,,,,,,,,,,,-43.94428992,,,,
Ireland,1996,,,,,,,106.179026,,,,,,,,,,,,,,,,,,-45.99071658,,,,
Ireland,1997,,,,,,,113.269684,,,,,,,,,,,,,,,,,,-45.12242384000001,,,,
Ireland,1998,,,,,,,118.917675,,,,,,,,,,,,,,,,,,-46.37271428,,,,
Ireland,1999,,,,,,,126.750041,,,,,,,,,,,,,,,,,,-50.32545665999999,,,,
Ireland,2000,,-0.436520999999999,27.552696000000005,23.909202570000005,20.95454788,22.431875225000013,132.356824,,,,,,,,,,,,,,,,,,-56.04815747999999,,,,
Ireland,2001,,-1.0636290000000024,26.613483999999996,23.38241959,21.62316894,22.50279426499999,136.306554,,,,,,,,,,,,,,,,,,-59.167732660000006,,,,
Ireland,2002,19.1250251,-1.7326809999999997,24.774936,21.36405563,20.58027649,20.972166059999992,140.63315,,,,,,,,,,,,,,,,,,-60.2228501,73.4,,,
Ireland,2003,,-1.0926590000000012,23.870407,20.95240021,20.76547241,20.858936310000004,140.557702,,,,,,,,,,,,,,,,,,-59.893377560000005,,,,
Ireland,2004,,-1.8056700000000028,23.616939,20.96969986,22.565078740000004,21.76738929999999,143.738022,,,,,,,,,,,,,,,,,,-62.82286784,,,,
Ireland,2005,,-3.038067999999999,22.42042500000001,19.25223923,22.41890335,20.83557128999999,145.423934,,,,,,,,,,,,,,,,,,-62.71943818,,,,
Ireland,2006,22.0467702,-4.864709999999999,21.628433,19.31303024,22.5132637,20.91314697,145.1808,,,,,,,,,,,,,,,,,,-60.71518764000001,,,,
Ireland,2007,,-5.252023999999999,19.94049100000001,17.709053039999993,20.60826111,19.158657074999997,145.536419,,,,,,,,,,,,,,,,,,-61.40605928,,,,72.8
Ireland,2008,,-5.828785,17.916313000000002,17.36910248000001,18.66700745,18.018054965000005,136.517634,,,,,,,,,,,,,,,,,,-59.19255749999999,,,,68.0
Ireland,2009,,-5.665253,12.556476000000004,15.195339209999991,19.202980049999997,17.199159629999997,133.824448,,,,,,,,,,,,,,,,,,-58.17,,,,72.4
Ireland,2010,18.29269585,-6.377605000000003,10.678314,14.284038539999996,18.46014786,16.372093199999995,132.26481,,,,,,,,,,,,,,,,,,-55.398,,,,67.2
Ireland,2011,,-6.539321999999999,10.289344000000009,14.223804469999996,16.58784865999999,15.405826564999998,131.887927,,,,,,,,,,,,,,,,,,-53.580000000000005,,,,55.8
Ireland,2012,,-6.884991000000007,10.530034,14.163906099999998,16.42653275,15.295219425,129.810682,,,,,,,,,,,,,,,,,,-51.322,69.8,,,52.0
Ireland,2013,,-7.595775000000003,11.992835999999995,13.45484924,17.615821840000002,15.535335539999991,130.569963,,,,,,,,,,,,,,,,,,-47.93000000000001,,,,58.4
Ireland,2014,15.92283381,-7.328701000000002,13.001407999999998,13.68780899,17.63862990999999,15.66321945,139.635822,,,,,,,,,,,,,,,,,,-47.09,,34.0,,57.0
Ireland,2015,,-7.639686999999995,13.596224999999995,13.589324949999998,18.46753693,16.028430940000007,169.06777,,,,,,,,,,,,,,,,,,-48.818000000000005,67.4,,,47.6
Ireland,2016,,-9.259968,12.922294000000008,12.430816649999995,18.50344849,15.467132570000004,167.010011,,,,,,,,,,,,,,,,,,-47.744,,,,46.2
Ireland,2017,,-6.749180000000003,13.396361999999996,11.238594059999995,15.39563751,13.317115785,177.468774,,,,,,,,,,,,,,,,,,-51.036,55.6,,,40.0
Ireland,2018,15.41674986,-7.545906000000002,13.505095999999996,10.700004579999998,14.799995420000002,12.75,185.155465,,,,,,,,,,,,,,,,,,-49.85,,,,37.4
Ireland,2019,,-7.449840000000002,13.653374,10.803550720000004,14.887786860000006,12.84566879000002,189.246145,,,,,,,,,,,,,,,,,,-52.476,55.6,,,35.400000000000006
Ireland,2020,,-7.083798000000002,13.620559,10.616210940000002,15.856735220000004,13.236473079999996,209.234804,,,,,,,,,,,,,,,,,,-54.062000000000005,,22.0,,33.8
Ireland,2021,,-8.197330999999998,11.079589999999996,8.506439209999996,12.465515139999994,10.485977174999988,227.13639,,,,,,,,,,,,,,,,,,-53.04599999999999,55.0,,,33.400000000000006
Ireland,2022,15.90389568,-7.638271331787109,12.41461944580078,9.29360199,12.460273739999993,10.876937864999988,233.126575,,,,,,,,,,,,,,,,,,-54.01599999999999,,,,20.599999999999994
Ireland,2023,16.80041843,-7.377140045166023,10.912841796875,7.702400210000007,12.209922790000007,9.956161500000007,220.745034,36.4,23.1,15.1,31.6,0.0,0.0,0.0,0.0,75.0,0.0,,,,,,,-2.8000000000000003,-52.11600000000001,53.8,,,
Ireland,2024,,-8.459648132324219,10.028175354003906,7.632644650000003,9.603302,8.617973324999994,220.104054,,,,,,,,,,,,,,,,,,-49.01400000000001,,,,
Israel,1970,,,,,,,,,,,,,,,,,,,,,,,,,,,,,
Israel,1971,,,,,,,,,,,,,,,,,,,,,,,,,,,,,
Israel,1972,,,,,,,,,,,,,,,,,,,,,,,,,,,,,
Israel,1973,,,,,,,,,,,,,,,,,,,,,,,,,,,,,
Israel,1974,,,,,,,,,,,,,,,,,,,,,,,,,,,,,
Israel,1975,,,,,,,,,,,,,,,,,,,,,,,,,,,,,
Israel,1976,,,,,,,,,,,,,,,,,,,,,,,,,,,,,
Israel,1977,,,,,,,,,,,,,,,,,,,,,,,,,,,,,
Israel,1978,,,,,,,,,,,,,,,,,,,,,,,,,,,,,
Israel,1979,,,,,,,,,,,,,,,,,,,,,,,,,,,,,
Israel,1980,,,,,,,,,,,,,,,,,,,,,,,,,,,,,
Israel,1981,,,,,,,,,,,,,,,,,,,,,,,,,,,,,
Israel,1982,,,,,,,,,,,,,,,,,,,,,,,,,,,,,
Israel,1983,,,,,,,,,,,,,,,,,,,,,,,,,,,,,
Israel,1984,,,,,,,,,,,,,,,,,,,,,,,,,,,,,
Israel,1985,,,,,,,,,,,,,,,,,,,,,,,,,,,,,
Israel,1986,,,,,,,,,,,,,,,,,,,,,,,,,,,,,
Israel,1987,,,,,,,,,,,,,,,,,,,,,,,,,,,,,
Israel,1988,,,,,,,,,,,,,,,,,,,,,,,,,,,,,
Israel,1989,,,,,,,,,,,,,,,,,,,,,,,,,,,,,
Israel,1990,,,,,,,,,,,,,,,,,,,,,,,,,,,,,
Israel,1991,,,,,,,,,,,,,,,,,,,,,,,,,,,,,
Israel,1992,,,,,,,,,,,,,,,,,,,,,,,,,,,,,
Israel,1993,,,,,,,,,,,,,,,,,,,,,,,,,,,,,
Israel,1994,,,,,,,,,,,,,,,,,,,,,,,,,,,,,
Israel,1995,,,,,,,81.967268,,,,,,,,,,,,,,,,,,-54.9951811,,,,
Israel,1996,,,,,,,81.91483,,,,,,,,,,,,,,,,,,-52.38955486,,,,
Israel,1997,,,,,,,80.360563,,,,,,,,,,,,,,,,,,-54.612368720000006,,,,
Israel,1998,,,,,,,79.733631,,,,,,,,,,,,,,,,,,-55.54281824,,,,
Israel,1999,,,,,,,78.223352,,,,,,,,,,,,,,,,,,-52.97501546000001,,,,
Israel,2000,,,,,,,79.841771,,,,,,,,,,,,,,,,,,-54.38266962,,,,
Israel,2001,31.5952158,,,,,,77.619425,,,,,,,,,,,,,,,,,,-52.69996140000001,,,,
Israel,2002,29.72402098,-4.443768000000006,13.963916000000005,,,,75.374836,,,,,,,,,,,,,,,,,,-52.34445263999999,71.6,,,
Israel,2003,28.46957064,-5.20776,13.460625000000007,,,,74.478889,,,,,,,,,,,,,,,,,,-51.580689080000006,,,,
Israel,2004,27.25224218,,,,,,74.714251,,,,,,,,,,,,,,,,,,-49.89007332,,,,
Israel,2005,26.25195763,-5.617981,13.200699,,,,75.110791,,,,,,,,,,,,,,,,,,-53.75854960000001,,,,
Israel,2006,25.12456295,,,,,,75.904117,,,,,,,,,,,,,,,,,,-52.0293011,,,,
Israel,2007,25.49303835,-7.238449000000003,13.411583,,,,77.601694,,,,,,,,,,,,,,,,,,-49.922725680000006,,,,
Israel,2008,28.26305419,-6.412269000000002,13.047325,,,,78.625694,,,,,,,,,,,,,,,,,,-48.52548719999999,,,,
Israel,2009,24.69878958,-7.747821999999999,12.711807000000007,,,,81.529769,,,,,,,,,,,,,,,,,,-48.852,,,,
Israel,2010,25.48797382,-7.759190000000004,11.031097000000004,,,,82.456788,,,,,,,,,,,,,,,,,,-49.708,,,,
Israel,2011,24.89500479,-6.40504,11.18070999999999,,,,84.018078,,,,,,,,,,,,,,,,,,-48.718,,,,
Israel,2012,24.32988529,-8.858052,11.031006000000003,9.95360565,6.531532280000008,8.242568965000004,83.732599,,,,,,,,,,,,,,,,,,-39.356,60.0,,,
Israel,2013,25.71408681,-8.935398,10.721373999999996,9.700691219999996,6.68764496,8.194168089999991,84.683983,,,,,,,,,,,,,,,,,,-39.958,,,,
Israel,2014,25.88653955,-9.170177000000002,9.490914000000004,8.966369629999988,5.017852790000006,6.9921112100000045,84.963337,,,,,,,,,,,,,,,,,,-40.468,,-2.0,,
Israel,2015,24.22555619,-8.452221000000002,10.09125499999999,9.301094059999995,4.240577700000003,6.770835879999993,83.601077,,,,,,,,,,,,,,,,,,-39.468,46.6,,,
Israel,2016,26.96285447,-9.284374,9.415047,8.393569940000006,3.7372741700000063,6.065422055000013,84.68542,,,,,,,,,,,,,,,,,,-40.49799999999999,,,,
Israel,2017,25.91035096,-9.009102000000006,9.908363000000008,8.07607268999999,4.6740646299999895,6.375068659999997,84.960415,,,,,,,,,,,,,,,,,,-41.382000000000005,45.0,,,
Israel,2018,24.23386145,-9.249324,7.903769999999994,6.299995420000002,4.400001529999997,5.349998475000007,85.287172,,,,,,,,,,,,,,,,,,-42.926,,,,
Israel,2019,23.7663108,-10.367030999999995,7.687072999999998,5.8521499600000055,3.5635299700000047,4.707839965000005,85.932873,,,,,,,,,,,,,,,,,,-41.152,41.6,,,
Israel,2020,23.31949138,-10.043407000000002,6.310256999999993,5.17147064000001,3.7471237200000047,4.459297180000021,86.604663,,,,,,,,,,,,,,,,,,-41.93600000000001,,-4.0,-18.14,
Israel,2021,25.57830236,-9.921875,5.227669000000006,5.159996030000002,3.680000300000003,4.419998164999996,88.018,,,,,,,,,,,,,,,,,,-42.22800000000001,46.6,,,
Israel,2022,25.83703571,-10.95533752,5.745399480000003,,,,89.520807,,,,,,,,,,,,,,,,,,-42.934,,,,
Israel,2023,,-10.50287247,5.115783690000001,,,,88.451913,34.6,23.3,10.1,35.3,50.0,0.0,0.0,25.0,25.0,100.0,,,,,,,,-40.98599999999999,51.6,,,
Israel,2024,,-11.029338836669922,4.979522705078125,,,,87.128293,,,,,,,,,,,,,,,,,,-43.166,,,,
Italy,1970,,,,,,,120.714857,,,,,,,,,,,,,,,,,,,,,,
Italy,1971,,,,,,,119.476056,,,,,,,,,,,,,,,,,,,,,,
Italy,1972,,,,,,,118.186087,,,,,,,,,,,,,,,,,,,,,,
Italy,1973,,,,,,,119.805771,,,,,,,,,,,,,,,,,,,,,,
Italy,1974,,,,,,,125.399941,,,,,,,,,,,,,,,,,,,,,,
Italy,1975,,,,,,,122.718708,,,,,,,,,,,,,,,,,,,,,,
Italy,1976,,,,,,,125.838827,,,,,,,,,,,,,,,,,,,,,,
Italy,1977,,,,,,,125.091966,,,,,,,,,,,,,,,,,,,,,,
Italy,1978,,,,,,,124.390156,,,,,,,,,,,,,,,,,,,,,,
Italy,1979,,,,,,,127.723282,,,,,,,,,,,,,,,,,,,,,,
Italy,1980,,,,,,,131.426646,,,,,,,,,,,,,,,,,,,,,,
Italy,1981,,,,,,,130.593836,,,,,,,,,,,,,,,,,,,,,,
Italy,1982,,,,,,,131.972985,,,,,,,,,,,,,,,,,,,,,,
Italy,1983,,,,,,,130.682093,,,,,,,,,,,,,,,,,,-38.96821698,,,,
Italy,1984,,,,,,,129.6866,,,,,,,,,,,,,,,,,,-41.01459926,,,,
Italy,1985,,,,,,,129.524371,,,,,,,,,,,,,,,,,,-38.43857888,,,,
Italy,1986,,,,,,,130.337196,,,,,,,,,,,,,,,,,,-38.95142354000001,,,,
Italy,1987,,,,,,,130.706645,,,,,,,,,,,,,,,,,,-40.35799531999999,,,,
Italy,1988,,,,,,,131.279304,,,,,,,,,,,,,,,,,,-41.19881942000001,,,,
Italy,1989,,1.9422474000000003,42.396378000000006,,,,131.748832,,,,,,,,,,,,,,,,,,-44.4966256,,,,
Italy,1990,,,,,,,131.374907,,,,,,,,,,,,,,,,,,-43.78969726,,,,
Italy,1991,,1.7899861,41.391606,,,,132.455866,,,,,,,,,,,,,,,,,,-45.20488618,,,,
Italy,1992,,1.8937105999999997,39.956566,,,,131.605819,,,,,,,,,,,,,,,,,,-40.80257728000001,,,,
Italy,1993,,,,,,,129.525277,,,,,,,,,,,,,,,,,,-44.7256104,,,,
Italy,1994,,1.9558772999999992,37.283062,,,,129.292035,,,,,,,,,,,,,,,,,,-47.35433,,,,
Italy,1995,,1.7683362000000002,35.97102699999999,,,,130.596648,,,,,,,,,,,,,,,,,,-43.66130874000001,,,,
Italy,1996,,,,,,,129.099298,,,,,,,,,,,,,,,,,,-44.846556920000005,,,,
Italy,1997,,,,,,,127.701473,,,,,,,,,,,,,,,,,,-44.34835488,,,,
Italy,1998,,1.1376524000000003,33.950900999999995,,,,127.159533,,,,,,,,,,,,,,,,,,-45.77222499999999,,,,
Italy,1999,,0.7745037000000004,33.23902900000001,,,,126.021769,,,,,,,,,,,,,,,,,,-44.61691378,,,,
Italy,2000,,0.6271342999999998,32.426368999999994,27.48771286,37.05861664,32.27316475000001,126.54412,,,,,,,,,,,,,,,,,,-43.69581170000001,,,,
Italy,2001,,0.336468,31.12582799999999,26.48985672000001,36.92685318,31.708354949999997,128.128188,,,,,,,,,,,,,,,,,,-46.07303256,,,,
Italy,2002,18.22199476,0.2434799999999999,30.587693,26.092006680000004,32.984027860000005,29.53801727000001,127.127137,,,,,,,,,,,,,,,,,,-49.93751162000001,80.4,,,
Italy,2003,,-0.004887,30.212196,25.860000609999997,34.912506109999995,30.38625336,124.792309,,,,,,,,,,,,,,,,,,-51.29086662,,,,
Italy,2004,,-1.0073249999999998,27.862957,24.547050469999995,29.486061100000008,27.016555785,122.484314,,,,,,,,,,,,,,,,,,-57.68282956,,,,
Italy,2005,,-1.2176519999999993,27.645592,23.856628420000007,30.090148930000005,26.973388674999995,120.075178,,,,,,,,,,,,,,,,,,-58.8063378,,,,
Italy,2006,16.23536499,-1.6185799999999997,27.06350700000001,23.40524292,29.90064621,26.65294456500001,118.825859,,,,,,,,,,,,,,,,,,-58.20590526000001,,,,
Italy,2007,,-2.2070240000000005,26.964676,23.33981323,29.406360629999995,26.373086929999985,117.55129,,,,,,,,,,,,,,,,,,-59.0158616,,,,31.40000000000001
Italy,2008,,-2.715890999999999,25.821106,22.409378049999997,27.971733089999997,25.190555569999997,115.85392,,,,,,,,,,,,,,,,,,-56.95961564000001,,,,31.0
Italy,2009,,-2.974577,25.03609400000001,22.151977530000003,27.619205480000005,24.885591504999997,113.74339,,,,,,,,,,,,,,,,,,-57.868,,,,45.4
Italy,2010,11.47453352,-3.0835019999999997,24.427341,21.695377349999998,27.462043760000007,24.578710555,112.259916,,,,,,,,,,,,,,,,,,-57.068000000000005,,,,45.4
Italy,2011,,-3.055800999999999,23.829159000000004,21.174327850000005,26.13132858,23.652828215,111.005642,,,,,,,,,,,,,,,,,,-56.636,,,-10.040000000000006,37.0
Italy,2012,,-3.5344490000000004,22.14489,20.07496644,23.37561035000001,21.725288394999996,106.420317,,,,,,,,,,,,,,,,,,-53.47399999999999,56.8,,,36.2
Italy,2013,,-3.688361,21.18079400000001,19.59719085,21.676857,20.637023924999998,103.140772,,,,,,,,,,,,,,,,,,-50.93000000000001,,,,39.0
Italy,2014,15.31130095,-3.954877,20.63512,19.070316309999995,21.26190948,20.166112895,101.528554,,,,,,,,,,,,,,,,,,-49.726,,-4.0,,35.2
Italy,2015,,-4.516069999999999,21.150967,19.71392823,22.862861630000005,21.288394930000003,100.591401,,,,,,,,,,,,,,,,,,-49.892,38.0,,,37.0
Italy,2016,,-4.820302999999999,21.286602,19.067146310000005,23.96542358,21.516284945,100.77154,,,,,,,,,,,,,,,,,,-49.072,,,,39.4
Italy,2017,,-5.667233,20.912674000000003,18.509937290000003,23.815166479999995,21.162551885,100.426142,,,,,,,,,,,,,,,,,,-50.124,38.0,,,38.4
Italy,2018,13.83130118,-5.641204999999999,20.75414600000001,18.300003059999995,24.20000458,21.25000381999999,99.717992,,,,,,,,,,,,,,,,,,-52.316,,,,27.599999999999994
Italy,2019,,-5.718589999999999,20.540831999999995,17.60208893,25.21253204,21.407310485,99.291443,,,,,,,,,,,,,,,,,,-52.30799999999999,28.599999999999994,,,24.200000000000003
Italy,2020,,-5.986431,20.676190000000005,17.510890960000005,27.92293548,22.71691322,95.085077,,,,,,,,,,,,,,,,,,-50.608,,-12.0,-17.64,24.200000000000003
Italy,2021,,-6.257234,20.119553000000003,17.006748200000004,26.59489059,21.800819395000005,98.323618,,,,,,,,,,,,,,,,,,-48.732,28.599999999999994,,,35.8
Italy,2022,11.97711016,-6.470433,20.678183999999995,16.883861550000006,26.89559174,21.889726645000003,100.680119,,,,,,,,,,,,,,,,,,-51.664,,,,29.0
Italy,2023,7.126864177,-6.583072659999999,20.28790283,16.743495940000003,26.55383682,21.64866638000001,100.644298,27.3,32.3,15.3,64.2,0.0,0.0,0.0,0.0,50.0,0.0,,54.3,20.1,25.7,54.1,16.4,-2.9000000000000004,-52.988,35.400000000000006,,,
Italy,2024,,-7.12148284912109,20.079086303710938,16.556968689999998,27.546115879999995,22.05154228499999,100.198016,,,,,,,,,,,,,,,,,,-53.038,,,,
Japan,1970,,,,,,,87.049373,,,,,,,,,,,,,,,,,,,,,,
Japan,1971,,,,,,,88.132728,,,,,,,,,,,,,,,,,,,,,,
Japan,1972,,,,,,,90.4365,,,,,,,,,,,,,,,,,,,,,,
Japan,1973,,,,,,,90.956616,,,,,,,,,,,,,,,,,,,,,,
Japan,1974,,,,,,,88.49829,,,,,,,,,,,,,,,,,,,,,,
Japan,1975,41.07856192,,,,,,90.617043,,,,,,,,,,,,,,,,,,,,,,
Japan,1976,41.18811881,,,,,,89.634712,,,,,,,,,,,,,,,,,,,,,,
Japan,1977,41.02409639,,,,,,90.19063,,,,,,,,,,,,,,,,,,,,,,
Japan,1978,41.02999434,,,,,,90.945477,,,,,,,,,,,,,,,,,,,,,,
Japan,1979,41.00912507,,,,,,92.460504,,,,,,,,,,,,,,,,,,,,,,
Japan,1980,41.13796576,,,,,,94.02671,,,,,,,,,,,,,,,,,,,,,,
Japan,1981,41.05960265,,,,,,96.036134,,,,,,,,,,,,,,,,,,,,,,
Japan,1982,41.3963964,,,,,,99.184269,,,,,,,,,,,,,,,,,,,,,,
Japan,1983,41.25599651,,,,,,99.95959,,,,,,,,,,,,,,,,,,,,,,
Japan,1984,41.38947368,,,,,,99.717766,,,,,,,,,,,,,,,,,,,,,,
Japan,1985,40.39247751,,,,,,101.284276,,,,,,,,,,,,,,,,,,,,,,
Japan,1986,40.29318542,,,,,,101.841547,,,,,,,,,,,,,,,,,,,,,,
Japan,1987,39.50329841,,,,,,103.091933,,,,,,,,,,,,,,,,,,,,,,
Japan,1988,39.48562784,,,,,,105.609601,,,,,,,,,,,,,,,,,,,,,,
Japan,1989,39.76819993,,,,,,107.242193,,,,,,,,,,,,,,,,,,,,,,
Japan,1990,39.75903615,,,,,,109.662186,,,,,,,,,,,,,,,,,,,,,,
Japan,1991,39.30217248,,,,,,112.39221,,,,,,,,,,,,,,,,,,,,,,
Japan,1992,38.50079745,,,,,,111.368682,,,,,,,,,,,,,,,,,,,,,,
Japan,1993,38.41825571,,,,,,109.783441,,,,,,,,,,,,,,,,,,,,,,
Japan,1994,37.99633476,,,,,,108.30823,,,,,,,,,,,,,,,,,,,,,,
Japan,1995,37.51515152,,,,,,108.852396,,,,,,,,,,,,,,,,,,,,,,
Japan,1996,37.24550898,,,,,,109.294289,,,,,,,,,,,,,,,,,,,,,,
Japan,1997,36.884273,7.188423000000004,32.475444,,,,106.910661,,,,,,,,,,,,,,,,,,,,,,
Japan,1998,36.117717,5.821737999999996,31.754158,,,,102.995048,,,,,,,,,,,,,,,,,,,,,,
Japan,1999,35.4024354,6.102723999999999,31.903465000000004,,,,99.882482,,,,,,,,,,,,,,,,,,,,,,
Japan,2000,34.50118765,5.979840999999997,31.373977,,,,99.071619,,,,,,,,,,,,,,,,,,,,,,
Japan,2001,34.72262988,4.787035000000003,29.840043,,,,98.549854,,,,,,,,,,,,,,,,,,,,,,
Japan,2002,33.49196907,4.383098000000004,28.836162999999992,,,,97.540306,,,,,,,,,,,,,,,,,,-51.39784946,85.4,,,
Japan,2003,33.17436662,3.8961070000000007,28.55324600000001,,,,97.501523,,,,,,,,,,,,,,,,,,-50.52631578,,,,
Japan,2004,32.43486074,3.780273000000001,28.250924,,,,97.014081,,,,,,,,,,,,,,,,,,-51.374207180000006,,,,
Japan,2005,34.13262285,3.0019070000000028,27.832611000000007,,,,96.635515,,,,,,,,,,,,,,,,,,-53.31230284,,,,
Japan,2006,34.13262285,2.917549000000001,27.465802000000004,,,,95.548541,,,,,,,,,,,,,,,,,,-54.88721803999999,,,,
Japan,2007,33.11553312,2.5716970000000003,27.237412,,,,95.015123,,,,,,,,,,,,,,,,,,-53.48360656,,,,
Japan,2008,32.24453102,2.1045760000000016,26.817500999999996,,,,94.12873,,,,,,,,,,,,,,,,,,-50.99601594000001,,,,
Japan,2009,30.23255814,1.907086,25.41457400000001,,,,92.578353,,,,,,,,,,,,,,,,,,-49.75399999999999,,,,
Japan,2010,30.67316479,1.377898999999999,24.83622800000001,,,,94.091226,,,,,,,,,,,,,,,,,,-50.696,,,,
Japan,2011,29.36338715,0.8849639999999965,24.904499,,,,92.893591,,,,,,,,,,,,,,,,,,-52.05,,,16.760000000000005,
Japan,2012,29.14893617,0.2798230000000004,24.02300199999999,,,,93.652878,,,,,,,,,,,,,,,,,,-52.22200000000001,78.8,,,
Japan,2013,28.65030675,0.4225959999999986,22.713036,,,,94.652313,,,,,,,,,,,,,,,,,,-51.672,,,,
Japan,2014,27.79126214,-0.0971760000000045,22.043296999999995,,,,93.516303,,,,,,,,,,,,,,,,,,-50.53999999999999,,,,
Japan,2015,27.78275142,0.0348049999999986,21.07290599999999,,,,93.243489,,,,,,,,,,,,,,,,,,-51.24199999999999,81.0,,,
Japan,2016,27.02863962,-0.3244430000000022,20.349327,,,,92.918176,,,,,,,,,,,,,,,,,,-52.898,,,,
Japan,2017,26.64679583,-1.414703000000003,19.369484,,,,92.65665,,,,,,,,,,,,,,,,,,-54.76599999999999,81.4,,,
Japan,2018,26.68838863,-1.812344000000003,17.697235000000006,,,,91.835217,,,,,,,,,,,,,,,,,,-52.636,,,,
Japan,2019,25.73964497,-2.4279550000000043,16.464164999999994,,,,90.659107,,,,,,,,,,,,,,,,,,-48.93600000000001,79.6,,,
Japan,2020,25.67886659,-2.255901000000001,16.567352,,,,91.183266,,,,,,,,,,,,,,,,,,-45.544,,,9.72,
Japan,2021,24.79240807,-2.9280019999999998,15.851653999999996,,,,88.580702,,,,,,,,,,,,,,,,,,-45.694,80.2,,,
Japan,2022,23.22064057,-2.3806800800000048,14.64857483,,,,87.557658,,,,,,,,,,,,,,,,,,-48.28399999999999,,,,
Japan,2023,25.16386435,-3.490974420000001,13.974739069999998,,,,88.336025,13.3,9.9,,27.6,0.0,0.0,0.0,0.0,75.0,100.0,14.4,82.0,29.3,25.9,16.4,22.6,-2.8,-48.06,80.0,,,
Japan,2024,24.18066648,14.613630294799808,12.910934448242202,,,,87.771962,,,,,,,,,,,,,,,,,,-44.56999999999999,,,,
Korea,1970,,,,,,,14.603709,,,,,,,,,,,,,,,,,,,,,,
Korea,1971,,,,,,,15.473115,,,,,,,,,,,,,,,,,,,,,,
Korea,1972,,,,,,,15.638675,,,,,,,,,,,,,,,,,,,,,,
Korea,1973,,,,,,,16.829916,,,,,,,,,,,,,,,,,,,,,,
Korea,1974,,,,,,,18.115834,,,,,,,,,,,,,,,,,,,,,,
Korea,1975,,,,,,,19.331952,,,,,,,,,,,,,,,,,,,,,,
Korea,1976,,,,,,,20.730351,,,,,,,,,,,,,,,,,,,,,,
Korea,1977,,,,,,,22.325259,,,,,,,,,,,,,,,,,,,,,,
Korea,1978,,,,,,,23.607674,,,,,,,,,,,,,,,,,,,,,,
Korea,1979,,,,,,,24.572215,,,,,,,,,,,,,,,,,,,,,,
Korea,1980,,,,,,,23.749904,,,,,,,,,,,,,,,,,,,,,,
Korea,1981,,,,,,,24.779173,,,,,,,,,,,,,,,,,,,,,,
Korea,1982,,,,,,,26.650398,,,,,,,,,,,,,,,,,,,,,,
Korea,1983,,,,,,,29.175042,,,,,,,,,,,,,,,,,,,,,,
Korea,1984,0.0,,,,,,30.657269,,,,,,,,,,,,,,,,,,,,,,
Korea,1985,55.36041861,,,,,,31.844182,,,,,,,,,,,,,,,,,,,,,,
Korea,1986,0.0,,,,,,34.394589,,,,,,,,,,,,,,,,,,,,,,
Korea,1987,0.0,,,,,,37.368278,,,,,,,,,,,,,,,,,,,,,,
Korea,1988,0.0,,,,,,40.017965,,,,,,,,,,,,,,,,,,,,,,
Korea,1989,0.0,,,,,,41.249138,,,,,,,,,,,,,,,,,,-14.300466799999995,,,,
Korea,1990,0.0,,,,,,43.976343,,,,,,,,,,,,,,,,,,-17.34069128,,,,
Korea,1991,0.0,,,,,,47.985204,,,,,,,,,,,,,,,,,,-24.343771899999997,,,,
Korea,1992,48.51516212,,,,,,49.785379,,,,,,,,,,,,,,,,,,-27.601126980000004,,,,
Korea,1993,47.78481417,,,,,,52.373727,,,,,,,,,,,,,,,,,,-27.49769258000001,,,,
Korea,1994,45.6759166,,,,,,55.425756,,,,,,,,,,,,,,,,,,-27.284351720000004,,,,
Korea,1995,44.44842889,11.726007,36.54006999999999,,,,59.115609,,,,,,,,,,,,,,,,,,-27.811404080000003,,,,
Korea,1996,43.1320717,,,,,,61.695836,,,,,,,,,,,,,,,,,,-32.229151419999994,,,,
Korea,1997,41.69785038,11.498896,33.66296799999999,,,,63.075553,,,,,,,,,,,,,,,,,,-29.17686906,,,,
Korea,1998,40.96181115,12.679102,32.40845100000001,,,,58.242371,,,,,,,,,,,,,,,,,,-13.336053579999998,,,,
Korea,1999,39.69163648,12.119187999999998,30.725117,,,,62.925703,,,,,,,,,,,,,,,,,,-13.782165320000004,,,,
Korea,2000,39.43315537,11.949601,30.454396,,,,65.899657,,,,,,,,,,,,,,,,,,-17.94953468,,,,
Korea,2001,39.13613966,11.493128000000002,29.954754,,,,68.024974,,,,,,,,,,,,,,,,,,-20.923953979999997,,,,
Korea,2002,39.53462065,11.247795,30.179717999999998,,,,72.245035,,,,,,,,,,,,,,,,,,-20.01724458,88.2,,,
Korea,2003,39.52987746,11.692854000000004,31.138397999999995,,,,73.067203,,,,,,,,,,,,,,,,,,-22.285314099999997,,,,
Korea,2004,39.1887118,11.433795999999996,29.675884000000003,,,,74.595684,,,,,,,,,,,,,,,,,,-21.99658386,,,,
Korea,2005,38.74667542,10.685148000000002,28.961635,,,,76.020215,,,,,,,,,,,,,,,,,,-19.8256298,,,,
Korea,2006,38.45570807,9.997992999999996,27.447391999999997,,,,77.67944,,,,,,,,,,,,,,,,,,-21.0038519,,,,
Korea,2007,37.24212636,9.70302,27.039769,,,,80.244872,,,,,,,,,,,,,,,,,,-22.15929258,,,,
Korea,2008,38.043023,9.350794999999998,26.641807000000007,,,,82.314412,,,,,,,,,,,,,,,,,,-22.77394390000001,,,,
Korea,2009,37.24470649,9.273815,26.753372,,,,86.098378,,,,,,,,,,,,,,,,,,-24.056,,,,
Korea,2010,37.04384676,8.363605999999997,26.794106,,,,89.489306,,,,,,,,,,,,,,,,,,-26.206000000000003,,,,
Korea,2011,35.88762252,8.896021999999995,26.938965,,,,90.733908,,,,,,,,,,,,,,,,,,-15.525999999999996,,,,
Korea,2012,34.97627684,8.402638000000003,26.929523,,,,91.848229,,,,,,,,,,,,,,,,,,-25.92,68.6,,,
Korea,2013,35.39093895,8.136683999999995,26.44053600000001,,,,93.411471,,,,,,,,,,,,,,,,,,-24.894000000000005,,,,
Korea,2014,35.69306487,7.775204000000002,26.198010000000004,,,,94.328089,,,,,,,,,,,,,,,,,,-29.383999999999997,,,,
Korea,2015,36.13976438,7.473915000000005,25.176887,,,,94.698112,,,,,,,,,,,,,,,,,,-30.687999999999995,67.4,,,
Korea,2016,35.15272012,7.184669999999997,24.534519000000003,,,,96.115159,,,,,,,,,,,,,,,,,,-32.422,,,,
Korea,2017,34.1281258,6.560398999999997,23.902165000000004,,,,97.054452,,,,,,,,,,,,,,,,,,-29.712,66.0,,,
Korea,2018,32.32500058,5.597374000000002,22.964138000000005,,,,97.984671,,,,,,,,,,,,,,,,,,-30.611999999999995,,,,
Korea,2019,31.6135838,4.704719999999995,21.416455000000006,,,,98.805819,,,,,,,,,,,,,,,,,,-29.952,65.8,,,
Korea,2020,30.45038121,4.282418,21.409648999999995,,,,102.459194,,,,,,,,,,,,,,,,,,-24.054,,,5.480000000000004,
Korea,2021,30.33347869,3.989128000000001,20.874576000000005,17.56227112,28.262096400000004,22.912183760000005,101.354758,,,,,,,,,,,,,,,,,,-26.248000000000005,62.0,,,
Korea,2022,30.08554971,3.5219573900000043,20.11305236999999,16.56951141999999,27.19701004,21.88326072999999,101.696012,,,,,,,,,,,,,,,,,,-25.623999999999995,,,,
Korea,2023,29.33355374,3.3142585800000006,18.706840510000006,15.253539939999996,26.43372045,20.843630195,102.141073,16.3,18.6,,75.5,0.0,0.0,0.0,25.0,25.0,100.0,32.5,49.7,52.0,52.9,64.7,47.9,-2.4,-27.989999999999995,61.8,,,
Korea,2024,28.96650065,2.547149658203118,17.43598175048828,14.376385189999992,26.68713105,20.531758119999992,103.174306,,,,,,,,,,,,,,,,,,-28.248,,,,
Latvia,1970,,,,,,,,,,,,,,,,,,,,,,,,,,,,,
Latvia,1971,,,,,,,,,,,,,,,,,,,,,,,,,,,,,
Latvia,1972,,,,,,,,,,,,,,,,,,,,,,,,,,,,,
Latvia,1973,,,,,,,,,,,,,,,,,,,,,,,,,,,,,
Latvia,1974,,,,,,,,,,,,,,,,,,,,,,,,,,,,,
Latvia,1975,,,,,,,,,,,,,,,,,,,,,,,,,,,,,
Latvia,1976,,,,,,,,,,,,,,,,,,,,,,,,,,,,,
Latvia,1977,,,,,,,,,,,,,,,,,,,,,,,,,,,,,
Latvia,1978,,,,,,,,,,,,,,,,,,,,,,,,,,,,,
Latvia,1979,,,,,,,,,,,,,,,,,,,,,,,,,,,,,
Latvia,1980,,,,,,,,,,,,,,,,,,,,,,,,,,,,,
Latvia,1981,,,,,,,,,,,,,,,,,,,,,,,,,,,,,
Latvia,1982,,,,,,,,,,,,,,,,,,,,,,,,,,,,,
Latvia,1983,,,,,,,,,,,,,,,,,,,,,,,,,,,,,
Latvia,1984,,,,,,,,,,,,,,,,,,,,,,,,,,,,,
Latvia,1985,,,,,,,,,,,,,,,,,,,,,,,,,,,,,
Latvia,1986,,,,,,,,,,,,,,,,,,,,,,,,,,,,,
Latvia,1987,,,,,,,,,,,,,,,,,,,,,,,,,,,,,
Latvia,1988,,,,,,,,,,,,,,,,,,,,,,,,,,,,,
Latvia,1989,,,,,,,,,,,,,,,,,,,,,,,,,,,,,
Latvia,1990,,,,,,,,,,,,,,,,,,,,,,,,,,,,,
Latvia,1991,,,,,,,,,,,,,,,,,,,,,,,,,,,,,
Latvia,1992,,,,,,,,,,,,,,,,,,,,,,,,,,,,,
Latvia,1993,,,,,,,,,,,,,,,,,,,,,,,,,,,,,
Latvia,1994,,,,,,,,,,,,,,,,,,,,,,,,,,,,,
Latvia,1995,,,,,,,30.173758,,,,,,,,,,,,,,,,,,,,,,
Latvia,1996,,-2.964929,10.773163000000004,,,,30.455339,,,,,,,,,,,,,,,,,,,,,,
Latvia,1997,,-4.026152999999999,10.543910999999994,,,,32.59886,,,,,,,,,,,,,,,,,,,,,,
Latvia,1998,,-3.732922,11.796780000000004,,,,34.312863,,,,,,,,,,,,,,,,,,,,,,
Latvia,1999,,-3.5108710000000016,11.270829,,,,34.67744,,,,,,,,,,,,,,,,,,,,,,
Latvia,2000,,-3.532195999999999,7.704120000000003,,,,35.831195,,,,,,,,,,,,,,,,,,-29.141284320000004,,,,
Latvia,2001,,-5.227423999999999,7.876949000000003,,,,38.373769,,,,,,,,,,,,,,,,,,-27.448632700000005,,,,
Latvia,2002,19.20555423,-4.782333000000001,8.135321999999988,,,,41.445535,,,,,,,,,,,,,,,,,,-36.53639844,64.0,,,
Latvia,2003,,-5.837142999999999,8.698561999999995,,,,44.754984,,,,,,,,,,,,,,,,,,-37.93373123999999,,,,
Latvia,2004,,-6.701964999999998,8.189216000000002,,,,47.94366,,,,,,,,,,,,,,,,,,-35.2842054,,,,
Latvia,2005,,-7.756805,8.374184,,,,52.934999,,,,,,,,,,,,,,,,,,-40.88931016000001,,,,
Latvia,2006,15.21496155,-9.729983999999998,8.650970999999998,,,,58.81832,,,,,,,,,,,,,,,,,,-32.97220786,,,,
Latvia,2007,,-9.220818,9.334320000000004,,,,64.218241,,,,,,,,,,,,,,,,,,-36.35541666,,,,7.200000000000003
Latvia,2008,,-11.965155,6.427498,,,,62.922796,,,,,,,,,,,,,,,,,,-39.491874120000006,,,,5.200000000000003
Latvia,2009,,-13.095320000000005,0.0030670000000014,,,,56.011016,,,,,,,,,,,,,,,,,,-29.544000000000004,,,,11.400000000000006
Latvia,2010,19.53017164,-12.294265000000005,-0.7149809999999945,,,,53.80982,,,,,,,,,,,,,,,,,,-30.108000000000004,,,,6.599999999999994
Latvia,2011,,-13.956625000000004,1.6216890000000037,,,,55.655002,,,,,,,,,,,,,,,,,,-26.724000000000004,,,-30.139999999999983,0.0
Latvia,2012,,-15.111041999999998,3.132462000000004,,,,59.996376,,,,,,,,,,,,,,,,,,-31.678,54.0,,,-6.400000000000006
Latvia,2013,,-15.165035,3.953705,,,,61.213758,,,,,,,,,,,,,,,,,,-31.895999999999997,,,,-11.599999999999994
Latvia,2014,21.54361115,-15.882547999999996,4.10883299999999,,,,62.102105,,,,,,,,,,,,,,,,,,-39.77600000000001,,-54.0,,-3.5999999999999943
Latvia,2015,,-17.8246,4.048621999999995,,,,63.741939,,,,,,,,,,,,,,,,,,-40.24199999999999,64.0,,,1.7999999999999972
Latvia,2016,,-17.863294999999997,3.1700969999999984,,,,65.15524,,,,,,,,,,,,,,,,,,-32.126000000000005,,,,-6.599999999999994
Latvia,2017,,-17.223570000000002,4.225914000000003,4.690406790000012,12.409599299999996,8.550003045000011,66.572675,,,,,,,,,,,,,,,,,,-35.56999999999999,68.0,,,-6.599999999999994
Latvia,2018,23.15873094,-17.401915000000002,4.033844000000002,4.700004579999998,11.599998479999996,8.150001529999997,68.772514,,,,,,,,,,,,,,,,,,-37.828,,,,-4.799999999999997
Latvia,2019,,-16.622313000000002,3.871758,4.458564750000008,8.020759580000004,6.239662164999999,68.943939,,,,,,,,,,,,,,,,,,-30.636,38.0,,,-3.4000000000000057
Latvia,2020,,-17.388192999999998,3.284104000000013,4.600631710000002,10.291198730000003,7.445915220000018,70.046174,,,,,,,,,,,,,,,,,,-30.196,,-62.0,-34.72,-8.200000000000003
Latvia,2021,,-19.036919,4.596755999999999,5.046829219999992,13.231849670000004,9.139339445000005,71.34871,,,,,,,,,,,,,,,,,,-32.63999999999999,42.0,,,-10.0
Latvia,2022,22.68432828,-19.496307,3.201934999999992,3.930351250000001,12.780319210000002,8.355335230000009,70.829673,,,,,,,,,,,,,,,,,,-38.50200000000001,,,,-3.200000000000003
Latvia,2023,23.62953667,-18.24271393,3.353454590000013,4.133285519999987,9.01456451,6.573925015,69.598275,46.9,30.0,32.6,45.2,0.0,0.0,0.0,0.0,25.0,0.0,46.1,62.7,40.4,18.8,47.8,38.1,-2.2,-33.138000000000005,42.0,,,
Latvia,2024,,-19.62560462951661,2.90338134765625,3.399276730000011,13.71389769999999,8.556587214999993,69.357862,,,,,,,,,,,,,,,,,,-32.828,,,,
Lithuania,1970,,,,,,,,,,,,,,,,,,,,,,,,,,,,,
Lithuania,1971,,,,,,,,,,,,,,,,,,,,,,,,,,,,,
Lithuania,1972,,,,,,,,,,,,,,,,,,,,,,,,,,,,,
Lithuania,1973,,,,,,,,,,,,,,,,,,,,,,,,,,,,,
Lithuania,1974,,,,,,,,,,,,,,,,,,,,,,,,,,,,,
Lithuania,1975,,,,,,,,,,,,,,,,,,,,,,,,,,,,,
Lithuania,1976,,,,,,,,,,,,,,,,,,,,,,,,,,,,,
Lithuania,1977,,,,,,,,,,,,,,,,,,,,,,,,,,,,,
Lithuania,1978,,,,,,,,,,,,,,,,,,,,,,,,,,,,,
Lithuania,1979,,,,,,,,,,,,,,,,,,,,,,,,,,,,,
Lithuania,1980,,,,,,,,,,,,,,,,,,,,,,,,,,,,,
Lithuania,1981,,,,,,,,,,,,,,,,,,,,,,,,,,,,,
Lithuania,1982,,,,,,,,,,,,,,,,,,,,,,,,,,,,,
Lithuania,1983,,,,,,,,,,,,,,,,,,,,,,,,,,,,,
Lithuania,1984,,,,,,,,,,,,,,,,,,,,,,,,,,,,,
Lithuania,1985,,,,,,,,,,,,,,,,,,,,,,,,,,,,,
Lithuania,1986,,,,,,,,,,,,,,,,,,,,,,,,,,,,,
Lithuania,1987,,,,,,,,,,,,,,,,,,,,,,,,,,,,,
Lithuania,1988,,,,,,,,,,,,,,,,,,,,,,,,,,,,,
Lithuania,1989,,,,,,,,,,,,,,,,,,,,,,,,,,,,,
Lithuania,1990,,,,,,,,,,,,,,,,,,,,,,,,,,,,,
Lithuania,1991,,,,,,,,,,,,,,,,,,,,,,,,,,,,,
Lithuania,1992,,,,,,,,,,,,,,,,,,,,,,,,,,,,,
Lithuania,1993,,,,,,,,,,,,,,,,,,,,,,,,,,,,,
Lithuania,1994,,,,,,,,,,,,,,,,,,,,,,,,,,,,,
Lithuania,1995,,,,,,,34.304757,,,,,,,,,,,,,,,,,,,,,,
Lithuania,1996,,,,,,,35.421439,,,,,,,,,,,,,,,,,,,,,,
Lithuania,1997,,,,,,,37.524906,,,,,,,,,,,,,,,,,,,,,,
Lithuania,1998,,,,,,,39.740699,,,,,,,,,,,,,,,,,,-17.34944344,,,,
Lithuania,1999,,,,,,,38.589502,,,,,,,,,,,,,,,,,,-18.96979216,,,,
Lithuania,2000,,-9.43322,3.288993999999988,,,,38.866477,,,,,,,,,,,,,,,,,,-29.483283599999996,,,,
Lithuania,2001,,,,,,,41.447779,,,,,,,,,,,,,,,,,,-35.013768199999994,,,,
Lithuania,2002,18.94218686,,,,,,44.207226,,,,,,,,,,,,,,,,,,-26.361142619999995,78.8,,,
Lithuania,2003,,,,,,,48.59539,,,,,,,,,,,,,,,,,,-40.6048807,,,,
Lithuania,2004,,,,,,,51.0037,,,,,,,,,,,,,,,,,,-39.47906033999999,,,,
Lithuania,2005,,-7.437249999999999,8.199944000000002,,,,54.654409,,,,,,,,,,,,,,,,,,-47.96779886,,,,
Lithuania,2006,20.52158024,-8.361595000000001,6.852469999999997,,,,58.209522,,,,,,,,,,,,,,,,,,-41.61949846,,,,
Lithuania,2007,,-8.363985999999997,6.3757480000000015,,,,64.185121,,,,,,,,,,,,,,,,,,-41.72511362,,,,50.0
Lithuania,2008,,-9.733088,5.774116000000007,,,,66.764547,,,,,,,,,,,,,,,,,,-46.998341100000005,,,,51.6
Lithuania,2009,,-10.487089,-0.3281479999999988,,,,59.953966,,,,,,,,,,,,,,,,,,-43.812000000000005,,,,28.0
Lithuania,2010,16.44867264,-12.245212,-1.6065520000000078,,,,60.034975,,,,,,,,,,,,,,,,,,-39.38399999999999,,,,3.4000000000000057
Lithuania,2011,,-12.275415000000002,0.4860690000000005,,,,64.336306,,,,,,,,,,,,,,,,,,-32.392,,,-34.599999999999994,9.200000000000005
Lithuania,2012,,-12.935667,1.4641880000000072,,,,67.510047,,,,,,,,,,,,,,,,,,-35.298,51.0,,,12.200000000000005
Lithuania,2013,,-13.170519,2.3535540000000026,,,,70.131088,,,,,,,,,,,,,,,,,,-40.26400000000001,,,,8.799999999999997
Lithuania,2014,17.63493668,-12.383382,1.7918240000000054,,,,72.236404,,,,,,,,,,,,,,,,,,-38.400000000000006,,-22.0,,0.0
Lithuania,2015,,-13.807041000000002,1.9841530000000065,,,,73.494948,,,,,,,,,,,,,,,,,,-42.00200000000001,53.2,,,3.200000000000003
Lithuania,2016,,-15.301275,1.455192000000011,,,,75.403961,,,,,,,,,,,,,,,,,,-38.3,,,,3.200000000000003
Lithuania,2017,,-14.704014,0.7532119999999907,5.317699429999998,10.05091858,7.684309005000003,78.167612,,,,,,,,,,,,,,,,,,-36.088,57.4,,,-1.0
Lithuania,2018,16.73906321,-14.857929,2.347152999999992,2.900001520000004,6.0,4.450000759999995,81.267932,,,,,,,,,,,,,,,,,,-36.52799999999999,,,,5.599999999999994
Lithuania,2019,,-14.962834,1.674376999999993,2.19010926,4.430511469999999,3.3103103649999923,84.377406,,,,,,,,,,,,,,,,,,-32.452,57.4,,,-0.7999999999999972
Lithuania,2020,,-14.104526999999996,1.6384509999999892,2.5999984799999964,7.400001529999997,5.000000005000004,88.295548,,,,,,,,,,,,,,,,,,-28.95,,-30.0,-32.46000000000001,2.4000000000000057
Lithuania,2021,,-13.982565999999998,1.1076889999999937,1.7126693700000004,7.1530609200000015,4.432865144999994,88.768871,,,,,,,,,,,,,,,,,,-37.59,44.6,,,-4.400000000000006
Lithuania,2022,13.59680657,-15.568523,1.2494279999999949,0.9820709199999982,5.496482850000007,3.239276885000009,88.007559,,,,,,,,,,,,,,,,,,-47.0,,,,-7.400000000000006
Lithuania,2023,0.0,-16.48326874,2.1405639700000023,1.8090057400000037,7.184158329999988,4.496582034999989,86.165095,37.9,28.4,30.7,50.3,0.0,0.0,0.0,0.0,50.0,25.0,58.4,82.6,44.6,21.5,54.3,39.8,-2.0,-40.650000000000006,43.2,,,
Lithuania,2024,,-16.828964233398438,1.1320114135742188,2.283943170000001,10.486663820000004,6.385303495000002,87.002503,,,,,,,,,,,,,,,,,,-29.622000000000007,,,,
Luxembourg,1970,,,,,,,208.453658,,,,,,,,,,,,,,,,,,,,,,
Luxembourg,1971,,,,,,,207.054211,,,,,,,,,,,,,,,,,,,,,,
Luxembourg,1972,,,,,,,209.194748,,,,,,,,,,,,,,,,,,,,,,
Luxembourg,1973,,,,,,,213.468255,,,,,,,,,,,,,,,,,,,,,,
Luxembourg,1974,,,,,,,219.280067,,,,,,,,,,,,,,,,,,,,,,
Luxembourg,1975,,,,,,,203.758634,,,,,,,,,,,,,,,,,,,,,,
Luxembourg,1976,,,,,,,199.982292,,,,,,,,,,,,,,,,,,,,,,
Luxembourg,1977,,,,,,,197.329964,,,,,,,,,,,,,,,,,,,,,,
Luxembourg,1978,,,,,,,198.186617,,,,,,,,,,,,,,,,,,,,,,
Luxembourg,1979,,,,,,,196.637659,,,,,,,,,,,,,,,,,,,,,,
Luxembourg,1980,,,,,,,196.921669,,,,,,,,,,,,,,,,,,,,,,
Luxembourg,1981,,,,,,,192.699118,,,,,,,,,,,,,,,,,,,,,,
Luxembourg,1982,,,,,,,196.133881,,,,,,,,,,,,,,,,,,,,,,
Luxembourg,1983,,,,,,,197.726973,,,,,,,,,,,,,,,,,,-78.9548399,,,,
Luxembourg,1984,,,,,,,201.728923,,,,,,,,,,,,,,,,,,-75.86213405999999,,,,
Luxembourg,1985,,,,,,,201.192646,,,,,,,,,,,,,,,,,,-77.73465691999999,,,,
Luxembourg,1986,,,,,,,215.489626,,,,,,,,,,,,,,,,,,-73.88995327999999,,,,
Luxembourg,1987,,,,,,,216.302353,,,,,,,,,,,,,,,,,,-77.45270524,,,,
Luxembourg,1988,,,,,,,224.323932,,,,,,,,,,,,,,,,,,-79.01937668,,,,
Luxembourg,1989,,,,,,,236.918153,,,,,,,,,,,,,,,,,,-74.13094215999999,,,,
Luxembourg,1990,,,,,,,241.423963,,,,,,,,,,,,,,,,,,-74.76585664000001,,,,
Luxembourg,1991,,,,,,,257.200908,,,,,,,,,,,,,,,,,,-80.944112105,,,,
Luxembourg,1992,,,,,,,254.659092,,,,,,,,,,,,,,,,,,-73.42820542000001,,,,
Luxembourg,1993,,,,,,,259.860215,,,,,,,,,,,,,,,,,,-76.21612017999999,,,,
Luxembourg,1994,,,,,,,259.898984,,,,,,,,,,,,,,,,,,-76.87761688,,,,
Luxembourg,1995,,,,,,,255.211452,,,,,,,,,,,,,,,,,,-78.73163216,,,,
Luxembourg,1996,,,,,,,249.471547,,,,,,,,,,,,,,,,,,-74.64431153999999,,,,
Luxembourg,1997,,,,,,,252.087888,,,,,,,,,,,,,,,,,,-77.92173756,,,,
Luxembourg,1998,,,,,,,259.794319,,,,,,,,,,,,,,,,,,-74.14286582,,,,
Luxembourg,1999,,,,,,,270.066464,,,,,,,,,,,,,,,,,,-83.810899783,,,,
Luxembourg,2000,,5.072153000000002,28.418620999999995,26.19787979,22.908699030000008,24.55328941000001,275.687375,,,,,,,,,,,,,,,,,,-81.519491355,,,,
Luxembourg,2001,,,,23.23864746,25.10557938,24.17211342,279.125834,,,,,,,,,,,,,,,,,,-83.525074398,,,,
Luxembourg,2002,18.493816135,,,24.13039398,22.83095932,23.480676650000007,282.596298,,,,,,,,,,,,,,,,,,-80.61425976000001,66.6,,,
Luxembourg,2003,,,,21.013362879999995,23.689178469999995,22.351270674999995,282.47565,,,,,,,,,,,,,,,,,,-84.913498275,,,,
Luxembourg,2004,,,,19.874881740000006,19.717933659999996,19.796407700000003,283.004045,,,,,,,,,,,,,,,,,,-84.394869039,,,,
Luxembourg,2005,,4.833060999999997,22.216636,18.07737351,20.54072189,19.309047699999997,279.445666,,,,,,,,,,,,,,,,,,-86.32074073599999,,,,
Luxembourg,2006,13.705054581,3.401577000000003,20.998768000000005,15.880893709999995,18.839324950000005,17.360109330000007,284.731508,,,,,,,,,,,,,,,,,,-86.157460559,,,,
Luxembourg,2007,,2.765021000000001,18.122677,15.71493147999999,16.612960819999998,16.163946149999987,297.048514,,,,,,,,,,,,,,,,,,-87.831210825,,,,88.2
Luxembourg,2008,,3.43694,18.316555,16.708026890000006,14.87589263999999,15.791959765,292.002839,,,,,,,,,,,,,,,,,,-85.635859341,,,,86.2
Luxembourg,2009,,5.623357999999996,18.545365000000004,14.537868500000002,17.655372619999994,16.09662055999999,289.323666,,,,,,,,,,,,,,,,,,-65.96799999999999,,,,87.0
Luxembourg,2010,12.989724375,6.86195,18.484573,15.153369899999994,16.834220889999997,15.993795394999992,287.736306,,,,,,,,,,,,,,,,,,-70.858,,,,71.4
Luxembourg,2011,,4.9565509999999975,17.222960999999998,12.683296200000008,15.394157410000004,14.038726804999996,279.940524,,,,,,,,,,,,,,,,,,-66.68799999999999,,,,70.0
Luxembourg,2012,,5.672396999999997,15.360268000000003,11.699325559999998,14.944564819999997,13.321945189999994,275.961805,,,,,,,,,,,,,,,,,,-64.59800000000001,50.0,,,73.6
Luxembourg,2013,,2.484615000000005,14.728500999999994,11.012454990000002,15.487228390000013,13.24984169000001,274.473057,,,,,,,,,,,,,,,,,,-66.076,,,,59.0
Luxembourg,2014,8.9511924682,3.837440000000001,13.734939999999996,11.456073759999995,14.685356139999996,13.070714949999996,270.858515,,,,,,,,,,,,,,,,,,-63.894000000000005,,-30.0,,53.4
Luxembourg,2015,,-0.3984220000000036,11.511794999999992,8.692974090000007,11.74985504,10.221414565000003,266.346034,,,,,,,,,,,,,,,,,,-63.676,43.4,,,40.0
Luxembourg,2016,,0.2883110000000002,11.868774000000002,8.663627619999993,11.752548220000008,10.208087919999995,269.198365,,,,,,,,,,,,,,,,,,-60.50800000000001,,,,34.599999999999994
Luxembourg,2017,,-2.182777000000001,7.995307999999994,5.317699429999998,10.05091858,7.684309005000003,261.268725,,,,,,,,,,,,,,,,,,-67.982,43.4,,,29.8
Luxembourg,2018,3.2017430351,-1.3532179999999985,9.509254,6.700000760000002,7.899993899999998,7.299997330000011,255.830952,,,,,,,,,,,,,,,,,,-63.262,,,,37.2
Luxembourg,2019,,-3.366581000000004,8.623030999999997,7.874504090000002,10.16077423,9.017639160000002,254.655579,,,,,,,,,,,,,,,,,,-60.42,50.0,,,42.8
Luxembourg,2020,,-2.3031350000000046,7.665190999999993,3.799999230000005,9.0,6.399999615000013,260.902799,,,,,,,,,,,,,,,,,,-57.164,,-38.0,20.879999999999995,48.4
Luxembourg,2021,,-3.158248999999998,8.748122999999993,4.879341119999992,8.363067619999995,6.621204369999987,259.36412,,,,,,,,,,,,,,,,,,-48.99600000000001,36.6,,,43.8
Luxembourg,2022,-0.297029197,-2.1768500000000017,7.625548999999992,5.078071590000008,6.844688409999989,5.9613800000000055,244.681848,,,,,,,,,,,,,,,,,,-53.48599999999999,,,,53.4
Luxembourg,2023,,-2.451858520000002,7.024085999999997,5.131782539999989,8.592910769999989,6.862346654999996,237.822329,26.3,33.3,7.4,19.5,0.0,0.0,0.0,0.0,25.0,25.0,,,,,,,-1.8,-42.586000000000006,30.0,,,
Luxembourg,2024,,-3.62016677856446,5.6522216796875,2.4862747199999973,7.73065948,5.108467099999999,232.140614,,,,,,,,,,,,,,,,,,-49.648,,,,
Malta,1970,,,,,,,,,,,,,,,,,,,,,,,,,,,,,
Malta,1971,,,,,,,,,,,,,,,,,,,,,,,,,,,,,
Malta,1972,,,,,,,,,,,,,,,,,,,,,,,,,,,,,
Malta,1973,,,,,,,,,,,,,,,,,,,,,,,,,,,,,
Malta,1974,,,,,,,,,,,,,,,,,,,,,,,,,,,,,
Malta,1975,,,,,,,,,,,,,,,,,,,,,,,,,,,,,
Malta,1976,,,,,,,,,,,,,,,,,,,,,,,,,,,,,
Malta,1977,,,,,,,,,,,,,,,,,,,,,,,,,,,,,
Malta,1978,,,,,,,,,,,,,,,,,,,,,,,,,,,,,
Malta,1979,,,,,,,,,,,,,,,,,,,,,,,,,,,,,
Malta,1980,,,,,,,,,,,,,,,,,,,,,,,,,,,,,
Malta,1981,,,,,,,,,,,,,,,,,,,,,,,,,,,,,
Malta,1982,,,,,,,,,,,,,,,,,,,,,,,,,,,,,
Malta,1983,,,,,,,,,,,,,,,,,,,,,,,,,,,,,
Malta,1984,,,,,,,,,,,,,,,,,,,,,,,,,,,,,
Malta,1985,,,,,,,,,,,,,,,,,,,,,,,,,,,,,
Malta,1986,,,,,,,,,,,,,,,,,,,,,,,,,,,,,
Malta,1987,,,,,,,,,,,,,,,,,,,,,,,,,,,,,
Malta,1988,,,,,,,,,,,,,,,,,,,,,,,,,,,,,
Malta,1989,,,,,,,,,,,,,,,,,,,,,,,,,,,,,
Malta,1990,,,,,,,,,,,,,,,,,,,,,,,,,,,,,
Malta,1991,,,,,,,,,,,,,,,,,,,,,,,,,,,,,
Malta,1992,,,,,,,,,,,,,,,,,,,,,,,,,,,,,
Malta,1993,,,,,,,,,,,,,,,,,,,,,,,,,,,,,
Malta,1994,,,,,,,,,,,,,,,,,,,,,,,,,,,,,
Malta,1995,,,,,,,,,,,,,,,,,,,,,,,,,,,,,
Malta,1996,,,,,,,,,,,,,,,,,,,,,,,,,,,,,
Malta,1997,,,,,,,,,,,,,,,,,,,,,,,,,,,,,
Malta,1998,,,,,,,,,,,,,,,,,,,,,,,,,,,,,
Malta,1999,,,,,,,,,,,,,,,,,,,,,,,,,,,,,
Malta,2000,,,,,,,,,,,,,,,,,,,,,,,,,-26.53899198000001,,,,
Malta,2001,,,,,,,,,,,,,,,,,,,,,,,,,-31.68808892000001,,,,
Malta,2002,13.93863218,,,,,,,,,,,,,,,,,,,,,,,,-42.06676415999999,,,,
Malta,2003,,,,,,,,,,,,,,,,,,,,,,,,,-45.00368702,,,,
Malta,2004,,,,,,,,,,,,,,,,,,,,,,,,,-31.802738559999995,,,,
Malta,2005,,,,,,,,,,,,,,,,,,,,,,,,,-34.43192358,,,,
Malta,2006,12.59732971,,,,,,,,,,,,,,,,,,,,,,,,-36.74266854,,,,
Malta,2007,,,,,,,,,,,,,,,,,,,,,,,,,-50.73897066000001,,,,
Malta,2008,,,,,,,,,,,,,,,,,,,,,,,,,-53.14855118,,,,
Malta,2009,,,,,,,,,,,,,,,,,,,,,,,,,-47.25200000000001,,,,
Malta,2010,13.8620023,,,,,,,,,,,,,,,,,,,,,,,,-48.096,,,,
Malta,2011,,,,,,,,,,,,,,,,,,,,,,,,,-40.77199999999999,,,,
Malta,2012,,,,,,,,,,,,,,,,,,,,,,,,,-44.53,,,,
Malta,2013,,,,,,,,,,,,,,,,,,,,,,,,,-40.786,,,,
Malta,2014,16.16735459,,,,,,,,,,,,,,,,,,,,,,,,-46.832,,,,
Malta,2015,,,,,,,,,,,,,,,,,,,,,,,,,-49.24799999999999,,,,
Malta,2016,,,,,,,,,,,,,,,,,,,,,,,,,-44.018,,,,
Malta,2017,,,,,,,,,,,,,,,,,,,,,,,,,-47.318000000000005,,,,
Malta,2018,16.47227562,,,,,,,,,,,,,,,,,,,,,,,,-43.654,,,,
Malta,2019,,,,,,,,,,,,,,,,,,,,,,,,,-39.926,,,,
Malta,2020,,,,,,,,,,,,,,,,,,,,,,,,,-44.370000000000005,,,,
Malta,2021,,,,,,,,,,,,,,,,,,,,,,,,,-40.38,,,,
Malta,2022,8.747367957,,,,,,,,,,,,,,,,,,,,,,,,-48.51599999999999,,,,
Malta,2023,14.6514623,,,,,,,28.5,27.9,11.3,51.3,0.0,0.0,0.0,0.0,0.0,0.0,,,,,,,-2.8,-39.47800000000001,,,,
Malta,2024,,,,,,,,,,,,,,,,,,,,,,,,,-38.45400000000001,,,,
Mexico,1970,,,,,,,61.155356,,,,,,,,,,,,,,,,,,,,,,
Mexico,1971,,,,,,,60.154872,,,,,,,,,,,,,,,,,,,,,,
Mexico,1972,,,,,,,60.581533,,,,,,,,,,,,,,,,,,,,,,
Mexico,1973,,,,,,,60.548228,,,,,,,,,,,,,,,,,,,,,,
Mexico,1974,,,,,,,62.141062,,,,,,,,,,,,,,,,,,,,,,
Mexico,1975,,,,,,,63.974715,,,,,,,,,,,,,,,,,,,,,,
Mexico,1976,,,,,,,62.263461,,,,,,,,,,,,,,,,,,,,,,
Mexico,1977,,,,,,,60.888509,,,,,,,,,,,,,,,,,,,,,,
Mexico,1978,,,,,,,61.929909,,,,,,,,,,,,,,,,,,,,,,
Mexico,1979,,,,,,,63.880091,,,,,,,,,,,,,,,,,,,,,,
Mexico,1980,,,,,,,66.866991,,,,,,,,,,,,,,,,,,,,,,
Mexico,1981,,,,,,,70.119203,,,,,,,,,,,,,,,,,,,,,,
Mexico,1982,,,,,,,68.51641,,,,,,,,,,,,,,,,,,,,,,
Mexico,1983,,,,,,,62.768871,,,,,,,,,,,,,,,,,,,,,,
Mexico,1984,,,,,,,61.170812,,,,,,,,,,,,,,,,,,,,,,
Mexico,1985,,,,,,,59.804727,,,,,,,,,,,,,,,,,,,,,,
Mexico,1986,,,,,,,55.161874,,,,,,,,,,,,,,,,,,,,,,
Mexico,1987,,,,,,,53.513034,,,,,,,,,,,,,,,,,,,,,,
Mexico,1988,,,,,,,51.212088,,,,,,,,,,,,,,,,,,,,,,
Mexico,1989,,,,,,,50.825602,,,,,,,,,,,,,,,,,,,,,,
Mexico,1990,,,,,,,51.251456,,,,,,,,,,,,,,,,,,,,,,
Mexico,1991,,,,,,,52.153534,,,,,,,,,,,,,,,,,,,,,,
Mexico,1992,,,,,,,52.38734,,,,,,,,,,,,,,,,,,,,,,
Mexico,1993,,,,,,,52.892876,,,,,,,,,,,,,,,,,,,,,,
Mexico,1994,,,,,,,53.124751,,,,,,,,,,,,,,,,,,,,,,
Mexico,1995,,,,,,,48.328151,,,,,,,,,,,,,,,,,,-24.984782460000005,,,,
Mexico,1996,,,,,,,49.36057,,,,,,,,,,,,,,,,,,-27.002325979999995,,,,
Mexico,1997,,6.915475799999999,50.097583,,,,50.677397,,,,,,,,,,,,,,,,,,-30.28157408000001,,,,
Mexico,1998,,6.870103,49.892903,,,,51.964567,,,,,,,,,,,,,,,,,,-30.058098699999995,,,,
Mexico,1999,,6.018162,50.244289,,,,51.416457,,,,,,,,,,,,,,,,,,-32.94769674,,,,
Mexico,2000,,6.081072000000001,49.51565899999999,,,,51.60745,,,,,,,,,,,,,,,,,,-32.61400922000001,,,,
Mexico,2001,,6.266075000000001,49.423028,,,,50.415863,,,,,,,,,,,,,,,,,,-30.8284151,,,,
Mexico,2002,,5.703130999999999,48.129998,,,,49.240465,,,,,,,,,,,,,,,,,,-34.248954440000006,68.0,,,
Mexico,2003,,5.735906,47.950542000000006,,,,48.530532,,,,,,,,,,,,,,,,,,-34.12573242,,,,
Mexico,2004,,5.486980000000001,45.157367,,,,48.408542,,,,,,,,,,,,,,,,,,-33.03946268000001,,,,
Mexico,2005,17.19667911,4.474084,44.496052000000006,40.09023666,33.68021393,36.885225295,47.830684,,,,,,,,,,,,,,,,,,-24.75932734,,,,
Mexico,2006,12.62196336,4.091137999999999,43.317314,39.23573304000001,35.884456629999995,37.560094835,48.257827,,,,,,,,,,,,,,,,,,-24.22817344000001,,,,
Mexico,2007,11.66608383,4.127541000000001,42.404022000000005,38.180446620000005,40.39728928,39.28886795000001,47.661406,,,,,,,,,,,,,,,,,,-22.886983279999995,,,,
Mexico,2008,15.99391835,3.718665,41.568539,37.92026138000001,40.31344223,39.11685180500001,47.614862,,,,,,,,,,,,,,,,,,-20.639415119999995,,,,
Mexico,2009,7.454217419,3.528734,39.45190399999999,36.619026180000006,35.39826584,36.00864601000001,45.887476,,,,,,,,,,,,,,,,,,-18.988,,,,
Mexico,2010,12.64193058,3.126010000000001,39.10408,36.464099880000006,38.28664779999999,37.37537384,46.399484,,,,,,,,,,,,,,,,,,-18.574,,,,
Mexico,2011,11.87089114,2.903274000000001,38.574448,36.258941660000005,29.218647,32.738794330000005,46.743817,,,,,,,,,,,,,,,,,,-17.790000000000006,,,0.8199999999999932,
Mexico,2012,11.33222725,2.7200960000000016,37.938869,35.518024450000006,24.29002762,29.904026034999998,47.481926,,,,,,,,,,,,,,,,,,-17.427999999999997,26.40000000000001,,,
Mexico,2013,12.01276857,2.0144730000000006,37.348713,35.06033707,31.40995408,33.23514557499999,46.819097,,,,,,,,,,,,,,,,,,-17.415999999999997,,,,
Mexico,2014,11.65073354,2.028341000000001,38.327652,35.65742874,30.475406640000003,33.06641769000001,46.708056,,,,,,,,,,,,,,,,,,-17.861999999999995,,,,
Mexico,2015,11.95265257,2.1868549999999995,37.981636,35.13447952,31.55186844,33.34317398,46.505879,,,,,,,,,,,,,,,,,,-18.848,15.200000000000005,,,
Mexico,2016,11.78612838,2.093349,37.76968299999999,34.87826919,32.135917660000004,33.507093424999994,46.215553,,,,,,,,,,,,,,,,,,-19.53,,,,
Mexico,2017,11.20675933,2.176722999999999,38.435505000000006,35.14545822,28.08431626000001,31.614887240000016,45.566163,,,,,,,,,,,,,,,,,,-20.224000000000004,14.799999999999995,,,
Mexico,2018,11.3371818,1.6902659999999976,37.752586,34.50000381,31.39999771,32.95000076,45.097932,,,,,,,,,,,,,,,,,,-21.074,,,,
Mexico,2019,11.68756766,1.2713146209716797,35.659103393554695,33.05709457,27.77418899000001,30.41564178,43.850105,,,,,,,,,,,,,,,,,,-22.739999999999995,3.5999999999999943,,,
Mexico,2020,7.423936046,0.9948699999999988,34.870029,31.67690659,18.91337204,25.295139315,41.550957,,,,,,,,,,,,,,,,,,-17.715999999999994,,,-5.060000000000002,
Mexico,2021,9.935138875,1.2442210000000031,35.154407,32.50000381,26.799999230000005,29.65000152,41.21233,,,,,,,,,,,,,,,,,,-18.762,3.5999999999999943,,,
Mexico,2022,10.36108059,1.0577539999999992,34.298851,,,,41.354907,,,,,,,,,,,,,,,,,,-22.227999999999994,,,,
Mexico,2023,11.89279029,1.6455059099999971,33.41474914999999,30.54029426,23.204769549999995,26.872531904999995,41.95157,38.4,50.0,14.6,65.5,0.0,0.0,0.0,25.0,0.0,75.0,53.5,57.3,24.0,25.0,53.2,19.0,-4.0,-24.214,0.0,,,
Mexico,2024,12.49419477,0.7226448059082102,33.009029388427734,30.26023046000001,25.61018938000001,27.935209920000005,41.787255,,,,,,,,,,,,,,,,,,-23.806,,,,
Netherlands,1970,,,,,,,142.650201,,,,,,,,,,,,,,,,,,,,,,
Netherlands,1971,,,,,,,143.56217,,,,,,,,,,,,,,,,,,,,,,
Netherlands,1972,,,,,,,139.749269,,,,,,,,,,,,,,,,,,,,,,
Netherlands,1973,,,,,,,139.710433,,,,,,,,,,,,,,,,,,,,,,
Netherlands,1974,,,,,,,144.330516,,,,,,,,,,,,,,,,,,,,,,
Netherlands,1975,,,,,,,144.057856,,,,,,,,,,,,,,,,,,,,,,
Netherlands,1976,,,,,,,144.028192,,,,,,,,,,,,,,,,,,,,,,
Netherlands,1977,,,,,,,142.030565,,,,,,,,,,,,,,,,,,,,,,
Netherlands,1978,,,,,,,139.652731,,,,,,,,,,,,,,,,,,,,,,
Netherlands,1979,,,,,,,137.529011,,,,,,,,,,,,,,,,,,,,,,
Netherlands,1980,,,,,,,140.422578,,,,,,,,,,,,,,,,,,,,,,
Netherlands,1981,,,,,,,136.511029,,,,,,,,,,,,,,,,,,,,,,
Netherlands,1982,,,,,,,135.142999,,,,,,,,,,,,,,,,,,,,,,
Netherlands,1983,,,,,,,134.535346,,,,,,,,,,,,,,,,,,-60.792804460000006,,,,
Netherlands,1984,,,,,,,132.819428,,,,,,,,,,,,,,,,,,,,,,
Netherlands,1985,,,,,,,131.816404,,,,,,,,,,,,,,,,,,-59.966820180000006,,,,
Netherlands,1986,,,,,,,131.837857,,,,,,,,,,,,,,,,,,,,,,
Netherlands,1987,,,,,,,129.745502,,,,,,,,,,,,,,,,,,-40.926065740000006,,,,
Netherlands,1988,,,,,,,128.592765,,,,,,,,,,,,,,,,,,-41.220140060000006,,,,
Netherlands,1989,,,,,,,129.682912,,,,,,,,,,,,,,,,,,-42.93374948,,,,
Netherlands,1990,,5.760183000000001,36.07077,,,,131.318134,,,,,,,,,,,,,,,,,,-42.79690972,,,,
Netherlands,1991,,5.973980000000001,34.04198400000001,,,,132.631825,,,,,,,,,,,,,,,,,,-42.66089636000001,,,,
Netherlands,1992,,5.967468999999998,32.411831,,,,131.972116,,,,,,,,,,,,,,,,,,-53.206987940000005,,,,
Netherlands,1993,,,,,,,131.794,,,,,,,,,,,,,,,,,,-55.109577900000005,,,,
Netherlands,1994,,6.217888000000002,27.641231,,,,131.842313,,,,,,,,,,,,,,,,,,-55.688462560000005,,,,
Netherlands,1995,,5.99307,26.583755000000004,,,,132.792167,,,,,,,,,,,,,,,,,,-54.53499388,,,,
Netherlands,1996,,,,,,,133.382422,,,,,,,,,,,,,,,,,,-56.76467761999999,,,,
Netherlands,1997,,,,,,,134.31581,,,,,,,,,,,,,,,,,,-57.09460279999999,,,,
Netherlands,1998,,6.219444000000003,24.298508,,,,136.680213,,,,,,,,,,,,,,,,,,-54.13720581999999,,,,
Netherlands,1999,,,,,,,139.034788,,,,,,,,,,,,,,,,,,-56.51011074,,,,
Netherlands,2000,,5.519102,22.143681000000008,17.83969116,20.80187988000001,19.32078552,139.125302,,,,,,,,,,,,,,,,,,-54.49896912,,,,
Netherlands,2001,,5.134533000000001,21.043236000000007,17.26751709,17.10399246,17.185754774999992,140.340928,,,,,,,,,,,,,,,,,,-54.5975053,,,,
Netherlands,2002,21.24396438,4.857059000000003,19.500130000000013,16.31394958,20.07571411,18.194831845,138.590064,,,,,,,,,,,,,,,,,,-54.35806253999999,32.0,,,
Netherlands,2003,,5.227201000000001,18.039841,15.229454039999991,18.604949950000005,16.917201995,136.183855,,,,,,,,,,,,,,,,,,-54.07868538,,,,
Netherlands,2004,,5.110226999999998,17.239311999999998,13.79590607,20.06842422,16.932165145,134.909896,,,,,,,,,,,,,,,,,,-54.4554666,,,,
Netherlands,2005,,5.155570000000001,16.293289,12.76953888,19.017868040000003,15.893703459999998,134.395623,,,,,,,,,,,,,,,,,,-54.93011161999999,,,,
Netherlands,2006,20.52515912,4.101292999999998,15.73810499999999,12.631622319999993,19.111843109999995,15.871732714999991,135.594095,,,,,,,,,,,,,,,,,,-54.42663311999999,,,,
Netherlands,2007,,4.146765000000002,15.239745999999997,11.555549619999994,17.509532929999992,14.532541275,137.877323,,,,,,,,,,,,,,,,,,-53.8469494,,,,64.8
Netherlands,2008,,4.075388,14.49192099999999,11.226547240000002,18.627353670000005,14.926950454999997,140.733199,,,,,,,,,,,,,,,,,,-53.89423708000001,,,,49.0
Netherlands,2009,,3.5146629999999988,13.54915600000001,10.11493682999999,18.01135636,14.063146594999992,140.66106,,,,,,,,,,,,,,,,,,-52.388000000000005,,,,56.0
Netherlands,2010,20.0003367,3.6839010000000014,13.312470000000005,10.263854980000003,15.365432739999996,12.814643860000004,138.441668,,,,,,,,,,,,,,,,,,-53.208,,,,48.6
Netherlands,2011,,2.734064000000004,12.543007000000005,9.567962649999998,15.24629212,12.40712738500001,138.191205,,,,,,,,,,,,,,,,,,-53.862,,,,47.8
Netherlands,2012,,2.251773,11.927939999999992,8.908889770000002,15.711872099999994,12.310380935000012,135.287995,,,,,,,,,,,,,,,,,,-52.886,22.599999999999994,,,47.4
Netherlands,2013,,1.1929820000000009,11.954467000000008,8.719383239999999,16.00600815,12.362695695,133.383348,,,,,,,,,,,,,,,,,,-50.87200000000001,,,,45.2
Netherlands,2014,17.54622162,0.1039579999999986,12.806693999999991,9.162460330000002,16.748550419999994,12.955505375,132.955075,,,,,,,,,,,,,,,,,,-49.95,,-12.0,,40.6
Netherlands,2015,,-0.0777819999999991,12.56680999999999,8.433120729999999,18.25392533,13.34352303,132.54948,,,,,,,,,,,,,,,,,,-49.51400000000001,25.40000000000001,,,38.4
Netherlands,2016,,-0.8304679999999962,12.525535999999988,8.382972719999998,14.730289460000009,11.55663109000001,133.381366,,,,,,,,,,,,,,,,,,-50.54599999999999,,,,36.6
Netherlands,2017,,-1.676720000000003,12.078239999999994,7.725357049999999,14.896022799999995,11.310689924999991,133.42131,,,,,,,,,,,,,,,,,,-49.61000000000001,24.0,,,32.8
Netherlands,2018,13.17621138,-2.130810000000004,11.751548999999995,7.5,15.80000305,11.650001524999992,133.296172,,,,,,,,,,,,,,,,,,-48.72,,,,31.200000000000003
Netherlands,2019,,-1.1998409999999993,10.678955000000002,7.402870180000008,13.585395820000002,10.494133000000003,133.98557,,,,,,,,,,,,,,,,,,-48.120000000000005,37.4,,,25.40000000000001
Netherlands,2020,,-1.7075960000000023,10.334471999999993,6.152191160000001,11.539726260000007,8.84595871000002,133.942908,,,,,,,,,,,,,,,,,,-47.636,,-20.0,-1.7600000000000051,23.40000000000001
Netherlands,2021,,-1.4987099999999955,9.687416,5.393218989999994,13.207092279999998,9.30015563500001,133.737356,,,,,,,,,,,,,,,,,,-46.706,33.400000000000006,,,20.200000000000003
Netherlands,2022,9.200373171,-2.093558999999999,8.887557999999999,5.878814699999992,12.477851869999997,9.178333284999994,135.609055,,,,,,,,,,,,,,,,,,-44.03,,,,17.200000000000003
Netherlands,2023,10.12519213,-3.324764250000001,8.585609439999999,6.002906800000005,10.690856939999987,8.346881870000004,132.068123,26.2,40.7,13.7,25.9,0.0,0.0,0.0,0.0,25.0,0.0,5.1,52.2,6.6,2.9,14.3,6.6,-1.2999999999999998,-43.832,18.599999999999994,,,
Netherlands,2024,,-3.936439514160156,8.477821350097656,5.602516170000001,11.207260129999996,8.40488814999999,131.061324,,,,,,,,,,,,,,,,,,-44.458,,,,
New Zealand,1970,,,,,,,119.822562,,,,,,,,,,,,,,,,,,,,,,
New Zealand,1971,,,,,,,119.583647,,,,,,,,,,,,,,,,,,,,,,
New Zealand,1972,,,,,,,118.576236,,,,,,,,,,,,,,,,,,,,,,
New Zealand,1973,,,,,,,119.403779,,,,,,,,,,,,,,,,,,,,,,
New Zealand,1974,,,,,,,123.845246,,,,,,,,,,,,,,,,,,,,,,
New Zealand,1975,,,,,,,120.18938,,,,,,,,,,,,,,,,,,,,,,
New Zealand,1976,,,,,,,115.610886,,,,,,,,,,,,,,,,,,,,,,
New Zealand,1977,,,,,,,107.688008,,,,,,,,,,,,,,,,,,,,,,
New Zealand,1978,,,,,,,104.390962,,,,,,,,,,,,,,,,,,,,,,
New Zealand,1979,,,,,,,103.379125,,,,,,,,,,,,,,,,,,,,,,
New Zealand,1980,,,,,,,104.185487,,,,,,,,,,,,,,,,,,,,,,
New Zealand,1981,,,38.818257,,,,107.139477,,,,,,,,,,,,,,,,,,,,,,
New Zealand,1982,,,,,,,108.002351,,,,,,,,,,,,,,,,,,,,,,
New Zealand,1983,,,,,,,107.982635,,,,,,,,,,,,,,,,,,,,,,
New Zealand,1984,0.0,,,,,,107.742436,,,,,,,,,,,,,,,,,,,,,,
New Zealand,1985,0.0,,,,,,105.944443,,,,,,,,,,,,,,,,,,,,,,
New Zealand,1986,0.0,,,,,,99.624572,,,,,,,,,,,,,,,,,,-63.7795271,,,,
New Zealand,1987,0.0,,,,,,97.756763,,,,,,,,,,,,,,,,,,-62.6357168,,,,
New Zealand,1988,0.0,,,,,,96.052929,,,,,,,,,,,,,,,,,,-61.890802320000006,,,,
New Zealand,1989,0.0,,,,,,93.1951,,,,,,,,,,,,,,,,,,-59.13658336,,,,
New Zealand,1990,0.0,,21.943394,,,,90.826124,,,,,,,,,,,,,,,,,,-57.95335846,,,,
New Zealand,1991,0.0,,20.238777,,,,85.474956,,,,,,,,,,,,,,,,,,-52.67586698,,,,
New Zealand,1992,0.0,,19.877934000000003,,,,84.481989,,,,,,,,,,,,,,,,,,-51.40310352,,,,
New Zealand,1993,0.0,,,,,,88.265783,,,,,,,,,,,,,,,,,,-52.052117460000005,,,,
New Zealand,1994,0.0,,19.437225999999995,,,,90.039395,,,,,,,,,,,,,,,,,,-54.36863242,,,,
New Zealand,1995,0.0,,19.822318999999997,,,,90.485871,,,,,,,,,,,,,,,,,,-52.37529662,,,,
New Zealand,1996,0.0,,,,,,89.913908,,,,,,,,,,,,,,,,,,-53.52811517999999,,,,
New Zealand,1997,17.21637314,,18.93342600000001,,,,89.00318,,,,,,,,,,,,,,,,,,-51.08724871999999,,,,
New Zealand,1998,15.4956683,,18.304496,,,,87.485993,,,,,,,,,,,,,,,,,,-50.820539880000005,,,,
New Zealand,1999,13.94190543,,16.858429,,,,89.211561,,,,,,,,,,,,,,,,,,-49.595617,,,,
New Zealand,2000,11.91762833,,17.601569999999995,,,,87.709556,,,,,,,,,,,,,,,,,,-49.14984138,,,,
New Zealand,2001,13.74680266,,16.530884,14.555557249999993,17.205089570000005,15.880323409999988,89.709908,,,,,,,,,,,,,,,,,,-50.2970806,,,,
New Zealand,2002,12.63624866,,16.985496000000012,14.398994439999996,17.12836837999999,15.763681410000004,91.773827,,,,,,,,,,,,,,,,,,-48.61248752,41.6,,,
New Zealand,2003,13.24231646,,16.069947,13.509468080000005,15.132270809999994,14.320869445,92.987848,,,,,,,,,,,,,,,,,,-50.39254181999999,,,,
New Zealand,2004,13.87901527,,16.611159999999998,13.532424919999997,17.64094162,15.586683269999996,92.267292,,,,,,,,,,,,,,,,,,-50.69812258,,,,
New Zealand,2005,15.73653731,,15.806410999999995,13.055564880000006,17.093212129999998,15.074388505000002,92.120282,,,,,,,,,,,,,,,,,,-53.26215930000001,,,,
New Zealand,2006,12.61164262,,15.946617000000003,13.121459959999996,16.639030450000007,14.880245205000008,90.897387,,,,,,,,,,,,,,,,,,-52.89612232,,,,
New Zealand,2007,13.99990901,,15.59661899999999,12.00675201,17.400588990000003,14.703670500000015,91.631728,,,,,,,,,,,,,,,,,,-50.00000041999999,,,,
New Zealand,2008,13.53097262,,14.363754,11.222976689999996,16.797264100000007,14.010120395,89.915369,,,,,,,,,,,,,,,,,,-50.08096187999999,,,,
New Zealand,2009,13.96139056,,13.091117999999994,10.760246269999996,15.706069939999992,13.233158104999989,94.63622,,,,,,,,,,,,,,,,,,-48.418000000000006,,,,
New Zealand,2010,12.62333688,,13.842606000000004,10.52791596,15.627639769999988,13.077777864999987,92.302722,,,,,,,,,,,,,,,,,,-48.288,,,,
New Zealand,2011,11.8145974,,13.653976,10.535438539999989,14.24767304000001,12.391555790000012,92.572839,,,,,,,,,,,,,,,,,,-50.614,,,,
New Zealand,2012,11.80540387,,12.78292900000001,10.02207184000001,12.50389862,11.262985229999998,93.779716,,,,,,,,,,,,,,,,,,-52.06399999999999,35.599999999999994,,,
New Zealand,2013,12.02213977,,13.711311999999992,9.088493350000007,12.646179200000006,10.867336275000014,93.569859,,,,,,,,,,,,,,,,,,-51.668000000000006,,,,
New Zealand,2014,12.75637653,-5.697598000000006,14.271042000000008,8.915596010000002,12.684638980000004,10.800117494999997,93.811973,,,,,,,,,,,,,,,,,,-49.21000000000001,,,,
New Zealand,2015,13.14092896,-6.046816999999997,13.558868000000004,8.700004579999998,13.900001520000004,11.30000305,93.87875,,,,,,,,,,,,,,,,,,-49.988,37.2,,,
New Zealand,2016,12.47871852,-5.457424000000003,12.357856999999996,8.542068479999998,13.605003350000004,11.073535914999994,94.210621,,,,,,,,,,,,,,,,,,-47.43000000000001,,,,
New Zealand,2017,11.12164297,-5.520130000000002,12.196861000000013,,,,94.294331,,,,,,,,,,,,,,,,,,-47.932,31.599999999999994,,,
New Zealand,2018,11.85687881,-5.795524,11.867180000000005,7.5,13.099998479999996,10.299999239999991,94.629059,,,,,,,,,,,,,,,,,,-48.126000000000005,,,,
New Zealand,2019,10.35003018,-5.712688,11.212531999999996,6.684120179999994,12.02159881,9.352859495000004,94.289061,,,,,,,,,,,,,,,,,,-47.892,20.0,,,
New Zealand,2020,8.105947243,-6.407097,11.653817000000004,7.580131530000003,12.4165802,9.998355864999994,97.302629,,,,,,,,,,,,,,,,,,-45.132000000000005,,,,
New Zealand,2021,8.165548098,-6.482447999999998,10.126160000000011,6.595726010000007,11.360580439999993,8.978153225,95.997895,,,,,,,,,,,,,,,,,,-45.582,3.4000000000000057,,,
New Zealand,2022,8.254219409,-7.378971,9.981467999999992,6.242355350000011,10.578880310000002,8.410617830000007,96.872835,,,,,,,,,,,,,,,,,,-46.330000000000005,,,,
New Zealand,2023,7.336287543,-7.551242828369141,9.523147583007812,6.41876984000001,9.39124298,7.905006409999999,94.751293,40.0,50.4,,34.5,0.0,0.0,0.0,0.0,25.0,25.0,7.2,74.0,6.5,4.9,17.5,6.0,-1.7999999999999998,-45.172,0.0,,,
New Zealand,2024,8.909002354,-8.168304443359382,8.830352783203125,5.207122799999993,9.550025939999998,7.3785743699999955,91.987848,,,,,,,,,,,,,,,,,,-43.05199999999999,,,,
Norway,1970,,,,,,,120.649116,,,,,,,,,,,,,,,,,,,,,,
Norway,1971,,,,,,,123.650677,,,,,,,,,,,,,,,,,,,,,,
Norway,1972,,,,,,,124.004474,,,,,,,,,,,,,,,,,,,,,,
Norway,1973,,,,,,,122.623101,,,,,,,,,,,,,,,,,,,,,,
Norway,1974,,,,,,,126.492825,,,,,,,,,,,,,,,,,,,,,,
Norway,1975,,,,,,,132.753716,,,,,,,,,,,,,,,,,,,,,,
Norway,1976,,,,,,,134.511998,,,,,,,,,,,,,,,,,,,,,,
Norway,1977,,,,,,,135.804379,,,,,,,,,,,,,,,,,,,,,,
Norway,1978,,,,,,,135.812927,,,,,,,,,,,,,,,,,,,,,,
Norway,1979,,,,,,,137.288171,,,,,,,,,,,,,,,,,,,,,,
Norway,1980,,,,,,,142.657392,,,,,,,,,,,,,,,,,,,,,,
Norway,1981,,4.227541999999998,26.181495,,,,142.518477,,,,,,,,,,,,,,,,,,,,,,
Norway,1982,,,,,,,143.327968,,,,,,,,,,,,,,,,,,,,,,
Norway,1983,,,,,,,145.452974,,,,,,,,,,,,,,,,,,,,,,
Norway,1984,,,,,,,147.900503,,,,,,,,,,,,,,,,,,,,,,
Norway,1985,,,,,,,151.243786,,,,,,,,,,,,,,,,,,,,,,
Norway,1986,,,,,,,153.433221,,,,,,,,,,,,,,,,,,,,,,
Norway,1987,,,,,,,151.013826,,,,,,,,,,,,,,,,,,,,,,
Norway,1988,,,,,,,144.509223,,,,,,,,,,,,,,,,,,,,,,
Norway,1989,,4.735506000000001,15.119361999999995,,,,141.23185,,,,,,,,,,,,,,,,,,-67.74193548,,,,
Norway,1990,,,,,,,140.409841,,,,,,,,,,,,,,,,,,-65.35796766000001,,,,
Norway,1991,,4.091949,12.296600999999995,,,,143.154371,,,,,,,,,,,,,,,,,,-64.22018348,,,,
Norway,1992,,3.801107000000002,11.598251000000005,,,,145.338097,,,,,,,,,,,,,,,,,,-62.01372998,,,,
Norway,1993,,,,,,,147.571027,,,,,,,,,,,,,,,,,,-61.55606408,,,,
Norway,1994,,2.003633999999998,10.517455999999996,,,,150.650799,,,,,,,,,,,,,,,,,,-61.29032258000001,,,,
Norway,1995,,0.9368149999999992,10.665101000000009,,,,153.272457,,,,,,,,,,,,,,,,,,-61.45124716000001,,,,
Norway,1996,,,,,,,156.275793,,,,,,,,,,,,,,,,,,-59.47712418,,,,
Norway,1997,14.58812701,,,,,,158.89199,,,,,,,,,,,,,,,,,,-60.26200874,,,,
Norway,1998,14.6883006,,,,,,158.670127,,,,,,,,,,,,,,,,,,-59.13978494,,,,
Norway,1999,14.7601476,,,,,,156.789555,,,,,,,,,,,,,,,,,,-57.510729620000006,,,,
Norway,2000,14.52492212,,,8.097740169999994,12.920989989999995,10.50936507999998,155.645335,,,,,,,,,,,,,,,,,,-54.04814003999999,,,,
Norway,2001,14.47711202,,,7.546348570000006,10.136047360000006,8.84119796500002,156.987873,,,,,,,,,,,,,,,,,,-52.08791208,,,,
Norway,2002,13.92582225,,,5.897270200000008,10.627044679999996,8.26215744000001,156.951497,,,,,,,,,,,,,,,,,,-54.85327314,27.200000000000003,,,
Norway,2003,13.82582176,,,5.96867370999999,16.520324700000003,11.244499204999997,155.339364,,,,,,,,,,,,,,,,,,-52.91479820000001,,,,
Norway,2004,13.33551769,,,5.86494445999999,10.960609430000003,8.41277694499999,156.525931,,,,,,,,,,,,,,,,,,-50.55187638000001,,,,
Norway,2005,13.24041812,-5.470303000000001,7.103653000000008,6.246208190000004,11.226974490000003,8.73659133999999,156.235879,,,,,,,,,,,,,,,,,,-51.38083678000001,,,,
Norway,2006,13.21839081,-6.237141000000001,7.606093999999999,5.962646490000012,12.24253082,9.102588655000003,154.96585,,,,,,,,,,,,,,,,,,-49.17232116,,,,
Norway,2007,13.49885845,-6.445055,6.943458000000007,5.463699339999991,8.767082220000006,7.115390780000013,154.85114,,,,,,,,,,,,,,,,,,-48.012723300000005,,,,30.0
Norway,2008,13.8292159,-7.827750999999999,6.286056000000002,5.0508880600000055,9.231254570000004,7.141071315000005,154.203628,,,,,,,,,,,,,,,,,,-45.89938914,,,,34.8
Norway,2009,13.3975026,-8.548054,5.078140000000005,4.557113649999991,8.777755729999996,6.667434689999993,155.693689,,,,,,,,,,,,,,,,,,-44.696,,,,30.8
Norway,2010,12.82243927,-7.628349999999997,4.739884000000004,4.722068790000009,9.671936029999998,7.19700241000001,151.335592,,,,,,,,,,,,,,,,,,-44.02000000000001,,,,29.40000000000001
Norway,2011,12.69573597,-8.449231000000005,5.544509999999988,3.8913040199999926,6.784317020000003,5.337810519999991,148.827032,,,,,,,,,,,,,,,,,,-44.756,,,-38.5,30.0
Norway,2012,11.70014012,-9.329254,5.506354999999999,4.020240779999995,9.894493100000004,6.957366939999986,149.704893,,,,,,,,,,,,,,,,,,-41.30799999999999,20.8,,,22.599999999999994
Norway,2013,12.05035971,-10.244918999999996,5.350318999999999,3.347167970000001,9.720031730000002,6.533599850000002,147.782286,,,,,,,,,,,,,,,,,,-41.358,,,,21.200000000000003
Norway,2014,11.52920586,-8.552078000000002,5.379333000000003,3.2022170999999986,10.306633000000003,6.754425049999995,146.828701,,,,,,,,,,,,,,,,,,-42.312000000000005,,20.0,,21.0
Norway,2015,13.04806071,-8.775967000000001,5.034362999999999,3.222496039999996,10.048736569999988,6.635616304999999,145.155095,,,,,,,,,,,,,,,,,,-38.816,20.8,,,32.8
Norway,2016,12.28033473,-9.470028000000006,4.131501,3.0561065599999893,10.94235992,6.999233239999995,143.762143,,,,,,,,,,,,,,,,,,-38.036,,,,32.8
Norway,2017,11.44739551,-9.225464000000002,4.336517000000001,3.076499939999991,8.826416019999996,5.951457980000001,143.090325,,,,,,,,,,,,,,,,,,-37.97399999999999,20.8,,,32.8
Norway,2018,10.91091091,-9.233360000000005,5.510818999999998,3.4000015299999973,9.099998470000005,6.25,140.854094,,,,,,,,,,,,,,,,,,-39.06999999999999,,,,28.0
Norway,2019,10.61895551,-10.488354,5.635902999999999,3.5585250900000034,9.89543915,6.726982120000002,139.924009,,,,,,,,,,,,,,,,,,-36.37200000000001,18.40000000000001,,,28.40000000000001
Norway,2020,10.71023801,-11.640785,5.113472000000002,4.0,6.5,5.25,143.618626,,,,,,,,,,,,,,,,,,-33.512,,10.0,-39.97999999999999,30.599999999999994
Norway,2021,10.36044195,-11.098228,5.534851000000003,3.185844430000003,9.071487419999997,6.128665924999993,140.178643,,,,,,,,,,,,,,,,,,-32.944,11.200000000000005,,,20.599999999999994
Norway,2022,10.53086633,-11.989880000000008,6.641707999999994,3.681831360000004,9.76282501,6.722328185000009,139.828945,,,,,,,,,,,,,,,,,,-30.392,,,,17.200000000000003
Norway,2023,9.772466852,-13.139759070000004,5.508010859999999,3.166999820000001,8.491523740000005,5.82926178000001,136.878901,34.0,45.0,,11.8,0.0,0.0,0.0,0.0,25.0,0.0,29.0,57.1,8.0,4.2,26.1,10.9,-0.7000000000000002,-29.056000000000004,7.599999999999994,,,
Norway,2024,9.959602237,-14.04962921142578,4.376396179199233,3.777732849999993,6.375465390000002,5.076599119999997,136.81021,,,,,,,,,,,,,,,,,,-27.904,,,,
OECD,1970,,,,,,,100.0,,,,,,,,,,,,,,,,,,,,,,
OECD,1971,,,,,,,100.0,,,,,,,,,,,,,,,,,,,,,,
OECD,1972,,,,,,,100.0,,,,,,,,,,,,,,,,,,,,,,
OECD,1973,,,,,,,100.0,,,,,,,,,,,,,,,,,,,,,,
OECD,1974,,,,,,,100.0,,,,,,,,,,,,,,,,,,,,,,
OECD,1975,,,,,,,100.0,,,,,,,,,,,,,,,,,,,,,,
OECD,1976,,,,,,,100.0,,,,,,,,,,,,,,,,,,-43.45064339999999,,,,
OECD,1977,,,,,,,100.0,,,,,,,,,,,,,,,,,,-43.18236912,,,,
OECD,1978,,,,,,,100.0,,,,,,,,,,,,,,,,,,-43.96977251999999,,,,
OECD,1979,,,,,,,100.0,,,,,,,,,,,,,,,,,,-40.560573680000005,,,,
OECD,1980,,,,,,,100.0,,,,,,,,,,,,,,,,,,-40.53238886,,,,
OECD,1981,,,,,,,100.0,,,,,,,,,,,,,,,,,,-41.02359641999999,,,,
OECD,1982,,,,,,,100.0,,,,,,,,,,,,,,,,,,-40.12432034,,,,
OECD,1983,,,,,,,100.0,,,,,,,,,,,,,,,,,,-54.15878192,,,,
OECD,1984,,,,,,,100.0,,,,,,,,,,,,,,,,,,-53.70644134,,,,
OECD,1985,,,,,,,100.0,,,,,,,,,,,,,,,,,,-53.17599544000001,,,,
OECD,1986,,,,,,,100.0,,,,,,,,,,,,,,,,,,-52.55165904,,,,
OECD,1987,,,,,,,100.0,,,,,,,,,,,,,,,,,,-51.91527562,,,,
OECD,1988,,,,,,,100.0,,,,,,,,,,,,,,,,,,-51.01879532000001,,,,
OECD,1989,,,,,,,100.0,,,,,,,,,,,,,,,,,,-51.166734700000006,,,,
OECD,1990,,,,,,,100.0,,,,,,,,,,,,,,,,,,-50.82241432000001,,,,
OECD,1991,,,,,,,100.0,,,,,,,,,,,,,,,,,,-51.41144471999999,,,,
OECD,1992,,,,,,,100.0,,,,,,,,,,,,,,,,,,-50.46707581999999,,,,
OECD,1993,,,,,,,100.0,,,,,,,,,,,,,,,,,,-49.66771036,,,,
OECD,1994,,,,,,,100.0,,,,,,,,,,,,,,,,,,-50.67538882,,,,
OECD,1995,21.6182460433735,,25.08529099999999,,,,100.0,,,,,,,,,,,,,,,,,,-48.16332358,,,,
OECD,1996,21.5282104018597,,,,,,100.0,,,,,,,,,,,,,,,,,,-48.76167928000001,,,,
OECD,1997,21.4330731564902,,23.923666999999995,,,,100.0,,,,,,,,,,,,,,,,,,-47.33250846000001,,,,
OECD,1998,21.3428587570748,2.0820690000000006,23.39484400000001,,,,100.0,,,,,,,,,,,,,,,,,,-46.84310833999999,,,,
OECD,1999,21.1667427651198,1.8470650000000008,22.618241999999995,,,,100.0,,,,,,,,,,,,,,,,,,-46.94630722,,,,
OECD,2000,21.0310919486435,0.7326070000000016,20.954824,,,,100.0,,,,,,,,,,,,,,,,,,-46.951611500000006,,,,
OECD,2001,21.2692604832356,0.9523030000000006,21.518245,,,,100.0,,,,,,,,,,,,,,,,,,-46.60690944000001,,,,
OECD,2002,20.6967126360751,0.3349200000000003,20.244364000000004,,,,100.0,,,,,,,,,,,,,,,,,,-47.56625936,,,,
OECD,2003,20.2479623688052,-0.1524019999999986,18.867763,,,,100.0,,,,,,,,,,,,,,,,,,-47.824927,,,,
OECD,2004,19.8107894188586,-0.0993189999999977,18.664648000000007,,,,100.0,,,,,,,,,,,,,,,,,,-47.66115948000001,,,,
OECD,2005,19.611257375172,-0.9690919999999998,17.720257000000004,,,,100.0,,,,,,,,,,,,,,,,,,-46.96567942,,,,
OECD,2006,19.06671342225,-1.4257540000000013,17.651268,,,,100.0,,,,,,,,,,,,,,,,,,-46.472367420000005,,,,
OECD,2007,19.1272192209449,-1.9254599999999973,17.234449000000012,,,,100.0,,,,,,,,,,,,,,,,,,-46.379101600000006,,,,
OECD,2008,19.233913965945,-2.4321749999999973,16.722843999999995,,,,100.0,,,,,,,,,,,,,,,,,,-45.42201005999999,,,,
OECD,2009,18.3643847486736,-2.941231000000002,15.157414000000005,,,,100.0,,,,,,,,,,,,,,,,,,-44.108,,,,
OECD,2010,17.9192453893639,-3.318104999999999,14.636184999999998,,,,100.0,,,,,,,,,,,,,,,,,,-43.344,,,,
OECD,2011,17.7986949311872,,,,,,100.0,,,,,,,,,,,,,,,,,,-42.370000000000005,,,,
OECD,2012,17.8142253158374,,,,,,100.0,,,,,,,,,,,,,,,,,,-42.694,,,,
OECD,2013,17.6560960746688,,,,,,100.0,,,,,,,,,,,,,,,,,,-41.794,,,,
OECD,2014,17.2222126164496,,,,,,100.0,,,,,,,,,,,,,,,,,,-41.99000000000001,,,,
OECD,2015,16.7491662952014,,,,,,100.0,,,,,,,,,,,,,,,,,,-41.946,,,,
OECD,2016,16.2032416021357,,,,,,100.0,,,,,,,,,,,,,,,,,,-42.00800000000001,,,,
OECD,2017,15.7827994267344,,,,,,100.0,,,,,,,,,,,,,,,,,,-42.38999999999999,,,,
OECD,2018,15.8460815852246,,,,,,100.0,,,,,,,,,,,,,,,,,,-42.226,,,,
OECD,2019,15.288246455215,,,,,,100.0,,,,,,,,,,,,,,,,,,-41.28399999999999,,,,
OECD,2020,13.8696789953009,-7.139475731329839,12.18239438438951,,,,100.0,,,,,,,,,,,,,,,,,,-38.854000000000006,,,,
OECD,2021,13.8096906247288,-7.494817400057414,12.09983203995327,,,,100.0,,,,,,,,,,,,,,,,,,-38.69800000000001,,,,
OECD,2022,13.7692370960105,-7.845469090868498,12.041066913079533,,,,100.0,,,,,,,,,,,,,,,,,,-39.166,,,,
OECD,2023,13.7362741767237,-8.0882475053942,11.31213915025866,,,,100.0,32.4,32.5,15.2,48.2,1.3,0.0,0.0,3.9,34.9,28.3,22.7,63.6,22.0,17.8,32.9,18.4,-2.0,-39.02600000000001,,,,
OECD,2024,,-7.602717535836348,10.937035478864402,,,,100.0,,,,,,,,,,,,,,,,,,-37.71600000000001,,,,
Peru,1970,,,,,,,,,,,,,,,,,,,,,,,,,,,,,
Peru,1971,,,,,,,,,,,,,,,,,,,,,,,,,,,,,
Peru,1972,,,,,,,,,,,,,,,,,,,,,,,,,,,,,
Peru,1973,,,,,,,,,,,,,,,,,,,,,,,,,,,,,
Peru,1974,,,,,,,,,,,,,,,,,,,,,,,,,,,,,
Peru,1975,,,,,,,,,,,,,,,,,,,,,,,,,,,,,
Peru,1976,,,,,,,,,,,,,,,,,,,,,,,,,,,,,
Peru,1977,,,,,,,,,,,,,,,,,,,,,,,,,,,,,
Peru,1978,,,,,,,,,,,,,,,,,,,,,,,,,,,,,
Peru,1979,,,,,,,,,,,,,,,,,,,,,,,,,,,,,
Peru,1980,,,,,,,,,,,,,,,,,,,,,,,,,,,,,
Peru,1981,,,,,,,,,,,,,,,,,,,,,,,,,,,,,
Peru,1982,,,,,,,,,,,,,,,,,,,,,,,,,,,,,
Peru,1983,,,,,,,,,,,,,,,,,,,,,,,,,,,,,
Peru,1984,,,,,,,,,,,,,,,,,,,,,,,,,,,,,
Peru,1985,,,,,,,,,,,,,,,,,,,,,,,,,,,,,
Peru,1986,,,,,,,,,,,,,,,,,,,,,,,,,,,,,
Peru,1987,,,,,,,,,,,,,,,,,,,,,,,,,,,,,
Peru,1988,,,,,,,,,,,,,,,,,,,,,,,,,,,,,
Peru,1989,,,,,,,,,,,,,,,,,,,,,,,,,,,,,
Peru,1990,,,,,,,,,,,,,,,,,,,,,,,,,,,,,
Peru,1991,,,,,,,,,,,,,,,,,,,,,,,,,,,,,
Peru,1992,,,,,,,,,,,,,,,,,,,,,,,,,,,,,
Peru,1993,,,,,,,,,,,,,,,,,,,,,,,,,,,,,
Peru,1994,,,,,,,,,,,,,,,,,,,,,,,,,,,,,
Peru,1995,,,,,,,,,,,,,,,,,,,,,,,,,,,,,
Peru,1996,,,,,,,,,,,,,,,,,,,,,,,,,,,,,
Peru,1997,,,,,,,,,,,,,,,,,,,,,,,,,,,,,
Peru,1998,,,,,,,,,,,,,,,,,,,,,,,,,,,,,
Peru,1999,,,,,,,,,,,,,,,,,,,,,,,,,,,,,
Peru,2000,,,,,,,,,,,,,,,,,,,,,,,,,,,,,
Peru,2001,,,,,,,,,,,,,,,,,,,,,,,,,,,,,
Peru,2002,,,,,,,,,,,,,,,,,,,,,,,,,,,,,
Peru,2003,,,,,,,,,,,,,,,,,,,,,,,,,,,,,
Peru,2004,,,,,,,,,,,,,,,,,,,,,,,,,,,,,
Peru,2005,,,,,,,,,,,,,,,,,,,,,,,,,,,,,
Peru,2006,,,,,,,,,,,,,,,,,,,,,,,,,,,,,
Peru,2007,,,,,,,,,,,,,,,,,,,,,,,,,,,,,
Peru,2008,,,,,,,,,,,,,,,,,,,,,,,,,,,,,
Peru,2009,,,,,,,,,,,,,,,,,,,,,,,,,,,,,
Peru,2010,21.1202138,,,,,,,,,,,,,,,,,,,,,,,,,,,,
Peru,2011,22.68999147,,,,,,,,,,,,,,,,,,,,,,,,,,,,
Peru,2012,21.1081095,,,,,,,,,,,,,,,,,,,,,,,,,,,,
Peru,2013,18.55386014,,,,,,,,,,,,,,,,,,,,,,,,,,,,
Peru,2014,18.13587827,,,,,,,,,,,,,,,,,,,,,,,,,,,,
Peru,2015,16.68759257,,,,,,,,,,,,,,,,,,,,,,,,,,,,
Peru,2016,16.28083826,1.286985399999999,20.15301513,,,,,,,,,,,,,,,,,,,,,,,,,,
Peru,2017,17.09254866,,,,,,,,,,,,,,,,,,,,,,,,,,,,
Peru,2018,17.79234032,,,,,,,,,,,,,,,,,,,,,,,,,,,,
Peru,2019,,,,,,,,,,,,,,,,,,,,,,,,,,,,,
Peru,2020,7.973324626,,,,,,,,,,,,,,,,,,,,,,,,,,,,
Peru,2021,10.87830826,,,,,,,,,,,,,,,,,,,,,,,,,,,,
Peru,2022,15.6534879,1.0316200256347656,20.12354278564453,,,,,,,,,,,,,,,,,,,,,,,,,,
Peru,2023,,0.3828582763671875,20.197036743164062,,,,,34.5,40.0,19.9,82.3,0.0,0.0,0.0,0.0,0.0,25.0,26.3,60.3,16.6,24.5,44.9,13.4,-3.6,,,,,
Peru,2024,,0.5060539245605398,20.65665435791016,,,,,,,,,,,,,,,,,,,,,,,,,,
Poland,1970,,,,,,,,,,,,,,,,,,,,,,,,,,,,,
Poland,1971,,,,,,,,,,,,,,,,,,,,,,,,,,,,,
Poland,1972,,,,,,,,,,,,,,,,,,,,,,,,,,,,,
Poland,1973,,,,,,,,,,,,,,,,,,,,,,,,,,,,,
Poland,1974,,,,,,,,,,,,,,,,,,,,,,,,,,,,,
Poland,1975,,,,,,,,,,,,,,,,,,,,,,,,,,,,,
Poland,1976,,,,,,,,,,,,,,,,,,,,,,,,,,,,,
Poland,1977,,,,,,,,,,,,,,,,,,,,,,,,,,,,,
Poland,1978,,,,,,,,,,,,,,,,,,,,,,,,,,,,,
Poland,1979,,,,,,,,,,,,,,,,,,,,,,,,,,,,,
Poland,1980,0.0,,,,,,,,,,,,,,,,,,,,,,,,,,,,
Poland,1981,0.0,,,,,,,,,,,,,,,,,,,,,,,,,,,,
Poland,1982,0.0,,,,,,,,,,,,,,,,,,,,,,,,,,,,
Poland,1983,0.0,,,,,,,,,,,,,,,,,,,,,,,,,,,,
Poland,1984,0.0,,,,,,,,,,,,,,,,,,,,,,,,,,,,
Poland,1985,0.0,,,,,,,,,,,,,,,,,,,,,,,,,,,,
Poland,1986,0.0,,,,,,,,,,,,,,,,,,,,,,,,,,,,
Poland,1987,0.0,,,,,,,,,,,,,,,,,,,,,,,,,,,,
Poland,1988,0.0,,,,,,,,,,,,,,,,,,,,,,,,,,,,
Poland,1989,0.0,,,,,,,,,,,,,,,,,,,,,,,,,,,,
Poland,1990,0.0,,,,,,40.068004,,,,,,,,,,,,,,,,,,,,,,
Poland,1991,0.0,,,,,,36.955341,,,,,,,,,,,,,,,,,,,,,,
Poland,1992,0.0,,,,,,37.281786,,,,,,,,,,,,,,,,,,,,,,
Poland,1993,0.0,,,,,,38.366695,,,,,,,,,,,,,,,,,,,,,,
Poland,1994,0.0,,,,,,39.451555,,,,,,,,,,,,,,,,,,,,,,
Poland,1995,23.67354303,-3.2819730000000007,14.418789000000004,,,,41.400386,,,,,,,,,,,,,,,,,,,,,,
Poland,1996,20.78112079,,,,,,42.839577,,,,,,,,,,,,,,,,,,,,,,
Poland,1997,0.0,-0.2244189999999992,16.106513999999997,,,,44.238773,,,,,,,,,,,,,,,,,,-22.22419612,,,,
Poland,1998,19.35080889,-1.0722900000000006,15.92320999999999,,,,45.292489,,,,,,,,,,,,,,,,,,-24.32273954,,,,
Poland,1999,20.04138769,-1.235380000000001,13.870350000000007,,,,46.245692,,,,,,,,,,,,,,,,,,-22.455473999999995,,,,
Poland,2000,0.0,-2.198708,14.614165999999996,,11.298309330000002,11.298309330000002,46.821879,,,,,,,,,,,,,,,,,,-23.45958168,,,,
Poland,2001,18.15518079,-2.529445000000001,13.696402999999997,,10.993526460000004,10.993526460000004,47.086375,,,,,,,,,,,,,,,,,,-29.473939980000004,,,,
Poland,2002,16.87463918,-2.806287000000001,12.664775000000006,,11.780548099999995,11.780548099999995,47.593208,,,,,,,,,,,,,,,,,,-33.766233760000006,59.6,,,
Poland,2003,0.0,-2.8619860000000017,12.416709999999997,,11.573398590000004,11.573398590000004,48.642201,,,,,,,,,,,,,,,,,,-36.2360151,,,,
Poland,2004,16.37865331,-3.2577890000000007,12.775332999999996,12.238227849999994,13.93960952,13.088918684999996,49.833261,,,,,,,,,,,,,,,,,,-35.25701247999999,,,,
Poland,2005,0.0,-4.212456000000001,14.369717,12.690605170000005,11.72611809,12.208361630000006,50.382452,,,,,,,,,,,,,,,,,,-36.71274962,,,,
Poland,2006,17.83943134,-4.381353000000001,15.129074000000005,13.257038119999995,15.03502083,14.146029475,52.262819,,,,,,,,,,,,,,,,,,-37.60066074,,,,
Poland,2007,0.0,-5.281096000000002,15.258724999999998,13.498058319999991,23.07889175,18.288475035,54.757346,,,,,,,,,,,,,,,,,,-37.04044768,,,,13.400000000000006
Poland,2008,18.67627711,-5.823148,16.104961000000003,13.961723320000004,13.73880768,13.850265500000006,57.355603,,,,,,,,,,,,,,,,,,-39.48113910000001,,,,20.8
Poland,2009,0.0,-6.695488000000001,15.383434,13.943393710000002,16.956520079999997,15.449956895,61.31511,,,,,,,,,,,,,,,,,,-41.428,,,,19.200000000000003
Poland,2010,15.02376211,-7.01803,14.310616000000003,13.592628480000007,18.08728409,15.839956285,61.945498,,,,,,,,,,,,,,,,,,-38.25399999999999,,,,22.40000000000001
Poland,2011,0.0,-7.606169999999999,14.755741,13.758312230000008,13.399974829999998,13.579143530000003,64.234667,,,,,,,,,,,,,,,,,,-38.51400000000001,,,-16.840000000000003,18.40000000000001
Poland,2012,16.68722081,-8.107195,14.565002000000009,13.560398099999992,15.11240386,14.336400979999992,64.691934,,,,,,,,,,,,,,,,,,-39.852,52.6,,,17.799999999999997
Poland,2013,0.0,-8.544386,14.666084000000003,13.724018100000002,13.204353329999996,13.464185714999992,64.471456,,,,,,,,,,,,,,,,,,-39.97,,,,17.599999999999994
Poland,2014,17.05092877,-8.89771,14.440905999999998,13.515747070000003,16.244701390000003,14.88022423000001,66.006872,,,,,,,,,,,,,,,,,,-38.524,,,,23.40000000000001
Poland,2015,,-9.768453999999998,13.857445000000006,13.391220099999998,22.431476590000003,17.911348344999993,67.637784,,,,,,,,,,,,,,,,,,-38.494,45.2,,,19.200000000000003
Poland,2016,15.60896203,-10.526598,14.123137999999996,13.726737970000002,14.821487430000005,14.274112700000003,68.874305,,,,,,,,,,,,,,,,,,-39.94,,,,7.400000000000006
Poland,2017,,-10.827872,14.65174900000001,14.032344819999992,9.591926579999992,11.812135699999985,70.891839,,,,,,,,,,,,,,,,,,-43.06999999999999,44.0,,,1.7999999999999972
Poland,2018,24.73436089,-11.368434,14.57867499999999,13.799999239999998,12.0,12.899999620000004,74.032514,,,,,,,,,,,,,,,,,,-41.59,,,,4.799999999999997
Poland,2019,,-11.489943,15.767409999999998,14.27089309,16.90557099,15.588232039999994,76.589454,,,,,,,,,,,,,,,,,,-41.332,41.8,,,9.599999999999994
Poland,2020,12.78280174,-11.975914,15.97800500000001,14.100616450000004,21.75267792,17.926647184999993,80.1123,,,,,,,,,,,,,,,,,,-41.152,,,-21.239999999999995,9.599999999999994
Poland,2021,,-12.39547538757324,14.030075073242188,13.416656500000002,11.63300323,12.524829865,81.321317,,,,,,,,,,,,,,,,,,-41.13999999999999,43.4,,,9.599999999999994
Poland,2022,14.92986741,-12.949308000000002,12.954300000000003,12.153175349999998,16.767082220000006,14.460128784999997,81.664998,,,,,,,,,,,,,,,,,,-42.108,,,,12.0
Poland,2023,17.3603569,-13.35395813,12.064094550000007,11.03217316,21.53050232000001,16.281337739999998,81.328647,43.3,28.3,27.8,61.0,0.0,0.0,0.0,0.0,75.0,100.0,17.4,44.1,30.3,23.5,51.4,21.7,-2.0000000000000004,-44.158,43.4,,,
Poland,2024,,-13.357498168945312,12.106727600097656,10.573493959999992,16.277732849999992,13.425613405000009,83.033246,,,,,,,,,,,,,,,,,,-45.018,,,,
Portugal,1970,,,,,,,69.615598,,,,,,,,,,,,,,,,,,,,,,
Portugal,1971,,,,,,,73.133273,,,,,,,,,,,,,,,,,,,,,,
Portugal,1972,,,,,,,75.904442,,,,,,,,,,,,,,,,,,,,,,
Portugal,1973,,,,,,,80.387101,,,,,,,,,,,,,,,,,,,,,,
Portugal,1974,,,,,,,80.073041,,,,,,,,,,,,,,,,,,,,,,
Portugal,1975,,,,,,,74.141935,,,,,,,,,,,,,,,,,,,,,,
Portugal,1976,,,,,,,74.111498,,,,,,,,,,,,,,,,,,,,,,
Portugal,1977,,,,,,,75.374026,,,,,,,,,,,,,,,,,,,,,,
Portugal,1978,,,,,,,74.102436,,,,,,,,,,,,,,,,,,,,,,
Portugal,1979,,,,,,,75.266756,,,,,,,,,,,,,,,,,,,,,,
Portugal,1980,,,,,,,77.635147,,,,,,,,,,,,,,,,,,,,,,
Portugal,1981,,,,,,,77.17668,,,,,,,,,,,,,,,,,,,,,,
Portugal,1982,,,,,,,78.88715,,,,,,,,,,,,,,,,,,,,,,
Portugal,1983,,,,,,,76.774099,,,,,,,,,,,,,,,,,,,,,,
Portugal,1984,,,,,,,72.190307,,,,,,,,,,,,,,,,,,,,,,
Portugal,1985,,,,,,,71.968958,,,,,,,,,,,,,,,,,,,,,,
Portugal,1986,,,,,,,73.326515,,,,,,,,,,,,,,,,,,-48.18093578,,,,
Portugal,1987,,,,,,,75.943743,,,,,,,,,,,,,,,,,,-49.43213816,,,,
Portugal,1988,,,,,,,78.931848,,,,,,,,,,,,,,,,,,-50.44595691999999,,,,
Portugal,1989,,,,,,,81.868543,,,,,,,,,,,,,,,,,,-53.290966520000005,,,,
Portugal,1990,,,,,,,83.598185,,,,,,,,,,,,,,,,,,-49.16518919999999,,,,
Portugal,1991,,,,,,,86.966975,,,,,,,,,,,,,,,,,,-51.16167806000001,,,,
Portugal,1992,,,,,,,86.695394,,,,,,,,,,,,,,,,,,-53.6829759,,,,
Portugal,1993,,,,,,,84.257958,,,,,,,,,,,,,,,,,,-53.46813331999999,,,,
Portugal,1994,,-1.8732215000000012,22.23274600000001,,,,82.946954,,,,,,,,,,,,,,,,,,-49.47532853999999,,,,
Portugal,1995,,-2.237361,20.760372,,,,84.681685,,,,,,,,,,,,,,,,,,-60.06560035999999,,,,
Portugal,1996,,,,,,,85.196934,,,,,,,,,,,,,,,,,,-54.707526040000005,,,,
Portugal,1997,,,,,,,85.981931,,,,,,,,,,,,,,,,,,-56.1517537,,,,
Portugal,1998,,-2.5209665,20.720196,,,,87.723832,,,,,,,,,,,,,,,,,,-52.933045840000005,,,,
Portugal,1999,,-2.0938296000000003,18.711440999999997,,,,88.358245,,,,,,,,,,,,,,,,,,-50.44983544,,,,
Portugal,2000,,-2.462632000000001,17.549499999999995,15.368244169999995,10.304199209999991,12.836221690000002,88.087064,,,,,,,,,,,,,,,,,,-56.60504368,,,,
Portugal,2001,,-3.181575,17.134293,14.84455871,12.77406311,13.809310910000008,88.567059,,,,,,,,,,,,,,,,,,-54.8325536,,,,
Portugal,2002,21.38754866,-4.1319631,16.566765000000004,14.862831110000002,12.075675960000012,13.469253535000009,88.001373,,,,,,,,,,,,,,,,,,-50.01993347999999,61.8,,,
Portugal,2003,,-4.2227245,15.170158,13.026206970000004,10.68773652,11.856971744999996,85.66568,,,,,,,,,,,,,,,,,,-50.91038108000001,,,,
Portugal,2004,,-4.486814000000001,13.859558000000009,12.27610016,14.627090449999995,13.451595305000012,84.769511,,,,,,,,,,,,,,,,,,-51.2085362,,,,
Portugal,2005,,-4.324546999999999,12.870064,11.26847076,10.008949279999996,10.63871001999999,83.449782,,,,,,,,,,,,,,,,,,-52.62471292000001,,,,
Portugal,2006,11.48833251,-4.335089999999999,13.313767,11.316856390000012,7.926979059999994,9.621917725000005,82.621406,,,,,,,,,,,,,,,,,,-48.43922864000001,,,,
Portugal,2007,,-5.226805999999998,13.214837000000005,10.68030548,9.441734320000007,10.061019899999993,82.917299,,,,,,,,,,,,,,,,,,-46.62927632,,,,27.40000000000001
Portugal,2008,,-5.550625,12.844268999999995,10.61047363,10.649566650000011,10.630020140000012,83.349503,,,,,,,,,,,,,,,,,,-52.9018365,,,,39.0
Portugal,2009,,-5.348202000000001,11.193366999999997,9.46321868999999,10.82107544,10.142147065000003,84.124194,,,,,,,,,,,,,,,,,,-69.46199999999999,,,,25.0
Portugal,2010,13.73516094,-6.282871999999999,10.440986999999993,8.547409049999999,7.117835990000003,7.832622520000001,83.527847,,,,,,,,,,,,,,,,,,-58.82599999999999,,,,23.8
Portugal,2011,,-5.391300000000001,8.944983999999991,8.945243829999995,6.765449530000012,7.855346679999997,80.887168,,,,,,,,,,,,,,,,,,-42.56,,,-17.739999999999995,22.0
Portugal,2012,,-5.840139000000001,7.142944,7.787979120000003,5.597953799999999,6.692966459999994,77.330635,,,,,,,,,,,,,,,,,,-37.22999999999999,42.6,,,22.599999999999994
Portugal,2013,,-7.656273,6.810287000000002,6.950233449999999,5.07200623,6.011119840000006,76.150566,,,,,,,,,,,,,,,,,,-40.452,,,,21.0
Portugal,2014,15.11411798,-8.58181190490723,7.3727874755859375,6.817993169999994,6.701850889999989,6.759922029999984,75.922641,,,,,,,,,,,,,,,,,,-41.2,,-16.0,,20.0
Portugal,2015,,-8.466072082519531,6.907493591308594,6.324737549999995,7.578720090000004,6.95172882,75.907604,,,,,,,,,,,,,,,,,,-45.23599999999999,30.40000000000001,,,14.799999999999995
Portugal,2016,,-8.50354194641113,6.703941345214844,6.793968199999995,6.179077140000004,6.486522669999999,76.661813,,,,,,,,,,,,,,,,,,-50.864,,,,16.400000000000006
Portugal,2017,,-9.28743934631347,7.500587463378906,6.36925506,6.387298580000007,6.378276819999996,77.662646,,,,,,,,,,,,,,,,,,-63.834,30.40000000000001,,,15.599999999999994
Portugal,2018,10.9078357,-10.104585647583,6.869041442871094,5.8000030599999945,6.400001520000004,6.100002289999992,78.613758,,,,,,,,,,,,,,,,,,-65.874,,,,5.0
Portugal,2019,,-9.10802841186523,6.971717834472656,5.35303497999999,7.122581479999994,6.237808229999999,79.732114,,,,,,,,,,,,,,,,,,-62.56399999999999,28.599999999999994,,,7.799999999999997
Portugal,2020,,-9.869375228881832,6.046142578125,4.703117370000001,8.458969120000006,6.581043245000018,76.312616,,,,,,,,,,,,,,,,,,-62.794,,-24.0,-22.44,-1.0
Portugal,2021,,-11.075124740600591,5.859062194824219,4.898757939999996,5.650619500000005,5.27468872,75.908424,,,,,,,,,,,,,,,,,,-61.354000000000006,20.0,,,-1.5999999999999943
Portugal,2022,8.390569453,-10.488618850707995,6.02996826171875,4.396278379999998,6.421051030000001,5.4086647049999925,78.709994,,,,,,,,,,,,,,,,,,-56.334,,,,-6.599999999999994
Portugal,2023,9.347191552,-9.30352020263672,5.849113464355469,4.096221920000005,7.30678558000001,5.701503750000015,79.467393,35.6,37.0,14.0,55.2,0.0,0.0,0.0,0.0,50.0,0.0,,,16.8,17.9,46.1,11.2,-1.7999999999999998,-57.458,27.8,,,
Portugal,2024,,-10.2790412902832,6.234138488769531,4.46908569,6.9119033800000125,5.690494534999999,79.335281,,,,,,,,,,,,,,,,,,-51.67,,,,
Romania,1970,,,,,,,,,,,,,,,,,,,,,,,,,,,,,
Romania,1971,,,,,,,,,,,,,,,,,,,,,,,,,,,,,
Romania,1972,,,,,,,,,,,,,,,,,,,,,,,,,,,,,
Romania,1973,,,,,,,,,,,,,,,,,,,,,,,,,,,,,
Romania,1974,,,,,,,,,,,,,,,,,,,,,,,,,,,,,
Romania,1975,,,,,,,,,,,,,,,,,,,,,,,,,,,,,
Romania,1976,,,,,,,,,,,,,,,,,,,,,,,,,,,,,
Romania,1977,,,,,,,,,,,,,,,,,,,,,,,,,,,,,
Romania,1978,,,,,,,,,,,,,,,,,,,,,,,,,,,,,
Romania,1979,,,,,,,,,,,,,,,,,,,,,,,,,,,,,
Romania,1980,,,,,,,,,,,,,,,,,,,,,,,,,,,,,
Romania,1981,,,,,,,,,,,,,,,,,,,,,,,,,,,,,
Romania,1982,,,,,,,,,,,,,,,,,,,,,,,,,,,,,
Romania,1983,,,,,,,,,,,,,,,,,,,,,,,,,,,,,
Romania,1984,,,,,,,,,,,,,,,,,,,,,,,,,,,,,
Romania,1985,,,,,,,,,,,,,,,,,,,,,,,,,,,,,
Romania,1986,,,,,,,,,,,,,,,,,,,,,,,,,,,,,
Romania,1987,,,,,,,,,,,,,,,,,,,,,,,,,,,,,
Romania,1988,,,,,,,,,,,,,,,,,,,,,,,,,,,,,
Romania,1989,,,,,,,,,,,,,,,,,,,,,,,,,,,,,
Romania,1990,,,,,,,,,,,,,,,,,,,,,,,,,,,,,
Romania,1991,,,,,,,,,,,,,,,,,,,,,,,,,,,,,
Romania,1992,,,,,,,,,,,,,,,,,,,,,,,,,,,,,
Romania,1993,,,,,,,,,,,,,,,,,,,,,,,,,,,,,
Romania,1994,,,,,,,,,,,,,,,,,,,,,,,,,,,,,
Romania,1995,,,,,,,,,,,,,,,,,,,,,,,,,,,,,
Romania,1996,,,,,,,,,,,,,,,,,,,,,,,,,,,,,
Romania,1997,,,,,,,,,,,,,,,,,,,,,,,,,,,,,
Romania,1998,,,,,,,,,,,,,,,,,,,,,,,,,,,,,
Romania,1999,,,,,,,,,,,,,,,,,,,,,,,,,,,,,
Romania,2000,,,,,,,,,,,,,,,,,,,,,,,,,-24.43560468,,,,
Romania,2001,,,,,,,,,,,,,,,,,,,,,,,,,-22.557931999999997,,,,
Romania,2002,15.43268443,,,,,,,,,,,,,,,,,,,,,,,,-22.72138396,,,,
Romania,2003,,,,,,,,,,,,,,,,,,,,,,,,,-21.06844076,,,,
Romania,2004,,,,,,,,,,,,,,,,,,,,,,,,,-18.66920164,,,,
Romania,2005,,,,,,,,,,,,,,,,,,,,,,,,,-18.348336759999995,,,,
Romania,2006,6.298465104,,,,,,,,,,,,,,,,,,,,,,,,-21.662129699999998,,,,
Romania,2007,,,,,,,,,,,,,,,,,,,,,,,,,-24.28019282,,,,29.599999999999994
Romania,2008,,,,,,,,,,,,,,,,,,,,,,,,,-23.79347014,,,,15.200000000000005
Romania,2009,,,,,,,,,,,,,,,,,,,,,,,,,-19.53400000000001,,,,20.8
Romania,2010,9.220076062,,,,,,,,,,,,,,,,,,,,,,,,-18.226,,,,38.4
Romania,2011,,,,,,,,,,,,,,,,,,,,,,,,,-23.203999999999997,,,-4.480000000000004,-18.200000000000003
Romania,2012,,,,,,,,,,,,,,,,,,,,,,,,,-19.25,77.6,,,-3.200000000000003
Romania,2013,,,,,,,,,,,,,,,,,,,,,,,,,-21.510000000000005,,,,-0.4000000000000057
Romania,2014,4.929929257,,,,,,,,,,,,,,,,,,,,,,,,-23.138000000000005,,,,-4.799999999999997
Romania,2015,,-1.5007449999999984,17.8908,,,,,,,,,,,,,,,,,,,,,,-13.909999999999997,,,,-3.4000000000000057
Romania,2016,,,,,,,,,,,,,,,,,,,,,,,,,-13.093999999999994,,,,-6.799999999999997
Romania,2017,,,,,,,,,,,,,,,,,,,,,,,,,-17.092,58.6,,,-3.799999999999997
Romania,2018,2.736090659,,,,,,,,,,,,,,,,,,,,,,,,-23.726,,,,0.7999999999999972
Romania,2019,,-2.534423828125,19.33422470092773,,,,,,,,,,,,,,,,,,,,,,-19.587999999999997,58.6,,,-7.0
Romania,2020,,,,,,,,,,,,,,,,,,,,,,,,,-19.764,,,-6.719999999999999,-8.599999999999994
Romania,2021,,-3.2564579999999985,20.484944,,,,,,,,,,,,,,,,,,,,,,-1.808000000000007,63.0,,,-7.799999999999997
Romania,2022,2.333869788,-3.8313694,18.76029205,,,,,,,,,,,,,,,,,,,,,,-1.0019999999999951,,,,-0.4000000000000057
Romania,2023,3.952273407,-3.974479670000001,19.3324089,,,,,35.0,19.1,17.2,49.7,0.0,0.0,0.0,0.0,25.0,25.0,23.0,36.3,40.3,39.8,36.0,36.5,-2.3999999999999995,8.668000000000006,61.8,,,
Romania,2024,,-4.291326522827152,18.51820373535156,,,,,,,,,,,,,,,,,,,,,,10.433999999999996,,,,
Slovak Republic,1970,,,,,,,,,,,,,,,,,,,,,,,,,,,,,
Slovak Republic,1971,,,,,,,,,,,,,,,,,,,,,,,,,,,,,
Slovak Republic,1972,,,,,,,,,,,,,,,,,,,,,,,,,,,,,
Slovak Republic,1973,,,,,,,,,,,,,,,,,,,,,,,,,,,,,
Slovak Republic,1974,,,,,,,,,,,,,,,,,,,,,,,,,,,,,
Slovak Republic,1975,,,,,,,,,,,,,,,,,,,,,,,,,,,,,
Slovak Republic,1976,,,,,,,,,,,,,,,,,,,,,,,,,,,,,
Slovak Republic,1977,,,,,,,,,,,,,,,,,,,,,,,,,,,,,
Slovak Republic,1978,,,,,,,,,,,,,,,,,,,,,,,,,,,,,
Slovak Republic,1979,,,,,,,,,,,,,,,,,,,,,,,,,,,,,
Slovak Republic,1980,,,,,,,,,,,,,,,,,,,,,,,,,,,,,
Slovak Republic,1981,,,,,,,,,,,,,,,,,,,,,,,,,,,,,
Slovak Republic,1982,,,,,,,,,,,,,,,,,,,,,,,,,,,,,
Slovak Republic,1983,,,,,,,,,,,,,,,,,,,,,,,,,,,,,
Slovak Republic,1984,,,,,,,,,,,,,,,,,,,,,,,,,,,,,
Slovak Republic,1985,,,,,,,,,,,,,,,,,,,,,,,,,,,,,
Slovak Republic,1986,,,,,,,,,,,,,,,,,,,,,,,,,,,,,
Slovak Republic,1987,,,,,,,,,,,,,,,,,,,,,,,,,,,,,
Slovak Republic,1988,,,,,,,,,,,,,,,,,,,,,,,,,,,,,
Slovak Republic,1989,,,,,,,,,,,,,,,,,,,,,,,,,,,,,
Slovak Republic,1990,,,,,,,,,,,,,,,,,,,,,,,,,,,,,
Slovak Republic,1991,,,,,,,,,,,,,,,,,,,,,,,,,,,,,
Slovak Republic,1992,,,,,,,42.039486,,,,,,,,,,,,,,,,,,,,,,
Slovak Republic,1993,,,,,,,42.406358,,,,,,,,,,,,,,,,,,,,,,
Slovak Republic,1994,,,,,,,43.838816,,,,,,,,,,,,,,,,,,-48.46153846000001,,,,
Slovak Republic,1995,,,,,,,45.414616,,,,,,,,,,,,,,,,,,-48.27586206000001,,,,
Slovak Republic,1996,,,,,,,46.931874,,,,,,,,,,,,,,,,,,-49.32126696,,,,
Slovak Republic,1997,,2.264971900000001,16.988312,,,,47.982944,,,,,,,,,,,,,,,,,,-50.12345680000001,,,,
Slovak Republic,1998,,2.2272824999999994,17.047809,,,,48.675524,,,,,,,,,,,,,,,,,,-46.43734644,,,,
Slovak Republic,1999,,1.9206056999999996,15.120686,,,,47.185575,,,,,,,,,,,,,,,,,,-49.71751412,,,,
Slovak Republic,2000,,1.1543218,13.828495000000004,,13.645706179999998,13.645706179999998,45.947922,,,,,,,,,,,,,,,,,,-44.02173914,,,,
Slovak Republic,2001,,0.7034640000000003,12.971985000000004,,13.822029109999995,13.822029109999995,47.158091,,,,,,,,,,,,,,,,,,-37.98449612,,,,
Slovak Republic,2002,27.17937898,-0.2198200000000003,13.670666000000004,,13.206176760000004,13.206176760000004,48.826878,,,,,,,,,,,,,,,,,,-35.625,,,,
Slovak Republic,2003,25.84141088,0.0420700000000007,13.867533999999992,13.268878939999992,20.426277160000005,16.84757805000001,50.490419,,,,,,,,,,,,,,,,,,-42.10526315999999,,,,
Slovak Republic,2004,26.14048225,-0.0004129999999999,15.460612999999997,13.451797489999995,19.020465850000008,16.236131670000006,51.824262,,,,,,,,,,,,,,,,,,-39.19694071999999,,,,
Slovak Republic,2005,26.90618763,1.2027009999999994,16.915516000000004,14.844867699999996,28.51141357,21.678140635,53.95707,,,,,,,,,,,,,,,,,,-40.08097166,,,,
Slovak Republic,2006,24.98694722,1.1856150000000003,18.064339,15.40223693,25.91877746000001,20.660507195000008,57.321901,,,,,,,,,,,,,,,,,,-42.35976790000001,,,,
Slovak Republic,2007,23.99636346,-0.6011610000000012,18.34515,15.159206390000008,17.876441949999993,16.517824169999997,62.248939,,,,,,,,,,,,,,,,,,-49.2481203,,,,12.400000000000006
Slovak Republic,2008,22.18931592,-0.5994209999999995,17.565098000000006,15.034999849999998,13.280242920000006,14.157621385,65.701353,,,,,,,,,,,,,,,,,,-36.13445378,,,,2.799999999999997
Slovak Republic,2009,23.47068979,-1.7416870000000009,17.083449999999992,15.627567290000002,23.426933289999997,19.52725029,64.600204,,,,,,,,,,,,,,,,,,-18.418000000000006,,,,11.799999999999995
Slovak Republic,2010,22.63759086,-3.2445109999999997,15.056877,14.619976050000004,34.97507476999999,24.79752540999999,67.207375,,,,,,,,,,,,,,,,,,-18.648,,,,-6.599999999999994
Slovak Republic,2011,22.36842105,-3.574902999999999,14.912757999999997,15.693313600000003,23.28461075000001,19.48896217500001,68.324253,,,,,,,,,,,,,,,,,,-23.732,,,-19.66,-6.200000000000003
Slovak Republic,2012,22.25275694,-4.5566390000000006,15.720474000000005,15.449672700000008,14.005348210000008,14.727510455000017,68.760557,,,,,,,,,,,,,,,,,,-19.042,65.4,,,-14.200000000000005
Slovak Republic,2013,20.7427836,-4.008399999999998,14.579952000000006,14.75654221,15.356033319999996,15.056287764999992,68.404154,,,,,,,,,,,,,,,,,,-16.209999999999994,,,,-15.400000000000006
Slovak Republic,2014,21.38524961,-4.304499,14.419276999999994,14.697845460000003,23.414245609999995,19.056045535,69.09878,,,,,,,,,,,,,,,,,,-17.498000000000005,,-24.0,,18.0
Slovak Republic,2015,20.64511416,-5.494575000000001,14.528256000000006,13.274139410000004,6.068817139999993,9.671478274999998,71.215457,,,,,,,,,,,,,,,,,,-22.078000000000003,62.6,,,16.0
Slovak Republic,2016,20.57530081,-6.227823000000001,13.259140000000002,12.8992157,8.85671997,10.877967835000009,71.596286,,,,,,,,,,,,,,,,,,-18.55,,,,5.200000000000003
Slovak Republic,2017,20.61024894,-6.692047000000002,12.122077999999988,12.31127930000001,18.18828583,15.249782565000004,72.007218,,,,,,,,,,,,,,,,,,-22.849999999999994,60.0,,,3.4000000000000057
Slovak Republic,2018,20.78017548,-7.232264000000001,12.805282000000004,12.699996940000004,28.300003059999995,20.5,73.536925,,,,,,,,,,,,,,,,,,-25.126000000000005,,,,7.0
Slovak Republic,2019,18.91264205,-8.210106,12.009620999999996,12.465522770000009,12.670135489999993,12.567829130000009,74.285714,,,,,,,,,,,,,,,,,,-28.84200000000001,60.0,,,5.599999999999994
Slovak Republic,2020,16.6986841,-9.585608,11.796898,6.600006100000002,13.659614560000009,10.129810329999998,75.572895,,,,,,,,,,,,,,,,,,-33.712,,-24.0,-20.64,5.599999999999994
Slovak Republic,2021,15.6923869,-10.845394,7.686202999999992,8.007110600000004,10.82831573,9.417713164999997,75.682514,,,,,,,,,,,,,,,,,,-38.106,54.6,,,0.4000000000000057
Slovak Republic,2022,17.31406119,-10.685731999999998,7.161407999999994,7.51967621,10.195526130000005,8.857601169999995,73.959934,,,,,,,,,,,,,,,,,,-30.186000000000007,,,,6.0
Slovak Republic,2023,15.99106148,-8.784996029999999,7.27454376,7.39949799,10.12327576,8.761386875,74.724364,35.5,21.3,22.9,69.0,0.0,0.0,0.0,0.0,50.0,0.0,53.8,44.9,49.0,42.0,24.9,45.0,,-39.68000000000001,56.0,,,
Slovak Republic,2024,,-10.082212448120114,8.333488464355469,7.757446290000004,5.104980470000001,6.431213380000003,75.254327,,,,,,,,,,,,,,,,,,-37.786,,,,
Slovenia,1970,,,,,,,,,,,,,,,,,,,,,,,,,,,,,
Slovenia,1971,,,,,,,,,,,,,,,,,,,,,,,,,,,,,
Slovenia,1972,,,,,,,,,,,,,,,,,,,,,,,,,,,,,
Slovenia,1973,,,,,,,,,,,,,,,,,,,,,,,,,,,,,
Slovenia,1974,,,,,,,,,,,,,,,,,,,,,,,,,,,,,
Slovenia,1975,,,,,,,,,,,,,,,,,,,,,,,,,,,,,
Slovenia,1976,,,,,,,,,,,,,,,,,,,,,,,,,,,,,
Slovenia,1977,,,,,,,,,,,,,,,,,,,,,,,,,,,,,
Slovenia,1978,,,,,,,,,,,,,,,,,,,,,,,,,,,,,
Slovenia,1979,,,,,,,,,,,,,,,,,,,,,,,,,,,,,
Slovenia,1980,,,,,,,,,,,,,,,,,,,,,,,,,,,,,
Slovenia,1981,,,,,,,,,,,,,,,,,,,,,,,,,,,,,
Slovenia,1982,,,,,,,,,,,,,,,,,,,,,,,,,,,,,
Slovenia,1983,,,,,,,,,,,,,,,,,,,,,,,,,,,,,
Slovenia,1984,,,,,,,,,,,,,,,,,,,,,,,,,,,,,
Slovenia,1985,,,,,,,,,,,,,,,,,,,,,,,,,,,,,
Slovenia,1986,,,,,,,,,,,,,,,,,,,,,,,,,,,,,
Slovenia,1987,,,,,,,,,,,,,,,,,,,,,,,,,,,,,
Slovenia,1988,,,,,,,,,,,,,,,,,,,,,,,,,,,,,
Slovenia,1989,,,,,,,,,,,,,,,,,,,,,,,,,,,,,
Slovenia,1990,,,,,,,,,,,,,,,,,,,,,,,,,,,,,
Slovenia,1991,,,,,,,,,,,,,,,,,,,,,,,,,,,,,
Slovenia,1992,,,,,,,,,,,,,,,,,,,,,,,,,,,,,
Slovenia,1993,,,,,,,,,,,,,,,,,,,,,,,,,,,,,
Slovenia,1994,,,,,,,,,,,,,,,,,,,,,,,,,,,,,
Slovenia,1995,,,,,,,71.647111,,,,,,,,,,,,,,,,,,,,,,
Slovenia,1996,,,,,,,71.899519,,,,,,,,,,,,,,,,,,,,,,
Slovenia,1997,,,,,,,73.55503,,,,,,,,,,,,,,,,,,,,,,
Slovenia,1998,,,,,,,74.318919,,,,,,,,,,,,,,,,,,,,,,
Slovenia,1999,,,,,,,76.215037,,,,,,,,,,,,,,,,,,,,,,
Slovenia,2000,,-3.2191550000000007,9.029929999999991,8.77319336,7.518348689999996,8.145771025000002,76.06464,,,,,,,,,,,,,,,,,,-15.13206986,,,,
Slovenia,2001,,,,10.084106449999991,8.553985589999996,9.319046020000002,77.589341,,,,,,,,,,,,,,,,,,-14.115070459999998,,,,
Slovenia,2002,8.679087541,-3.719102000000001,10.74800900000001,9.362861629999998,5.49720001,7.430030819999999,79.326523,,,,,,,,,,,,,,,,,,-14.600512879999997,75.6,,,
Slovenia,2003,,-4.665596999999998,10.074691,9.796428680000004,5.488395690000004,7.642412184999998,80.688934,,,,,,,,,,,,,,,,,,-13.799611920000004,,,,
Slovenia,2004,,-5.274387000000001,9.598990999999998,8.829803459999994,6.276382440000006,7.553092949999993,82.163159,,,,,,,,,,,,,,,,,,-10.760798100000002,,,,
Slovenia,2005,,-5.248595999999999,9.506339999999994,8.85623932,10.64847564,9.75235748,83.356669,,,,,,,,,,,,,,,,,,-16.522628780000005,,,,
Slovenia,2006,8.035219813,-6.081378999999998,9.965812999999995,8.235252380000006,7.053550720000004,7.644401549999998,85.861374,,,,,,,,,,,,,,,,,,-16.88009948,,,,
Slovenia,2007,,-7.056549,10.222144999999998,9.045890810000005,10.96531677,10.00560379000001,89.74769,,,,,,,,,,,,,,,,,,-14.862314799999991,,,,3.4000000000000057
Slovenia,2008,,-7.464445000000001,8.809105000000002,7.94921875,11.569076539999998,9.759147645000011,92.95209,,,,,,,,,,,,,,,,,,-18.195539819999997,,,,-1.5999999999999943
Slovenia,2009,,-8.911605000000002,7.573486000000003,7.4433899,10.916938779999995,9.180164340000005,88.71033,,,,,,,,,,,,,,,,,,-16.486000000000004,,,,-5.400000000000006
Slovenia,2010,4.470873111,-8.681061,7.614463999999998,7.634361269999999,11.21395874000001,9.424160005000005,87.274034,,,,,,,,,,,,,,,,,,-20.16,,,,-8.0
Slovenia,2011,,-9.839090000000002,6.885970999999998,6.86188507,12.640502929999997,9.751193999999998,86.394283,,,,,,,,,,,,,,,,,,-17.418000000000006,,,,-10.599999999999994
Slovenia,2012,,-10.892473000000004,7.585205000000002,6.15068054999999,13.189010620000005,9.66984558499999,83.073206,,,,,,,,,,,,,,,,,,-20.286,35.599999999999994,,,-6.799999999999997
Slovenia,2013,,-10.593215999999998,8.492728999999997,6.549545290000012,17.755134579999996,12.152339935,81.381192,,,,,,,,,,,,,,,,,,-20.78400000000001,,,,-8.200000000000003
Slovenia,2014,8.025727609,-10.632200999999998,7.961258000000001,5.966102599999999,16.892520910000002,11.429311755,82.245976,,,,,,,,,,,,,,,,,,-23.052000000000007,,-56.0,,-12.0
Slovenia,2015,,-12.640060000000002,8.508499,6.612014770000002,14.642684940000002,10.627349855000006,82.519691,,,,,,,,,,,,,,,,,,-22.452,26.599999999999994,,,-16.200000000000003
Slovenia,2016,,-13.273169,6.275916999999993,5.091659540000009,13.021633140000006,9.05664634,83.921731,,,,,,,,,,,,,,,,,,-31.099999999999994,,,,-13.799999999999995
Slovenia,2017,,-10.960224000000004,2.461326999999997,5.381187430000011,9.375762929999992,7.3784751800000095,86.361076,,,,,,,,,,,,,,,,,,-27.620000000000005,26.599999999999994,,,-14.0
Slovenia,2018,10.66355695,-12.48416,7.152321000000001,5.400001520000004,15.60000229,10.50000190499999,88.325941,,,,,,,,,,,,,,,,,,-32.516,,,,-12.200000000000005
Slovenia,2019,,-13.433928000000002,6.546326000000008,4.082809439999991,19.59592056,11.839365,89.679418,,,,,,,,,,,,,,,,,,-35.388000000000005,51.2,,,-14.799999999999995
Slovenia,2020,,-13.742187,6.306404000000001,3.51596069,16.675048829999994,10.095504759999985,89.358975,,,,,,,,,,,,,,,,,,-28.354000000000006,,-60.0,,-14.599999999999994
Slovenia,2021,,-14.654182,6.667702000000006,4.883651739999991,13.23179626000001,9.057724000000007,91.279316,,,,,,,,,,,,,,,,,,-24.046000000000006,46.6,,,-14.200000000000005
Slovenia,2022,7.914861179,-15.728168490000002,6.647705080000009,4.618255610000006,17.447837829999997,11.033046719999987,91.290461,,,,,,,,,,,,,,,,,,-29.389999999999997,,,,-20.200000000000003
Slovenia,2023,9.339293146,-16.460887910000004,6.652709969999989,4.173683159999996,18.892395019999995,11.533039089999988,91.990824,40.1,40.0,18.8,48.7,0.0,0.0,0.0,0.0,25.0,100.0,17.4,52.1,19.5,11.8,29.9,17.5,-2.2,-27.05,24.40000000000001,,,
Slovenia,2024,,-16.916898727416992,6.047981262207031,4.235801690000002,16.634262090000007,10.435031890000005,92.203143,,,,,,,,,,,,,,,,,,-26.136,,,,
Spain,1970,,,,,,,90.47093,,,,,,,,,,,,,,,,,,,,,,
Spain,1971,,,,,,,91.613551,,,,,,,,,,,,,,,,,,,,,,
Spain,1972,,,,,,,94.211099,,,,,,,,,,,,,,,,,,,,,,
Spain,1973,,,,,,,95.879763,,,,,,,,,,,,,,,,,,,,,,
Spain,1974,,,,,,,100.15963,,,,,,,,,,,,,,,,,,,,,,
Spain,1975,,,,,,,100.207036,,,,,,,,,,,,,,,,,,,,,,
Spain,1976,,,,,,,98.415335,,,,,,,,,,,,,,,,,,,,,,
Spain,1977,,,,,,,97.349099,,,,,,,,,,,,,,,,,,,,,,
Spain,1978,,,,,,,94.40918,,,,,,,,,,,,,,,,,,,,,,
Spain,1979,,,,,,,90.973822,,,,,,,,,,,,,,,,,,,,,,
Spain,1980,,,,,,,91.703693,,,,,,,,,,,,,,,,,,,,,,
Spain,1981,,2.8436389,56.09816899999999,,,,89.809144,,,,,,,,,,,,,,,,,,,,,,
Spain,1982,,,,,,,91.074263,,,,,,,,,,,,,,,,,,,,,,
Spain,1983,,,,,,,90.326021,,,,,,,,,,,,,,,,,,,,,,
Spain,1984,,,,,,,88.04589,,,,,,,,,,,,,,,,,,,,,,
Spain,1985,,,,,,,87.232068,,,,,,,,,,,,,,,,,,,,,,
Spain,1986,,,,,,,87.852461,,,,,,,,,,,,,,,,,,,,,,
Spain,1987,,,,,,,89.899692,,,,,,,,,,,,,,,,,,-47.7043028,,,,
Spain,1988,,,,,,,90.917494,,,,,,,,,,,,,,,,,,-52.100953440000005,,,,
Spain,1989,,1.9456971000000003,46.507259000000005,,,,92.402739,,,,,,,,,,,,,,,,,,-58.47118858,,,,
Spain,1990,,,,,,,93.698675,,,,,,,,,,,,,,,,,,-61.21377136000001,,,,
Spain,1991,,1.593076,44.680389000000005,,,,95.332678,,,,,,,,,,,,,,,,,,-59.57906418,,,,
Spain,1992,,3.284484000000001,41.78349300000001,,,,94.62488,,,,,,,,,,,,,,,,,,-58.471697500000005,,,,
Spain,1993,,,,,,,92.814974,,,,,,,,,,,,,,,,,,-55.59178498,,,,
Spain,1994,,2.776718999999998,37.2789,,,,92.711131,,,,,,,,,,,,,,,,,,-52.45592814,,,,
Spain,1995,,2.801627,36.743622,,,,93.395176,,,,,,,,,,,,,,,,,,-56.58041678000001,,,,
Spain,1996,,,,,,,93.112543,,,,,,,,,,,,,,,,,,-50.98145674,,,,
Spain,1997,,2.2142659999999985,35.971756000000006,,,,93.26784,,,,,,,,,,,,,,,,,,-51.23391219999999,,,,
Spain,1998,,1.936287,36.709816,,,,94.789386,,,,,,,,,,,,,,,,,,-52.69347854,,,,
Spain,1999,,2.100961999999999,36.171428000000006,,,,96.108733,,,,,,,,,,,,,,,,,,-54.46831345999999,,,,
Spain,2000,,1.6893519999999995,34.906448,26.688941959999998,28.285823820000005,27.487382889999992,97.330974,,,,,,,,,,,,,,,,,,-58.10609506,,,,
Spain,2001,,1.1884060000000003,33.811432,27.81773758,28.189785000000008,28.00376129,99.94204,,,,,,,,,,,,,,,,,,-58.47892308,,,,
Spain,2002,19.70290551,0.4920729999999977,31.735615,26.365959170000004,22.40124512,24.38360214500001,100.199418,,,,,,,,,,,,,,,,,,-59.97749564,43.4,,,
Spain,2003,,0.2698150000000012,30.05565600000001,25.01951218,23.88579559,24.452653885000004,99.868294,,,,,,,,,,,,,,,,,,-61.34006876000001,,,,
Spain,2004,,-0.4528540000000021,27.97153099999999,23.615039820000007,23.69146728,23.65325355,98.798194,,,,,,,,,,,,,,,,,,-61.31165573999999,,,,
Spain,2005,,-0.6503680000000003,26.203666000000005,23.24297714,18.79498291,21.018980025000005,98.275954,,,,,,,,,,,,,,,,,,-58.826739,,,,
Spain,2006,17.0628186,-1.091866999999997,24.992275,21.631526940000008,20.49538421,21.063455574999992,98.225643,,,,,,,,,,,,,,,,,,-59.35802334,,,,
Spain,2007,,-1.3454590000000015,23.102164999999992,20.78668213,18.882423400000008,19.834552765,97.829885,,,,,,,,,,,,,,,,,,-61.43885816,,,,33.400000000000006
Spain,2008,,-1.323453999999998,20.248766999999997,19.16636658,16.880287170000003,18.023326874999995,97.314094,,,,,,,,,,,,,,,,,,-61.520601080000006,,,,0.0
Spain,2009,,-2.229269000000002,15.357891999999993,17.079017639999996,14.480850220000008,15.77993393,96.847074,,,,,,,,,,,,,,,,,,-58.672,,,,34.400000000000006
Spain,2010,13.20752086,-2.9236700000000013,14.105221,15.29784393,13.461021419999994,14.37943267499999,94.254319,,,,,,,,,,,,,,,,,,-56.72,,,,31.599999999999994
Spain,2011,,-2.803468999999996,12.817402,14.032600399999993,13.963066100000006,13.99783325,91.940947,,,,,,,,,,,,,,,,,,-53.656000000000006,,,-8.239999999999995,20.200000000000003
Spain,2012,,-3.166024,10.879749999999994,11.813262930000008,11.87857056,11.845916745000013,88.59713,,,,,,,,,,,,,,,,,,-52.694,28.0,,,35.2
Spain,2013,,-3.383595,10.496204000000006,11.055763240000005,11.513832089999994,11.284797665000012,86.692854,,,,,,,,,,,,,,,,,,-47.38999999999999,,,,36.4
Spain,2014,12.19953988,-3.7347139999999968,11.073321999999996,10.57604981,12.086189270000006,11.331119540000005,86.925883,,,,,,,,,,,,,,,,,,-48.46600000000001,,-4.0,,36.0
Spain,2015,,-4.847549000000001,12.122947000000003,10.302825920000004,12.235801690000002,11.269313804999996,88.793015,,,,,,,,,,,,,,,,,,-46.938,17.799999999999997,,,39.8
Spain,2016,,-5.416136999999999,12.238146999999998,9.675315859999998,12.474594120000006,11.074954989999997,90.172428,,,,,,,,,,,,,,,,,,-46.262,,,,39.6
Spain,2017,,-5.179722000000005,12.801926000000002,9.75409698,12.682281500000002,11.21818924,90.672649,,,,,,,,,,,,,,,,,,-48.358,21.8,,,42.6
Spain,2018,9.217011964,-5.206272999999996,12.992492000000006,9.799995420000002,13.0,11.399997710000008,90.843224,,,,,,,,,,,,,,,,,,-50.77600000000001,,,,21.599999999999994
Spain,2019,,-5.508583000000002,12.432509999999994,8.793655389999998,13.60011292,11.196884154999992,90.882873,,,,,,,,,,,,,,,,,,-50.512,17.799999999999997,,,17.599999999999994
Spain,2020,,-5.973033999999998,12.117318000000004,8.900001529999997,11.30000305,10.100002289999992,84.181239,,,,,,,,,,,,,,,,,,-50.438,,-10.0,-12.22,14.200000000000005
Spain,2021,,-6.586494440000003,11.498428350000012,7.52218628,11.146827700000005,9.334506989999994,84.810044,,,,,,,,,,,,,,,,,,-47.06399999999999,12.0,,,13.799999999999995
Spain,2022,6.2184055,-7.263568999999997,11.590454000000008,7.760910029999991,12.712799070000004,10.236854550000004,87.139673,,,,,,,,,,,,,,,,,,-46.11600000000001,,,,3.0
Spain,2023,6.718866264,-7.087516789999995,11.07359314,7.069992070000012,11.787269590000008,9.428630830000015,87.310658,35.0,43.0,17.6,49.0,0.0,0.0,0.0,25.0,25.0,0.0,14.4,49.5,9.0,10.8,25.8,6.8,-2.4,-44.602,15.200000000000005,,,
Spain,2024,,-6.60760498046875,10.40679931640625,6.819366450000004,12.45485687,9.637111660000002,88.339643,,,,,,,,,,,,,,,,,,-45.054,,,,
Sweden,1970,,,,,,,138.5522,,,,,,,,,,,,,,,,,,,,,,
Sweden,1971,,,,,,,135.661809,,,,,,,,,,,,,,,,,,,,,,
Sweden,1972,,,,,,,132.743078,,,,,,,,,,,,,,,,,,,,,,
Sweden,1973,,,,,,,131.242007,,,,,,,,,,,,,,,,,,,,,,
Sweden,1974,,,,,,,134.857384,,,,,,,,,,,,,,,,,,,,,,
Sweden,1975,,,,,,,138.534078,,,,,,,,,,,,,,,,,,,,,,
Sweden,1976,,,,,,,134.1895,,,,,,,,,,,,,,,,,,,,,,
Sweden,1977,,,,,,,128.079553,,,,,,,,,,,,,,,,,,,,,,
Sweden,1978,,,,,,,125.607226,,,,,,,,,,,,,,,,,,,,,,
Sweden,1979,,,,,,,126.469134,,,,,,,,,,,,,,,,,,,,,,
Sweden,1980,,,,,,,127.976521,,,,,,,,,,,,,,,,,,,,,,
Sweden,1981,,0.541048,12.877785000000005,,,,126.693572,,,,,,,,,,,,,,,,,,,,,,
Sweden,1982,,,,,,,129.094556,,,,,,,,,,,,,,,,,,,,,,
Sweden,1983,,,,,,,128.741072,,,,,,,,,,,,,,,,,,,,,,
Sweden,1984,,,,,,,128.907521,,,,,,,,,,,,,,,,,,,,,,
Sweden,1985,,,,,,,127.785415,,,,,,,,,,,,,,,,,,,,,,
Sweden,1986,,,,,,,128.076758,,,,,,,,,,,,,,,,,,,,,,
Sweden,1987,,,,,,,128.225295,,,,,,,,,,,,,,,,,,-69.65194661999999,,,,
Sweden,1988,,,,,,,126.255832,,,,,,,,,,,,,,,,,,-66.34230108,,,,
Sweden,1989,,-1.201359,5.953964000000013,,,,125.057793,,,,,,,,,,,,,,,,,,-63.83073496,,,,
Sweden,1990,,,,,,,122.349783,,,,,,,,,,,,,,,,,,-62.2786759,,,,
Sweden,1991,,-0.6732249999999986,4.449661000000006,,,,119.405305,,,,,,,,,,,,,,,,,,-60.78676242,,,,
Sweden,1992,16.25,-0.8433659999999996,3.1124730000000085,,,,115.653994,,,,,,,,,,,,,,,,,,-58.24873096,,,,
Sweden,1993,16.46341463,,,,,,111.93652,,,,,,,,,,,,,,,,,,-56.0248854,,,,
Sweden,1994,15.88235294,-2.525932000000001,1.842804000000001,,,,112.881422,,,,,,,,,,,,,,,,,,-53.52522640000001,,,,
Sweden,1995,15.02890173,-2.395227000000002,2.825844000000004,,,,114.779106,,,,,,,,,,,,,,,,,,-53.62655602000001,,,,
Sweden,1996,16.66666667,,,,,,113.736223,,,,,,,,,,,,,,,,,,-52.9431896,,,,
Sweden,1997,17.34693878,-2.6421460000000003,4.055976999999999,,,,113.764585,,,,,,,,,,,,,,,,,,-52.61549524,,,,
Sweden,1998,18.1372549,-3.079369,4.596512000000004,,,,115.966192,,,,,,,,,,,,,,,,,,-56.27598420000001,,,,
Sweden,1999,16.98113208,-3.3571450000000027,4.188156000000006,,,,117.723917,,,,,,,,,,,,,,,,,,-47.49961845999999,,,,
Sweden,2000,17.56756757,-4.088978000000001,4.324875000000006,3.3171386700000056,5.679019930000003,4.498079300000015,118.933564,,,,,,,,,,,,,,,,,,-45.79759862,,,,
Sweden,2001,17.59656652,-3.8543420000000026,4.386206999999999,3.312469489999998,11.168739320000007,7.240604404999999,119.396202,,,,,,,,,,,,,,,,,,-45.466964880000006,,,,
Sweden,2002,17.01244813,-4.505877999999999,3.7300110000000046,2.7933731100000045,8.614517219999996,5.703945165000008,120.661877,,,,,,,,,,,,,,,,,,-43.68699812,10.0,,,
Sweden,2003,16.53225807,-4.890519000000001,3.7306739999999934,2.996910099999994,7.6470489499999985,5.321979524999989,120.82749,,,,,,,,,,,,,,,,,,-41.69754126000001,,,,
Sweden,2004,16.34241245,-5.865229999999997,4.140839,3.794906619999992,6.445869450000004,5.120388035000005,122.177206,,,,,,,,,,,,,,,,,,-38.93280632,,,,
Sweden,2005,16.28787879,-9.282294,5.409073000000007,4.034378050000001,7.353485110000008,5.693931580000012,122.450512,,,,,,,,,,,,,,,,,,-34.26403432,,,,
Sweden,2006,15.86715867,-9.170851999999996,5.974586000000002,4.001739499999999,9.077239989999995,6.539489744999997,124.32201,,,,,,,,,,,,,,,,,,-34.524832440000004,,,,
Sweden,2007,16.07142857,-9.176558,6.062187999999992,3.480125430000001,9.982170109999998,6.731147770000007,125.024692,,,,,,,,,,,,,,,,,,-34.91599062,,,,15.0
Sweden,2008,15.98639456,-9.620020000000004,6.092276999999996,3.236335749999995,11.665336609999995,7.450836179999996,123.326881,,,,,,,,,,,,,,,,,,-34.0488533,,,,14.200000000000005
Sweden,2009,14.6179402,-9.976157000000004,5.348236,3.473793029999996,11.818939209999996,7.646366119999996,122.095627,,,,,,,,,,,,,,,,,,-33.566,,,,12.200000000000005
Sweden,2010,14.37908497,-9.954632,6.4393539999999945,4.00139618,12.629348749999991,8.315372464999996,124.98772,,,,,,,,,,,,,,,,,,-32.96,,,,12.799999999999995
Sweden,2011,14.1025641,-11.421217,5.871093000000002,3.3633346499999988,12.22390747,7.793621059999992,126.094422,,,,,,,,,,,,,,,,,,-31.629999999999995,,,-44.84,10.400000000000006
Sweden,2012,14.01869159,-11.395815,5.613845999999995,2.823287960000002,12.421890259999998,7.622589109999993,123.712695,,,,,,,,,,,,,,,,,,-30.645999999999997,10.599999999999994,,,8.400000000000006
Sweden,2013,13.67781155,-11.889500000000002,5.464568999999997,2.775230409999992,11.654388429999996,7.214809419999995,122.703474,,,,,,,,,,,,,,,,,,-28.974,,,,7.799999999999997
Sweden,2014,13.0952381,-12.513103999999998,5.015265999999997,2.4875259399999976,10.953994750000009,6.720760345000002,122.328917,,,,,,,,,,,,,,,,,,-30.168000000000006,,2.0,,3.799999999999997
Sweden,2015,12.31671554,-13.732441,4.607322999999994,2.0211868299999907,8.919471740000006,5.470329285000005,123.912762,,,,,,,,,,,,,,,,,,-28.218,12.799999999999995,,,0.0
Sweden,2016,12.03438395,-13.583835999999998,4.215156000000008,1.6999969499999992,10.29562378,5.997810364999992,123.528722,,,,,,,,,,,,,,,,,,-29.512,,,,0.5999999999999943
Sweden,2017,11.20448179,-13.148376999999996,4.284538000000012,1.568702700000003,10.18264008,5.875671390000008,121.468921,,,,,,,,,,,,,,,,,,-27.952,12.799999999999995,,,-6.0
Sweden,2018,10.68493151,-13.875275000000002,4.666045999999994,1.700004579999998,8.30000305,5.000003814999985,120.08426,,,,,,,,,,,,,,,,,,-27.616,,,,-8.599999999999994
Sweden,2019,9.946236559,-14.605331,4.945747999999995,1.0186462400000096,11.11103057999999,6.064838410000007,120.572866,,,,,,,,,,,,,,,,,,-24.947999999999997,5.400000000000006,,,0.5999999999999943
Sweden,2020,9.762532982,-14.864669999999997,5.215378000000001,2.3189544700000084,11.744400019999986,7.031677244999997,122.818799,,,,,,,,,,,,,,,,,,-20.298,,-10.0,-55.02000000000001,0.5999999999999943
Sweden,2021,10.0,-14.87343979,5.618553159999991,2.404769900000005,8.679519650000003,5.542144774999997,121.320279,,,,,,,,,,,,,,,,,,-27.248000000000005,6.0,,,2.200000000000003
Sweden,2022,9.950248756,-15.12639618,5.456336979999989,2.036460869999999,10.606979370000005,6.321720119999995,118.492583,,,,,,,,,,,,,,,,,,-21.959999999999997,,,,-3.4000000000000057
Sweden,2023,10.0,-14.486881259999995,4.599800110000004,1.2378692599999963,9.87451935,5.556194304999991,116.210634,42.3,46.4,14.0,24.5,0.0,0.0,0.0,0.0,25.0,0.0,11.8,42.1,5.3,3.0,15.2,4.7,-0.7999999999999998,-22.006,7.200000000000003,,,
Sweden,2024,10.2739726,-15.70474624633789,3.848487854003906,1.3312911999999957,7.415481569999997,4.373386385000003,115.436093,,,,,,,,,,,,,,,,,,-21.870000000000005,,,,
Switzerland,1970,,,,,,,232.505682,,,,,,,,,,,,,,,,,,,,,,
Switzerland,1971,,,,,,,233.478744,,,,,,,,,,,,,,,,,,,,,,
Switzerland,1972,,,,,,,229.077676,,,,,,,,,,,,,,,,,,,,,,
Switzerland,1973,,,,,,,223.51314,,,,,,,,,,,,,,,,,,,,,,
Switzerland,1974,,,,,,,225.79579,,,,,,,,,,,,,,,,,,,,,,
Switzerland,1975,,,,,,,212.357793,,,,,,,,,,,,,,,,,,,,,,
Switzerland,1976,,,,,,,203.655014,,,,,,,,,,,,,,,,,,,,,,
Switzerland,1977,,,,,,,203.599268,,,,,,,,,,,,,,,,,,,,,,
Switzerland,1978,,,,,,,197.104182,,,,,,,,,,,,,,,,,,,,,,
Switzerland,1979,,,,,,,195.764386,,,,,,,,,,,,,,,,,,,,,,
Switzerland,1980,,,,,,,203.044014,,,,,,,,,,,,,,,,,,,,,,
Switzerland,1981,,,,,,,202.156202,,,,,,,,,,,,,,,,,,,,,,
Switzerland,1982,,,,,,,199.721005,,,,,,,,,,,,,,,,,,,,,,
Switzerland,1983,,,,,,,196.355345,,,,,,,,,,,,,,,,,,,,,,
Switzerland,1984,,,,,,,193.799678,,,,,,,,,,,,,,,,,,,,,,
Switzerland,1985,,,,,,,194.42031,,,,,,,,,,,,,,,,,,,,,,
Switzerland,1986,,,,,,,192.578533,,,,,,,,,,,,,,,,,,,,,,
Switzerland,1987,,,,,,,188.813641,,,,,,,,,,,,,,,,,,,,,,
Switzerland,1988,,,,,,,186.582677,,,,,,,,,,,,,,,,,,,,,,
Switzerland,1989,,20.431339,31.426330000000007,,,,187.649936,,,,,,,,,,,,,,,,,,,,,,
Switzerland,1990,,,,,,,188.323562,,,,,,,,,,,,,,,,,,,,,,
Switzerland,1991,,17.572726,28.966599,,,,183.208377,,,,,,,,,,,,,,,,,,-61.60309354,,,,
Switzerland,1992,,18.538047,26.82343999999999,,,,178.878089,,,,,,,,,,,,,,,,,,-62.69909292,,,,
Switzerland,1993,,,,,,,176.287214,,,,,,,,,,,,,,,,,,-62.45503274000001,,,,
Switzerland,1994,,20.654807,26.369925999999992,,,,173.297196,,,,,,,,,,,,,,,,,,-64.75442976,,,,
Switzerland,1995,,20.5356,25.378188999999992,,,,169.438037,,,,,,,,,,,,,,,,,,-65.73919810000001,,,,
Switzerland,1996,27.49726425,,,,,,165.346398,,,,,,,,,,,,,,,,,,-66.65481452,,,,
Switzerland,1997,,19.080977,21.599228,,,,163.702299,,,,,,,,,,,,,,,,,,-68.52961801999999,,,,
Switzerland,1998,26.4995044,20.229573,20.540031,,,,164.469927,,,,,,,,,,,,,,,,,,-67.77621294,,,,
Switzerland,1999,,20.016231,21.51449600000001,,,,162.143001,,,,,,,,,,,,,,,,,,-67.35210346,,,,
Switzerland,2000,26.84933379,19.493047,21.064987,,17.801147459999996,17.801147459999996,162.158583,,,,,,,,,,,,,,,,,,-62.54331583999999,,,,
Switzerland,2001,,19.307899,20.433075,14.400146480000004,20.986160279999996,17.69315338,162.797832,,,,,,,,,,,,,,,,,,-62.37729682,,,,
Switzerland,2002,25.57410763,17.663542000000003,17.828727999999998,13.425865180000002,14.886383049999992,14.156124114999985,160.139442,,,,,,,,,,,,,,,,,,-65.66551852,54.0,,,
Switzerland,2003,,17.766236999999997,16.815582000000006,13.073493959999992,18.049461359999995,15.561477659999994,156.752034,,,,,,,,,,,,,,,,,,-66.72720554,,,,
Switzerland,2004,24.80708844,18.242607,16.815185999999997,12.954833980000004,17.24306487999999,15.09894942999999,155.83614,,,,,,,,,,,,,,,,,,-65.80564702000001,,,,
Switzerland,2005,,17.383612,15.971664000000004,11.54740905,17.549476620000007,14.548442835000005,155.772041,,,,,,,,,,,,,,,,,,-66.52570004,,,,
Switzerland,2006,24.49472211,17.299139,16.027534000000003,11.694374089999997,16.74759673999999,14.220985415,157.245307,,,,,,,,,,,,,,,,,,-63.51360838,,,,
Switzerland,2007,,16.282232999999998,15.74898499999999,11.521308899999994,17.820396419999994,14.670852660000008,158.870684,,,,,,,,,,,,,,,,,,-63.79694889999999,,,,
Switzerland,2008,25.04444653,15.851080000000003,14.015625,10.005500790000012,14.89231873,12.44890976000002,161.973559,,,,,,,,,,,,,,,,,,-63.70441988,,,,
Switzerland,2009,,15.552561,13.482437000000004,8.478889460000005,16.304046639999996,12.39146805,163.18051,,,,,,,,,,,,,,,,,,-64.83600000000001,,,,
Switzerland,2010,23.68804242,12.610080000000004,13.973266999999993,10.231529229999992,15.893585209999998,13.062557220000002,163.239941,,,,,,,,,,,,,,,,,,-66.49600000000001,,,,
Switzerland,2011,,11.805935000000002,13.622185000000002,9.624298089999996,17.378028869999994,13.501163479999988,162.317657,,,,,,,,,,,,,,,,,,-66.40799999999999,,,-13.239999999999997,
Switzerland,2012,24.78163868,11.88553,12.684753,9.85591887999999,15.665588380000004,12.76075363000001,161.209814,,,,,,,,,,,,,,,,,,-66.244,43.0,,,
Switzerland,2013,,11.354033,11.944000000000004,8.56005859999999,15.1638794,11.861969000000002,160.439449,,,,,,,,,,,,,,,,,,-66.042,,,,
Switzerland,2014,20.7800286,10.423172,11.041427,7.000587459999991,14.947212219999995,10.973899839999987,159.707247,,,,,,,,,,,,,,,,,,-64.00399999999999,,20.0,,
Switzerland,2015,,8.933701,11.109848,5.681930539999996,15.052330010000006,10.367130275000008,157.238932,,,,,,,,,,,,,,,,,,-63.798,36.0,,,
Switzerland,2016,18.4929469,9.481575,10.199027999999998,5.7065506,13.593063360000002,9.649806979999994,156.820071,,,,,,,,,,,,,,,,,,-62.95400000000001,,,,
Switzerland,2017,,9.322162999999996,10.476898000000006,6.236389160000002,15.104789730000007,10.67058944500002,154.182257,,,,,,,,,,,,,,,,,,-61.00399999999999,35.0,,,
Switzerland,2018,18.39330941,7.945544999999996,10.493126000000004,6.0,14.0,10.0,154.742957,,,,,,,,,,,,,,,,,,-61.77199999999999,,,,
Switzerland,2019,,7.401020000000003,9.911033000000003,5.621368410000002,13.04444122000001,9.332904815000006,153.686014,,,,,,,,,,,,,,,,,,-62.256,35.0,,,
Switzerland,2020,17.79303742,6.1709260000000015,9.414978000000003,5.8000030599999945,12.699996940000004,9.25,156.091998,,,,,,,,,,,,,,,,,,-61.74600000000001,,12.0,-12.64,
Switzerland,2021,,5.52317,8.847198000000006,5.367317200000002,12.354454039999991,8.86088561999999,154.46696,,,,,,,,,,,,,,,,,,-60.044,16.0,,,
Switzerland,2022,15.42550091,5.222763059999998,8.749961850000005,5.266426080000002,12.471382140000005,8.868904110000003,153.863762,,,,,,,,,,,,,,,,,,-58.142,,,,
Switzerland,2023,0.0,4.795249939999998,8.48311615,5.4455642700000055,11.043838500000009,8.244701384999999,151.001042,33.3,41.5,,13.6,0.0,0.0,0.0,0.0,50.0,0.0,,67.0,12.1,9.3,36.2,11.2,-1.4000000000000004,-57.24600000000001,16.599999999999994,,,
Switzerland,2024,,4.543621063232422,7.678627014160156,4.394287109999993,10.451034539999997,7.422660825000008,149.475583,,,,,,,,,,,,,,,,,,-56.93600000000001,,,,
Türkiye,1970,,,,,,,39.264239,,,,,,,,,,,,,,,,,,,,,,
Türkiye,1971,,,,,,,39.481545,,,,,,,,,,,,,,,,,,,,,,
Türkiye,1972,,,,,,,39.687651,,,,,,,,,,,,,,,,,,,,,,
Türkiye,1973,,,,,,,38.080298,,,,,,,,,,,,,,,,,,,,,,
Türkiye,1974,,,,,,,39.164229,,,,,,,,,,,,,,,,,,,,,,
Türkiye,1975,,,,,,,41.106969,,,,,,,,,,,,,,,,,,,,,,
Türkiye,1976,,,,,,,42.789205,,,,,,,,,,,,,,,,,,,,,,
Türkiye,1977,,,,,,,42.188359,,,,,,,,,,,,,,,,,,,,,,
Türkiye,1978,,,,,,,40.547087,,,,,,,,,,,,,,,,,,,,,,
Türkiye,1979,,,,,,,38.359134,,,,,,,,,,,,,,,,,,,,,,
Türkiye,1980,,,,,,,36.543564,,,,,,,,,,,,,,,,,,,,,,
Türkiye,1981,,,,,,,36.892488,,,,,,,,,,,,,,,,,,,,,,
Türkiye,1982,,,,,,,37.527926,,,,,,,,,,,,,,,,,,,,,,
Türkiye,1983,,,,,,,37.622967,,,,,,,,,,,,,,,,,,,,,,
Türkiye,1984,,,,,,,37.656993,,,,,,,,,,,,,,,,,,,,,,
Türkiye,1985,,,,,,,37.211753,,,,,,,,,,,,,,,,,,,,,,
Türkiye,1986,,,,,,,38.07163,,,,,,,,,,,,,,,,,,,,,,
Türkiye,1987,,,,,,,39.823219,,,,,,,,,,,,,,,,,,,,,,
Türkiye,1988,,,,,,,38.559319,,,,,,,,,,,,,,,,,,-26.53958944,,,,
Türkiye,1989,,,,,,,36.91107,,,,,,,,,,,,,,,,,,-31.70731708,,,,
Türkiye,1990,,,,,,,38.798442,,,,,,,,,,,,,,,,,,-28.198757760000007,,,,
Türkiye,1991,,3.1441054,55.19532799999999,,,,38.271329,,,,,,,,,,,,,,,,,,-43.89183969999999,,,,
Türkiye,1992,,3.7610667,51.768303,,,,39.329833,,,,,,,,,,,,,,,,,,-30.9591643,,,,
Türkiye,1993,,,,,,,41.530883,,,,,,,,,,,,,,,,,,-12.119248220000005,,,,
Türkiye,1994,,2.9067421,54.083165,,,,37.774209,,,,,,,,,,,,,,,,,,-25.29087568,,,,
Türkiye,1995,,3.0291365999999997,59.416105,,,,39.14091,,,,,,,,,,,,,,,,,,-20.098039220000004,,,,
Türkiye,1996,,,,,,,40.248147,,,,,,,,,,,,,,,,,,-28.5198556,,,,
Türkiye,1997,,2.9851465999999998,56.502493,,,,41.401505,,,,,,,,,,,,,,,,,,-19.2371476,,,,
Türkiye,1998,,3.1684966,55.540459,,,,41.169492,,,,,,,,,,,,,,,,,,-25.37562604,,,,
Türkiye,1999,,2.9892984,53.729853000000006,,,,38.273442,,,,,,,,,,,,,,,,,,-26.329442279999995,,,,
Türkiye,2000,,2.888246500000001,55.309448,,,,39.021485,,,,,,,,,,,,,,,,,,-13.867822320000002,,,,
Türkiye,2001,,2.9950923000000005,52.48519100000001,,,,36.027008,,,,,,,,,,,,,,,,,,-27.43362832,,,,
Türkiye,2002,,3.2435038,49.693522,,,,37.538976,,,,,,,,,,,,,,,,,,-19.412219640000004,91.6,,,
Türkiye,2003,,3.6896793999999993,49.817059,,,,38.694094,,,,,,,,,,,,,,,,,,-16.335350039999994,,,,
Türkiye,2004,,3.860258400000001,52.549477,,,,40.907812,,,,,,,,,,,,,,,,,,-20.332717200000005,,,,
Türkiye,2005,,3.6328692,52.454178,,,,43.099582,,,,,,,,,,,,,,,,,,-22.5,,,,
Türkiye,2006,1.375234902,3.5195317,51.218857,,,,44.429547,,,,,,,,,,,,,,,,,,-20.0,,,,
Türkiye,2007,,3.546359900000001,50.958242,,,,45.218814,,,,,,,,,,,,,,,,,,-22.682445759999997,,,,100.0
Türkiye,2008,,3.463436,49.62133800000001,47.85864258000001,39.26117706,43.55990982,45.169485,,,,,,,,,,,,,,,,,,-21.237864079999994,,,,100.0
Türkiye,2009,,3.1173199999999994,46.35307100000001,46.37064169999999,40.99503326,43.68283748,44.217296,,,,,,,,,,,,,,,,,,-20.148,,,,94.8
Türkiye,2010,0.0,3.545587999999998,46.441759,45.03310967,41.221649170000006,43.12737942,46.10617,,,,,,,,,,,,,,,,,,-19.648,,,,94.0
Türkiye,2011,,3.540846,46.651095,44.673658370000005,42.25389862,43.463778495,49.785207,,,,,,,,,,,,,,,,,,-23.33,,,42.38,89.4
Türkiye,2012,,3.432570000000002,45.402516,43.35981559999999,35.426502230000004,39.393158915,51.113511,,,,,,,,,,,,,,,,,,-23.319999999999997,71.6,,,92.4
Türkiye,2013,,3.403941,44.72170599999999,42.5022316,33.01894378,37.76058769,54.146614,,,,,,,,,,,,,,,,,,-23.166,,,,95.4
Türkiye,2014,1.197095568,3.3031869999999994,44.371059,43.09796905,38.04520797,40.57158851,55.192877,,,,,,,,,,,,,,,,,,-18.977999999999994,,32.0,,97.6
Türkiye,2015,,3.0726809999999998,43.478771,42.07794952,42.45382309,42.265886305,56.654058,,,,,,,,,,,,,,,,,,-19.867999999999995,70.2,,,93.2
Türkiye,2016,,2.8953380000000024,43.005653,41.26080704,45.47603226,43.36841964999999,57.042406,,,,,,,,,,,,,,,,,,-17.799999999999997,,,,90.4
Türkiye,2017,,2.4521729999999984,42.386597,40.50645064999999,46.24891663,43.37768363999999,59.260344,,,,,,,,,,,,,,,,,,-18.914,70.2,,,94.8
Türkiye,2018,7.016422478,2.0822889999999994,41.578339,40.199996940000005,44.5,42.34999847,59.186959,,,,,,,,,,,,,,,,,,-14.445999999999998,,,,84.4
Türkiye,2019,,2.284642999999999,39.561657,39.30800629000001,44.85195160000001,42.079978945000015,58.17835,,,,,,,,,,,,,,,,,,-10.986000000000004,65.2,,,64.6
Türkiye,2020,,,,39.39999771,41.70000077,40.54999924,61.370788,,,,,,,,,,,,,,,,,,-1.3020000000000067,,6.0,30.40000000000001,64.6
Türkiye,2021,,1.211112,40.307167,,,,64.003557,,,,,,,,,,,,,,,,,,-9.182000000000002,65.4,,,64.6
Türkiye,2022,,0.552112000000001,39.280525,,,,65.204019,,,,,,,,,,,,,,,,,,-11.456000000000005,,,,64.8
Türkiye,2023,,0.3000125899999979,39.0197258,36.97109223,42.07077597999999,39.520934105,67.541394,18.2,17.4,3.9,68.0,0.0,0.0,0.0,0.0,0.0,100.0,43.3,64.4,53.5,52.2,53.0,48.4,-3.7,-7.7039999999999935,65.2,,,
Türkiye,2024,,0.2142200469970703,38.572052001953125,36.643196110000005,41.48796272,39.065579415,68.713382,,,,,,,,,,,,,,,,,,-4.518000000000001,,,,
United Kingdom,1970,46.21326819,,,,,,112.099526,,,,,,,,,,,,,,,,,,,,,,
United Kingdom,1971,45.7204564,,,,,,111.080862,,,,,,,,,,,,,,,,,,,,,,
United Kingdom,1972,45.40677292,,,,,,110.105967,,,,,,,,,,,,,,,,,,,,,,
United Kingdom,1973,46.08065245,,,,,,112.319104,,,,,,,,,,,,,,,,,,,,,,
United Kingdom,1974,43.75379646,,,,,,110.256767,,,,,,,,,,,,,,,,,,,,,,
United Kingdom,1975,38.75753689,,,,,,110.132006,,,,,,,,,,,,,,,,,,,,,,
United Kingdom,1976,35.77712531,,,,,,108.938622,,,,,,,,,,,,,,,,,,,,,,
United Kingdom,1977,35.4022282,,,,,,108.594055,,,,,,,,,,,,,,,,,,,,,,
United Kingdom,1978,36.74291271,,,,,,108.564723,,,,,,,,,,,,,,,,,,,,,,
United Kingdom,1979,37.71498004,,,,,,108.287701,,,,,,,,,,,,,,,,,,,,,,
United Kingdom,1980,36.48054022,,,,,,105.433411,,,,,,,,,,,,,,,,,,,,,,
United Kingdom,1981,34.74231819,,,,,,102.601123,,,,,,,,,,,,,,,,,,,,,,
United Kingdom,1982,35.5515435,,,,,,105.606328,,,,,,,,,,,,,,,,,,,,,,
United Kingdom,1983,34.71464555,,,,,,107.102551,,,,,,,,,,,,,,,,,,-84.246310879,,,,
United Kingdom,1984,35.57340382,,,,,,105.564517,,,,,,,,,,,,,,,,,,-81.02045254000001,,,,
United Kingdom,1985,35.40676751,,,,,,106.012587,,,,,,,,,,,,,,,,,,-79.6493863,,,,
United Kingdom,1986,34.95001168,,,,,,107.631493,,,,,,,,,,,,,,,,,,-78.51998968000001,,,,
United Kingdom,1987,35.00194641,,,,,,109.149643,,,,,,,,,,,,,,,,,,-75.63277948000001,,,,
United Kingdom,1988,34.23393955,,,,,,110.345194,,,,,,,,,,,,,,,,,,-74.45674964,,,,
United Kingdom,1989,33.34817981,,,,,,109.327167,,,,,,,,,,,,,,,,,,-77.86215756000001,,,,
United Kingdom,1990,32.73492835,,,,,,107.514023,,,,,,,,,,,,,,,,,,-75.68061534,,,,
United Kingdom,1991,31.15476274,,,,,,105.111984,,,,,,,,,,,,,,,,,,-75.44331779999999,,,,
United Kingdom,1992,30.05762392,,,,,,104.68814,,,,,,,,,,,,,,,,,,-72.97784730000001,,,,
United Kingdom,1993,29.62817341,,,,,,107.371835,,,,,,,,,,,,,,,,,,-71.10706822,,,,
United Kingdom,1994,28.83145664,,,,,,109.85955,,,,,,,,,,,,,,,,,,-69.17237648,,,,
United Kingdom,1995,28.95024928,,,,,,111.3535,,,,,,,,,,,,,,,,,,-67.76426784,,,,
United Kingdom,1996,28.69959218,,,,,,111.220409,,,,,,,,,,,,,,,,,,-66.43190967999999,,,,
United Kingdom,1997,28.27995563,2.2564889999999984,11.505477999999997,,,,112.973507,,,,,,,,,,,,,,,,,,-64.15449784,,,,
United Kingdom,1998,28.82483656,2.3182550000000006,11.529487000000003,,,,113.805898,,,,,,,,,,,,,,,,,,-64.0342771,,,,
United Kingdom,1999,27.70040443,2.489253999999999,10.851264999999998,,,,113.804966,,,,,,,,,,,,,,,,,,-62.5009877,,,,
United Kingdom,2000,27.62896275,2.197903,10.824348999999998,14.204895019999997,20.938632969999997,17.571763994999998,114.640738,,,,,,,,,,,,,,,,,,-63.88255784,,,,
United Kingdom,2001,27.12394959,1.5902480000000023,10.453880999999996,13.704650880000004,20.72614289000001,17.215396885000004,116.142856,,,,,,,,,,,,,,,,,,-64.28873866,,,,
United Kingdom,2002,26.7976336,0.7185839999999999,10.210586000000006,12.911483759999996,19.98192978000001,16.446706770000006,116.615878,,,,,,,,,,,,,,,,,,-62.09621867999999,64.2,,,
United Kingdom,2003,26.41686074,1.1428070000000012,10.667075999999994,13.10797882,20.058189390000003,16.583084104999998,118.180338,,,,,,,,,,,,,,,,,,-60.724054560000006,,,,
United Kingdom,2004,25.00405572,0.8231850000000023,10.128967000000005,12.3713913,19.27825928,15.824825290000009,117.227504,,,,,,,,,,,,,,,,,,-60.5157151,,,,
United Kingdom,2005,24.35353569,0.4355550000000008,9.925492000000006,12.137725829999994,18.0427475,15.090236664999992,117.017524,,,,,,,,,,,,,,,,,,-59.39162102,,,,
United Kingdom,2006,24.5210945,-0.155432999999995,10.358574000000004,11.51454163000001,20.94923019,16.231885910000003,115.915734,,,,,,,,,,,,,,,,,,-59.1482331,,,,
United Kingdom,2007,24.1608917,-0.3340870000000038,9.972549,11.92298889,21.19710922,16.560049055000007,116.102857,,,,,,,,,,,,,,,,,,-58.41309088,,,,55.6
United Kingdom,2008,24.4155034,-0.1158559999999937,13.541442000000004,11.718696589999992,21.003562929999998,16.361129759999983,115.495761,,,,,,,,,,,,,,,,,,-56.86376078000001,,,,58.8
United Kingdom,2009,22.92288434,-0.246029,11.972511000000011,11.20746613,19.603862769999992,15.405664450000003,114.108986,,,,,,,,,,,,,,,,,,-55.672,,,,49.6
United Kingdom,2010,22.30786268,-0.2156329999999968,12.448219000000009,10.966232299999987,19.130985260000003,15.048608779999997,113.028839,,,,,,,,,,,,,,,,,,-53.922,,,,50.0
United Kingdom,2011,21.70413123,-0.7086910000000017,12.392349999999992,10.7048111,17.870353699999995,14.287582399999993,111.395357,,,,,,,,,,,,,,,,,,-53.822,,,-28.78,44.4
United Kingdom,2012,20.523687,-1.215366000000003,12.567260000000005,10.240196229999995,19.83875656,15.039476394999994,111.480025,,,,,,,,,,,,,,,,,,-52.144000000000005,55.4,,,41.8
United Kingdom,2013,21.25018472,-2.2133370000000028,12.39260800000001,9.917655949999997,18.051155089999995,13.984405519999996,111.411758,,,,,,,,,,,,,,,,,,-52.056,,,,44.2
United Kingdom,2014,19.98516321,-2.589290999999996,11.779670999999992,9.435462950000002,18.039932249999996,13.73769759999999,112.314134,,,,,,,,,,,,,,,,,,-52.586000000000006,,54.0,,41.2
United Kingdom,2015,19.71189181,-1.440178000000003,12.277564999999996,9.231124879999996,16.523918159999994,12.877521519999988,111.680689,,,,,,,,,,,,,,,,,,-52.368,41.2,,,33.8
United Kingdom,2016,19.59101959,-1.126540999999996,11.820594999999996,8.618560790000004,17.57952881,13.0990448,111.846621,,,,,,,,,,,,,,,,,,-51.908,,,,29.8
United Kingdom,2017,19.30437212,-2.292546000000001,11.074996999999996,7.6613617,17.390747070000003,12.526054384999997,112.19435,,,,,,,,,,,,,,,,,,-53.018,40.0,,,27.200000000000003
United Kingdom,2018,19.48034464,-3.980319999999999,10.337333999999998,7.700004579999998,16.599998470000003,12.150001524999992,111.424398,,,,,,,,,,,,,,,,,,-53.03999999999999,,,,26.200000000000003
United Kingdom,2019,18.39473684,-4.158245086669922,9.721031188964844,7.208152769999998,15.806480410000006,11.507316590000002,111.012128,,,,,,,,,,,,,,,,,,-52.094,36.0,,,27.200000000000003
United Kingdom,2020,15.17360191,-5.033561706542969,8.561500549316406,,,,104.246465,,,,,,,,,,,,,,,,,,-51.554,,39.0,-31.28,30.40000000000001
United Kingdom,2021,16.82254965,-4.197818756103516,7.918312072753906,6.28512572999999,11.281333920000009,8.783229825000006,106.479403,,,,,,,,,,,,,,,,,,-50.694,32.2,,,30.40000000000001
United Kingdom,2022,16.01133983,-3.789649963378906,8.446342468261719,6.271736140000002,11.55001068,8.910873410000008,108.098245,,,,,,,,,,,,,,,,,,-48.87799999999999,,,,30.40000000000001
United Kingdom,2023,15.05488157,-3.4602928161621094,8.01416015625,6.625953670000001,10.674575810000007,8.650264740000011,105.859732,36.8,34.6,,30.1,0.0,0.0,0.0,0.0,25.0,0.0,,68.0,8.8,4.6,21.0,8.2,-1.3,-47.928,31.0,,,
United Kingdom,2024,16.10406364,-4.618129730224609,7.525550842285156,5.601051330000004,9.907524109999995,7.7542877199999936,104.718074,,,,,,,,,,,,,,,,,,-46.092000000000006,,,,
United States,1970,,,,,,,138.274137,,,,,,,,,,,,,,,,,,,,,,
United States,1971,,,,,,,137.73803,,,,,,,,,,,,,,,,,,,,,,
United States,1972,,,,,,,137.615712,,,,,,,,,,,,,,,,,,,,,,
United States,1973,38.42364532,,,,,,137.193543,,,,,,,,,,,,,,,,,,,,,,
United States,1974,38.0733945,,,,,,135.018323,,,,,,,,,,,,,,,,,,,,,,
United States,1975,37.28813559,,,,,,134.174702,,,,,,,,,,,,,,,,,,,,,,
United States,1976,36.65338645,,,,,,134.718735,,,,,,,,,,,,,,,,,,,,,,
United States,1977,37.26937269,,,,,,135.823162,,,,,,,,,,,,,,,,,,,,,,
United States,1978,37.24137931,,,,,,137.100011,,,,,,,,,,,,,,,,,,,,,,
United States,1979,36.67711599,,,,,,135.947101,,,,,,,,,,,,,,,,,,,,,,
United States,1980,35.65217391,,,,,,133.625617,,,,,,,,,,,,,,,,,,,,,,
United States,1981,34.31635389,7.932899000000001,26.065008,,,,133.850111,,,,,,,,,,,,,,,,,,,,,,
United States,1982,32.99748111,8.110679000000001,24.278592000000003,,,,131.095842,,,,,,,,,,,,,,,,,,,,,,
United States,1983,32.22512582,8.223337999999998,22.381106000000003,,,,133.032156,,,,,,,,,,,,,,,,,,,,,,
United States,1984,31.08667349,7.642788999999997,22.34072,,,,135.982602,,,,,,,,,,,,,,,,,,,,,,
United States,1985,30.41261322,7.324296999999998,21.409816,,,,136.445311,,,,,,,,,,,,,,,,,,,,,,
United States,1986,29.57460592,6.959755999999999,20.365243000000007,,,,136.864368,,,,,,,,,,,,,,,,,,,,,,
United States,1987,28.54845783,6.894576000000001,19.771083,,,,136.391504,,,,,,,,,,,,,,,,,,,,,,
United States,1988,27.37160366,6.920269000000001,18.793713,,,,135.792248,,,,,,,,,,,,,,,,,,,,,,
United States,1989,28.70675453,6.128247999999999,18.179946,,,,135.468823,,,,,,,,,,,,,,,,,,,,,,
United States,1990,27.89302092,5.623261999999997,17.553129,,,,133.556617,,,,,,,,,,,,,,,,,,,,,,
United States,1991,26.38864826,4.776857,16.208875000000006,,,,130.851545,,,,,,,,,,,,,,,,,,,,,,
United States,1992,24.94487975,3.386123999999999,15.124268,,,,131.765757,,,,,,,,,,,,,,,,,,,,,,
United States,1993,23.9601872,3.460402000000002,14.533287,,,,132.743542,,,,,,,,,,,,,,,,,,,,,,
United States,1994,27.12369598,2.993641,13.612533,,,,133.342552,,,,,,,,,,,,,,,,,,,,,,
United States,1995,26.64670659,3.186390000000003,13.754891,,,,132.845404,,,,,,,,,,,,,,,,,,,,,,
United States,1996,25.83941606,1.5235330000000005,13.268517000000005,,,,132.946314,,,,,,,,,,,,,,,,,,,,,,
United States,1997,25.87412587,1.0867389999999943,13.066519999999995,,,,133.22893,,,,,,,,,,,,,,,,,,,,,,
United States,1998,26.0,1.2102509999999995,13.352210999999995,,,,134.617094,,,,,,,,,,,,,,,,,,,,,,
United States,1999,26.62420382,1.4790199999999984,13.455955000000005,,,,135.954422,,,,,,,,,,,,,,,,,,,,,,
United States,2000,26.98412698,0.7500339999999994,12.781395000000003,10.774368280000004,24.138717650000004,17.456542964999997,135.349267,,,,,,,,,,,,,,,,,,,,,,
United States,2001,27.08333333,0.0387109999999992,12.663697,10.401359560000005,23.77470779,17.08803367499999,134.376299,,,,,,,,,,,,,,,,,,,,,,
United States,2002,25.59456399,-0.3325499999999977,12.226112,10.187545780000008,24.00489807,17.09622192500001,134.205087,,,,,,,,,,,,,,,,,,,72.0,,,
United States,2003,24.49888641,-1.0149650000000037,11.667343000000002,9.98718262,24.66910553000001,17.32814407500001,134.816056,,,,,,,,,,,,,,,,,,,,,,
United States,2004,24.45887446,-1.208034000000005,12.051459999999992,9.895996090000011,24.88250732,17.389251705000007,135.203859,,,,,,,,,,,,,,,,,,,,,,
United States,2005,22.99465241,-2.176804000000004,12.869040999999996,9.766662589999996,25.25876236000001,17.512712475,135.657474,,,,,,,,,,,,,,,,,,,,,,
United States,2006,23.6869207,-2.257721000000004,12.710722999999987,9.88045502,24.603450780000003,17.2419529,134.80191,,,,,,,,,,,,,,,,,,,,,,
United States,2007,21.86588921,-2.9631800000000013,12.358940000000004,9.648063659999991,25.25627136,17.452167509999995,133.599002,,,,,,,,,,,,,,,,,,,,,,
United States,2008,23.36103416,-3.482128000000003,11.377083000000011,9.084045410000002,24.29734802,16.690696715,132.958769,,,,,,,,,,,,,,,,,,,,,,
United States,2009,24.03508772,-4.422089,8.773513999999992,8.67552185000001,22.904151910000003,15.78983688000001,133.893249,,,,,,,,,,,,,,,,,,,,,,
United States,2010,21.61204606,-4.687263999999999,8.862197999999992,8.45780945,22.46206665,15.459938049999993,133.130827,,,,,,,,,,,,,,,,,,,,,,
United States,2011,21.15384615,-4.332619000000001,9.598190000000002,8.216056820000006,23.000900269999995,15.608478544999995,132.191885,,,,,,,,,,,,,,,,,,,,,-13.0,
United States,2012,21.99661591,-4.253478999999999,10.542649000000011,8.556671139999992,22.309532170000004,15.433101654999987,133.144938,,,,,,,,,,,,,,,,,,,66.0,,,
United States,2013,22.04658902,-5.009063999999995,11.198662,8.473594660000003,23.017269130000003,15.745431894999996,133.476411,,,,,,,,,,,,,,,,,,,,,,
United States,2014,22.12096106,-5.447963999999999,10.975632000000004,8.216796880000004,23.650741579999995,15.933769229999996,133.673529,,,,,,,,,,,,,,,,,,,,,,
United States,2015,23.77622378,-5.676617,11.817887,8.162086490000007,24.31116104,16.23662376500001,133.887385,,,,,,,,,,,,,,,,,,,61.2,,,
United States,2016,20.48286604,-5.791049999999999,11.635398999999992,8.246292120000007,23.30616377999999,15.776227950000006,133.608331,,,,,,,,,,,,,,,,,,,,,,
United States,2017,20.89665654,-6.506359000000003,10.99426299999999,7.905860900000007,23.01425552,15.46005821,133.09433,,,,,,,,,,,,,,,,,,,61.8,,,
United States,2018,21.02973169,-6.1224790000000056,11.560905000000004,7.899993899999998,22.10000229,14.99999809500001,133.887005,,,,,,,,,,,,,,,,,,,,,,
United States,2019,21.11498258,-6.510452000000001,11.383926000000002,7.59403992,22.68838501,15.141212464999995,135.131189,,,,,,,,,,,,,,,,,,,53.0,,,
United States,2020,19.40199336,-6.864495000000005,10.397780999999997,7.29576874,22.806537629999998,15.05115318499999,137.699985,,,,,,,,,,,,,,,,,,,,,-14.260000000000003,
United States,2021,17.73879142,-8.137183999999998,9.794662000000002,7.249366760000001,23.330734260000007,15.29005051,137.641748,,,,,,,,,,,,,,,,,,,45.4,,,
United States,2022,21.6152019,-8.077156000000002,10.28035,7.215713499999993,22.11849975,14.667106624999988,136.789593,,,,,,,,,,,,,,,,,,,,,,
United States,2023,17.90697674,-7.926670080000001,9.69155121,6.602684030000006,20.63394928000001,13.618316655000015,138.116541,41.4,28.7,,48.8,0.0,0.0,0.0,0.0,25.0,75.0,10.0,70.3,16.5,5.2,20.8,12.7,-1.4000000000000004,,41.2,,,
United States,2024,19.44444444,,,6.31581116000001,19.994354239999996,13.155082699999994,139.030873,,,,,,,,,,,,,,,,,,,,,,
